,customerid,gender,seniorcitizen,partner,dependents,tenure,phoneservice,multiplelines,internetservice,onlinesecurity,onlinebackup,deviceprotection,techsupport,streamingtv,streamingmovies,contract,paperlessbilling,paymentmethod,monthlycharges,totalcharges,churn
0,7590-vhveg,female,0,1,0,1,0,no_phone_service,dsl,no,yes,no,no,no,no,month-to-month,1,electronic_check,29.85,29.85,0
1,5575-gnvde,male,0,0,0,34,1,no,dsl,yes,no,yes,no,no,no,one_year,0,mailed_check,56.95,1889.5,0
2,3668-qpybk,male,0,0,0,2,1,no,dsl,yes,yes,no,no,no,no,month-to-month,1,mailed_check,53.85,108.15,1
3,7795-cfocw,male,0,0,0,45,0,no_phone_service,dsl,yes,no,yes,yes,no,no,one_year,0,bank_transfer_(automatic),42.3,1840.75,0
4,9237-hqitu,female,0,0,0,2,1,no,fiber_optic,no,no,no,no,no,no,month-to-month,1,electronic_check,70.7,151.65,1
5,9305-cdskc,female,0,0,0,8,1,yes,fiber_optic,no,no,yes,no,yes,yes,month-to-month,1,electronic_check,99.65,820.5,1
6,1452-kiovk,male,0,0,1,22,1,yes,fiber_optic,no,yes,no,no,yes,no,month-to-month,1,credit_card_(automatic),89.1,1949.4,0
7,6713-okomc,female,0,0,0,10,0,no_phone_service,dsl,yes,no,no,no,no,no,month-to-month,0,mailed_check,29.75,301.9,0
8,7892-pookp,female,0,1,0,28,1,yes,fiber_optic,no,no,yes,yes,yes,yes,month-to-month,1,electronic_check,104.8,3046.05,1
9,6388-tabgu,male,0,0,1,62,1,no,dsl,yes,yes,no,no,no,no,one_year,0,bank_transfer_(automatic),56.15,3487.95,0
10,9763-grskd,male,0,1,1,13,1,no,dsl,yes,no,no,no,no,no,month-to-month,1,mailed_check,49.95,587.45,0
11,7469-lkbci,male,0,0,0,16,1,no,no,no_internet_service,no_internet_service,no_internet_service,no_internet_service,no_internet_service,no_internet_service,two_year,0,credit_card_(automatic),18.95,326.8,0
12,8091-ttvax,male,0,1,0,58,1,yes,fiber_optic,no,no,yes,no,yes,yes,one_year,0,credit_card_(automatic),100.35,5681.1,0
13,0280-xjgex,male,0,0,0,49,1,yes,fiber_optic,no,yes,yes,no,yes,yes,month-to-month,1,bank_transfer_(automatic),103.7,5036.3,1
14,5129-jlpis,male,0,0,0,25,1,no,fiber_optic,yes,no,yes,yes,yes,yes,month-to-month,1,electronic_check,105.5,2686.05,0
15,3655-snqyz,female,0,1,1,69,1,yes,fiber_optic,yes,yes,yes,yes,yes,yes,two_year,0,credit_card_(automatic),113.25,7895.15,0
16,8191-xwszg,female,0,0,0,52,1,no,no,no_internet_service,no_internet_service,no_internet_service,no_internet_service,no_internet_service,no_internet_service,one_year,0,mailed_check,20.65,1022.95,0
17,9959-wofkt,male,0,0,1,71,1,yes,fiber_optic,yes,no,yes,no,yes,yes,two_year,0,bank_transfer_(automatic),106.7,7382.25,0
18,4190-mfluw,female,0,1,1,10,1,no,dsl,no,no,yes,yes,no,no,month-to-month,0,credit_card_(automatic),55.2,528.35,1
19,4183-myfrb,female,0,0,0,21,1,no,fiber_optic,no,yes,yes,no,no,yes,month-to-month,1,electronic_check,90.05,1862.9,0
20,8779-qrdmv,male,1,0,0,1,0,no_phone_service,dsl,no,no,yes,no,no,yes,month-to-month,1,electronic_check,39.65,39.65,1
21,1680-vdcww,male,0,1,0,12,1,no,no,no_internet_service,no_internet_service,no_internet_service,no_internet_service,no_internet_service,no_internet_service,one_year,0,bank_transfer_(automatic),19.8,202.25,0
22,1066-jksgk,male,0,0,0,1,1,no,no,no_internet_service,no_internet_service,no_internet_service,no_internet_service,no_internet_service,no_internet_service,month-to-month,0,mailed_check,20.15,20.15,1
23,3638-weabw,female,0,1,0,58,1,yes,dsl,no,yes,no,yes,no,no,two_year,1,credit_card_(automatic),59.9,3505.1,0
24,6322-hrpfa,male,0,1,1,49,1,no,dsl,yes,yes,no,yes,no,no,month-to-month,0,credit_card_(automatic),59.6,2970.3,0
25,6865-jznko,female,0,0,0,30,1,no,dsl,yes,yes,no,no,no,no,month-to-month,1,bank_transfer_(automatic),55.3,1530.6,0
26,6467-chfzw,male,0,1,1,47,1,yes,fiber_optic,no,yes,no,no,yes,yes,month-to-month,1,electronic_check,99.35,4749.15,1
27,8665-utdhz,male,0,1,1,1,0,no_phone_service,dsl,no,yes,no,no,no,no,month-to-month,0,electronic_check,30.2,30.2,1
28,5248-ygijn,male,0,1,0,72,1,yes,dsl,yes,yes,yes,yes,yes,yes,two_year,1,credit_card_(automatic),90.25,6369.45,0
29,8773-hhuoz,female,0,0,1,17,1,no,dsl,no,no,no,no,yes,yes,month-to-month,1,mailed_check,64.7,1093.1,1
30,3841-nfecx,female,1,1,0,71,1,yes,fiber_optic,yes,yes,yes,yes,no,no,two_year,1,credit_card_(automatic),96.35,6766.95,0
31,4929-xihvw,male,1,1,0,2,1,no,fiber_optic,no,no,yes,no,yes,yes,month-to-month,1,credit_card_(automatic),95.5,181.65,0
32,6827-ieauq,female,0,1,1,27,1,no,dsl,yes,yes,yes,yes,no,no,one_year,0,mailed_check,66.15,1874.45,0
33,7310-egvhz,male,0,0,0,1,1,no,no,no_internet_service,no_internet_service,no_internet_service,no_internet_service,no_internet_service,no_internet_service,month-to-month,0,bank_transfer_(automatic),20.2,20.2,0
34,3413-bmnze,male,1,0,0,1,1,no,dsl,no,no,no,no,no,no,month-to-month,0,bank_transfer_(automatic),45.25,45.25,0
35,6234-raapl,female,0,1,1,72,1,yes,fiber_optic,yes,yes,no,yes,yes,no,two_year,0,bank_transfer_(automatic),99.9,7251.7,0
36,6047-yhpvi,male,0,0,0,5,1,no,fiber_optic,no,no,no,no,no,no,month-to-month,1,electronic_check,69.7,316.9,1
37,6572-adkrs,female,0,0,0,46,1,no,fiber_optic,no,no,yes,no,no,no,month-to-month,1,credit_card_(automatic),74.8,3548.3,0
38,5380-wjkov,male,0,0,0,34,1,yes,fiber_optic,no,yes,yes,no,yes,yes,month-to-month,1,electronic_check,106.35,3549.25,1
39,8168-uqwwf,female,0,0,0,11,1,yes,fiber_optic,no,no,yes,no,yes,yes,month-to-month,1,bank_transfer_(automatic),97.85,1105.4,1
40,8865-tnmnx,male,0,1,1,10,1,no,dsl,no,yes,no,no,no,no,one_year,0,mailed_check,49.55,475.7,0
41,9489-dedvp,female,0,1,1,70,1,yes,dsl,yes,yes,no,no,yes,no,two_year,1,credit_card_(automatic),69.2,4872.35,0
42,9867-jczsp,female,0,1,1,17,1,no,no,no_internet_service,no_internet_service,no_internet_service,no_internet_service,no_internet_service,no_internet_service,one_year,0,mailed_check,20.75,418.25,0
43,4671-vjlcl,female,0,0,0,63,1,yes,dsl,yes,yes,yes,yes,yes,no,two_year,1,credit_card_(automatic),79.85,4861.45,0
44,4080-iiard,female,0,1,0,13,1,yes,dsl,yes,yes,no,yes,yes,no,month-to-month,1,electronic_check,76.2,981.45,0
45,3714-ntnfo,female,0,0,0,49,1,yes,fiber_optic,no,no,no,no,no,yes,month-to-month,1,electronic_check,84.5,3906.7,0
46,5948-ujzlf,male,0,0,0,2,1,no,dsl,no,yes,no,no,no,no,month-to-month,0,mailed_check,49.25,97.0,0
47,7760-oypdy,female,0,0,0,2,1,no,fiber_optic,no,no,no,no,yes,no,month-to-month,1,electronic_check,80.65,144.15,1
48,7639-liayi,male,0,0,0,52,1,yes,dsl,yes,no,no,yes,yes,yes,two_year,1,credit_card_(automatic),79.75,4217.8,0
49,2954-pibko,female,0,1,1,69,1,yes,dsl,yes,no,yes,yes,no,no,two_year,1,credit_card_(automatic),64.15,4254.1,0
50,8012-soudq,female,1,0,0,43,1,yes,fiber_optic,no,yes,no,no,yes,no,month-to-month,1,electronic_check,90.25,3838.75,0
51,9420-lojkx,female,0,0,0,15,1,no,fiber_optic,yes,yes,no,no,yes,yes,month-to-month,1,credit_card_(automatic),99.1,1426.4,1
52,6575-suvoi,female,1,1,0,25,1,yes,dsl,yes,no,no,yes,yes,no,month-to-month,1,credit_card_(automatic),69.5,1752.65,0
53,7495-ookfy,female,1,1,0,8,1,yes,fiber_optic,no,yes,no,no,no,no,month-to-month,1,credit_card_(automatic),80.65,633.3,1
54,4667-qonea,female,1,1,1,60,1,no,dsl,yes,yes,yes,yes,no,yes,one_year,1,credit_card_(automatic),74.85,4456.35,0
55,1658-bygoy,male,1,0,0,18,1,yes,fiber_optic,no,no,no,no,yes,yes,month-to-month,1,electronic_check,95.45,1752.55,1
56,8769-kktph,female,0,1,1,63,1,yes,fiber_optic,yes,no,no,no,yes,yes,one_year,1,credit_card_(automatic),99.65,6311.2,0
57,5067-xjqfu,male,1,1,1,66,1,yes,fiber_optic,no,yes,yes,yes,yes,yes,one_year,1,electronic_check,108.45,7076.35,0
58,3957-sqxml,female,0,1,1,34,1,yes,no,no_internet_service,no_internet_service,no_internet_service,no_internet_service,no_internet_service,no_internet_service,two_year,0,credit_card_(automatic),24.95,894.3,0
59,5954-bdfsg,female,0,0,0,72,1,yes,fiber_optic,no,no,yes,yes,yes,yes,two_year,1,credit_card_(automatic),107.5,7853.7,0
60,0434-csfon,female,0,1,0,47,1,yes,fiber_optic,no,no,yes,no,yes,yes,month-to-month,1,electronic_check,100.5,4707.1,0
61,1215-figmp,male,0,0,0,60,1,yes,fiber_optic,no,yes,no,no,yes,no,month-to-month,1,bank_transfer_(automatic),89.9,5450.7,0
62,0526-sxdjp,male,0,1,0,72,0,no_phone_service,dsl,yes,yes,yes,no,no,no,two_year,0,bank_transfer_(automatic),42.1,2962.0,0
63,0557-askvu,female,0,1,1,18,1,no,dsl,no,no,yes,yes,no,no,one_year,1,credit_card_(automatic),54.4,957.1,0
64,5698-bqjoh,female,0,0,0,9,1,yes,fiber_optic,no,no,no,no,yes,yes,month-to-month,0,electronic_check,94.4,857.25,1
65,5122-cyfxa,female,0,0,0,3,1,no,dsl,no,yes,no,yes,yes,yes,month-to-month,1,electronic_check,75.3,244.1,0
66,8627-zygsz,male,0,1,0,47,1,yes,fiber_optic,no,yes,no,no,no,no,one_year,1,electronic_check,78.9,3650.35,0
67,3410-yoqbq,female,0,0,0,31,1,no,dsl,no,yes,yes,yes,yes,yes,two_year,0,mailed_check,79.2,2497.2,0
68,3170-nmyvv,female,0,1,1,50,1,no,no,no_internet_service,no_internet_service,no_internet_service,no_internet_service,no_internet_service,no_internet_service,two_year,0,bank_transfer_(automatic),20.15,930.9,0
69,7410-oiedu,male,0,0,0,10,1,no,fiber_optic,yes,no,yes,no,no,no,month-to-month,1,mailed_check,79.85,887.35,0
70,2273-qckxa,male,0,0,0,1,1,no,dsl,no,no,no,yes,no,no,month-to-month,0,mailed_check,49.05,49.05,0
71,0731-ebjqb,female,0,1,1,52,1,no,no,no_internet_service,no_internet_service,no_internet_service,no_internet_service,no_internet_service,no_internet_service,one_year,1,electronic_check,20.4,1090.65,0
72,1891-qrqsa,male,1,1,1,64,1,yes,fiber_optic,yes,no,yes,yes,yes,yes,two_year,1,bank_transfer_(automatic),111.6,7099.0,0
73,8028-pnxhq,male,0,1,1,62,1,yes,no,no_internet_service,no_internet_service,no_internet_service,no_internet_service,no_internet_service,no_internet_service,two_year,1,bank_transfer_(automatic),24.25,1424.6,0
74,5630-ahzil,female,0,0,1,3,1,no,dsl,yes,no,no,yes,no,yes,month-to-month,1,bank_transfer_(automatic),64.5,177.4,0
75,2673-cxqeu,female,1,0,0,56,1,yes,fiber_optic,yes,yes,yes,no,yes,yes,one_year,0,electronic_check,110.5,6139.5,0
76,6416-jnvrk,female,0,0,0,46,1,no,dsl,no,no,no,no,no,yes,one_year,0,credit_card_(automatic),55.65,2688.85,0
77,5590-zskrv,female,0,1,1,8,1,no,dsl,yes,yes,no,no,no,no,month-to-month,0,mailed_check,54.65,482.25,0
78,0191-zhskz,male,1,0,0,30,1,no,dsl,yes,yes,no,no,yes,yes,month-to-month,1,electronic_check,74.75,2111.3,0
79,3887-pbqao,female,0,1,1,45,1,yes,no,no_internet_service,no_internet_service,no_internet_service,no_internet_service,no_internet_service,no_internet_service,one_year,1,credit_card_(automatic),25.9,1216.6,0
80,5919-tmrgd,female,0,0,1,1,1,no,fiber_optic,no,no,no,no,yes,no,month-to-month,1,electronic_check,79.35,79.35,1
81,8108-uxrqn,female,0,1,1,11,0,no_phone_service,dsl,yes,no,no,no,yes,yes,month-to-month,0,electronic_check,50.55,565.35,0
82,9191-myqkx,female,0,1,0,7,1,no,fiber_optic,no,no,yes,no,no,no,month-to-month,1,bank_transfer_(automatic),75.15,496.9,1
83,9919-ylnng,female,0,0,0,42,1,no,fiber_optic,no,yes,yes,yes,yes,yes,month-to-month,1,bank_transfer_(automatic),103.8,4327.5,0
84,0318-zopws,female,0,1,0,49,1,no,no,no_internet_service,no_internet_service,no_internet_service,no_internet_service,no_internet_service,no_internet_service,two_year,1,bank_transfer_(automatic),20.15,973.35,0
85,4445-zjnmu,male,0,0,0,9,1,yes,fiber_optic,no,yes,no,no,yes,yes,month-to-month,1,credit_card_(automatic),99.3,918.75,0
86,4808-ynleu,female,0,1,0,35,1,no,dsl,yes,no,no,no,yes,no,one_year,1,bank_transfer_(automatic),62.15,2215.45,0
87,1862-qrwpe,female,0,1,1,48,1,no,no,no_internet_service,no_internet_service,no_internet_service,no_internet_service,no_internet_service,no_internet_service,two_year,0,bank_transfer_(automatic),20.65,1057.0,0
88,2796-nnufi,female,0,1,1,46,1,no,no,no_internet_service,no_internet_service,no_internet_service,no_internet_service,no_internet_service,no_internet_service,two_year,1,mailed_check,19.95,927.1,0
89,3016-ksvcp,male,0,1,0,29,0,no_phone_service,dsl,no,no,no,no,yes,no,month-to-month,0,mailed_check,33.75,1009.25,0
90,4767-hzzhq,male,0,1,1,30,1,no,fiber_optic,no,yes,yes,no,no,no,month-to-month,0,bank_transfer_(automatic),82.05,2570.2,0
91,2424-wvhpl,male,1,0,0,1,1,no,fiber_optic,no,no,no,yes,no,no,month-to-month,0,electronic_check,74.7,74.7,0
92,7233-pahhl,male,0,1,1,66,1,yes,dsl,yes,no,yes,yes,yes,yes,two_year,1,mailed_check,84.0,5714.25,0
93,6067-ngceu,female,0,0,0,65,1,yes,fiber_optic,yes,yes,yes,no,yes,yes,month-to-month,1,credit_card_(automatic),111.05,7107.0,0
94,9848-jqjtx,male,0,0,0,72,1,yes,fiber_optic,no,yes,yes,no,yes,yes,two_year,1,bank_transfer_(automatic),100.9,7459.05,0
95,8637-xjivr,female,0,0,0,12,1,yes,fiber_optic,yes,no,no,no,no,no,month-to-month,1,electronic_check,78.95,927.35,1
96,9803-ftjcg,male,0,1,1,71,1,yes,dsl,yes,yes,no,yes,no,no,one_year,1,credit_card_(automatic),66.85,4748.7,0
97,0278-yxoog,male,0,0,0,5,1,no,no,no_internet_service,no_internet_service,no_internet_service,no_internet_service,no_internet_service,no_internet_service,month-to-month,0,mailed_check,21.05,113.85,1
98,3212-kxocr,male,0,0,0,52,1,no,no,no_internet_service,no_internet_service,no_internet_service,no_internet_service,no_internet_service,no_internet_service,two_year,0,bank_transfer_(automatic),21.0,1107.2,0
99,4598-xlknj,female,1,1,0,25,1,no,fiber_optic,no,yes,yes,no,yes,yes,month-to-month,1,electronic_check,98.5,2514.5,1
100,6380-arceh,male,0,0,0,1,1,no,no,no_internet_service,no_internet_service,no_internet_service,no_internet_service,no_internet_service,no_internet_service,month-to-month,0,mailed_check,20.2,20.2,0
101,3679-xaspy,female,0,1,1,1,1,no,no,no_internet_service,no_internet_service,no_internet_service,no_internet_service,no_internet_service,no_internet_service,month-to-month,0,electronic_check,19.45,19.45,0
102,7123-wquhx,male,0,0,0,38,1,yes,fiber_optic,no,no,yes,yes,yes,no,one_year,0,bank_transfer_(automatic),95.0,3605.6,0
103,5386-thslq,female,1,1,0,66,0,no_phone_service,dsl,no,yes,yes,no,yes,no,one_year,0,bank_transfer_(automatic),45.55,3027.25,0
104,3192-nqeca,male,0,1,0,68,1,yes,fiber_optic,no,yes,yes,yes,yes,yes,two_year,1,bank_transfer_(automatic),110.0,7611.85,1
105,6180-ybiqi,male,0,0,0,5,0,no_phone_service,dsl,no,no,no,no,no,no,month-to-month,0,mailed_check,24.3,100.2,0
106,6728-dkuco,female,0,1,1,72,1,yes,fiber_optic,yes,yes,no,no,yes,yes,one_year,1,electronic_check,104.15,7303.05,0
107,9750-boohv,female,0,0,0,32,0,no_phone_service,dsl,yes,no,no,no,no,no,one_year,0,mailed_check,30.15,927.65,0
108,8597-cwyhh,male,0,0,0,43,1,yes,fiber_optic,no,no,no,no,yes,yes,one_year,0,mailed_check,94.35,3921.3,0
109,2848-yxsmw,male,0,1,1,72,1,no,no,no_internet_service,no_internet_service,no_internet_service,no_internet_service,no_internet_service,no_internet_service,two_year,0,credit_card_(automatic),19.4,1363.25,0
110,0486-heczi,male,0,1,0,55,1,yes,fiber_optic,yes,yes,no,no,yes,no,month-to-month,1,electronic_check,96.75,5238.9,1
111,4549-zdqyy,female,0,0,0,52,1,no,dsl,yes,no,yes,yes,no,no,one_year,0,credit_card_(automatic),57.95,3042.25,0
112,5712-ahqnn,female,0,0,0,43,1,no,fiber_optic,no,yes,yes,no,yes,no,month-to-month,1,electronic_check,91.65,3954.1,0
113,4846-whafz,female,1,1,0,37,1,yes,fiber_optic,no,no,no,no,no,no,month-to-month,1,electronic_check,76.5,2868.15,1
114,5256-skjgo,female,0,1,1,64,0,no_phone_service,dsl,no,yes,no,yes,yes,yes,two_year,1,electronic_check,54.6,3423.5,0
115,3071-vbypo,male,0,1,1,3,1,no,fiber_optic,yes,yes,no,no,yes,no,month-to-month,0,electronic_check,89.85,248.4,0
116,9560-bbzxk,female,0,0,0,36,0,no_phone_service,dsl,yes,no,no,no,no,no,two_year,0,bank_transfer_(automatic),31.05,1126.35,0
117,5299-ruloa,female,0,1,1,10,1,yes,fiber_optic,yes,no,no,no,yes,yes,month-to-month,1,electronic_check,100.25,1064.65,1
118,8402-ooohj,female,0,0,0,41,1,no,no,no_internet_service,no_internet_service,no_internet_service,no_internet_service,no_internet_service,no_internet_service,two_year,0,mailed_check,20.65,835.15,0
119,9445-zueqe,male,0,1,1,27,1,yes,fiber_optic,no,yes,no,yes,no,no,month-to-month,1,credit_card_(automatic),85.2,2151.6,0
120,1091-sozga,female,0,1,1,56,1,yes,fiber_optic,no,no,yes,no,yes,yes,one_year,1,credit_card_(automatic),99.8,5515.45,0
121,2928-hldba,female,0,0,0,6,1,no,no,no_internet_service,no_internet_service,no_internet_service,no_internet_service,no_internet_service,no_internet_service,month-to-month,0,mailed_check,20.7,112.75,0
122,0404-swrvg,male,0,0,0,3,1,yes,fiber_optic,no,no,no,no,no,no,month-to-month,1,electronic_check,74.4,229.55,1
123,6497-tilvl,female,0,1,1,7,1,no,dsl,yes,no,no,no,no,no,month-to-month,0,mailed_check,50.7,350.35,0
124,7219-tlzho,female,0,1,1,4,1,no,no,no_internet_service,no_internet_service,no_internet_service,no_internet_service,no_internet_service,no_internet_service,month-to-month,0,mailed_check,20.85,62.9,0
125,4622-ynkij,male,0,0,0,33,1,no,fiber_optic,yes,no,no,yes,yes,no,two_year,1,electronic_check,88.95,3027.65,0
126,4412-yltkf,female,1,0,0,27,1,yes,fiber_optic,no,no,yes,no,no,no,month-to-month,1,electronic_check,78.05,2135.5,1
127,6734-psbaw,male,0,1,0,72,1,yes,no,no_internet_service,no_internet_service,no_internet_service,no_internet_service,no_internet_service,no_internet_service,two_year,1,bank_transfer_(automatic),23.55,1723.95,0
128,3930-zgwve,male,0,0,0,1,1,no,no,no_internet_service,no_internet_service,no_internet_service,no_internet_service,no_internet_service,no_internet_service,month-to-month,0,mailed_check,19.75,19.75,0
129,2639-ugmaz,male,1,0,0,71,0,no_phone_service,dsl,yes,yes,no,no,yes,yes,one_year,1,electronic_check,56.45,3985.35,0
130,2876-gzyzc,female,0,0,0,13,1,yes,fiber_optic,no,no,no,no,no,yes,month-to-month,1,electronic_check,85.95,1215.65,0
131,6207-wiolx,female,0,1,1,25,0,no_phone_service,dsl,yes,yes,yes,no,yes,yes,month-to-month,1,credit_card_(automatic),58.6,1502.65,1
132,8587-xyzsf,male,0,0,0,67,1,no,dsl,no,no,no,yes,no,no,two_year,0,bank_transfer_(automatic),50.55,3260.1,0
133,3091-fyhki,male,0,0,0,1,0,no_phone_service,dsl,no,no,no,no,no,yes,month-to-month,1,electronic_check,35.45,35.45,1
134,2372-hwuhi,male,0,0,0,2,1,no,dsl,no,no,no,no,no,no,month-to-month,0,electronic_check,44.35,81.25,1
135,7799-lgrdp,female,0,0,0,43,1,yes,no,no_internet_service,no_internet_service,no_internet_service,no_internet_service,no_internet_service,no_internet_service,two_year,1,credit_card_(automatic),25.7,1188.2,0
136,7850-vwjuu,female,0,0,0,23,1,no,fiber_optic,yes,no,no,no,no,no,month-to-month,1,bank_transfer_(automatic),75.0,1778.5,0
137,3774-vbnxy,female,0,1,1,64,1,no,no,no_internet_service,no_internet_service,no_internet_service,no_internet_service,no_internet_service,no_internet_service,two_year,0,mailed_check,20.2,1277.75,0
138,6217-kdywc,male,0,0,1,57,1,no,no,no_internet_service,no_internet_service,no_internet_service,no_internet_service,no_internet_service,no_internet_service,two_year,1,mailed_check,19.6,1170.55,0
139,0390-dcfdq,female,1,1,0,1,1,no,fiber_optic,no,no,no,no,no,no,month-to-month,1,mailed_check,70.45,70.45,1
140,3146-msegf,female,1,1,1,72,1,yes,dsl,yes,yes,yes,yes,yes,yes,two_year,1,credit_card_(automatic),88.05,6425.65,0
141,4080-ogpjl,female,0,0,0,8,1,yes,dsl,yes,no,no,yes,no,yes,month-to-month,0,electronic_check,71.15,563.65,1
142,1095-wgngg,female,0,1,0,61,1,yes,fiber_optic,no,yes,no,no,yes,yes,two_year,1,bank_transfer_(automatic),101.05,5971.25,0
143,2636-sjdou,male,0,0,0,64,1,yes,fiber_optic,yes,yes,no,no,no,no,one_year,1,credit_card_(automatic),84.3,5289.05,0
144,1131-qqzeb,male,1,1,0,71,1,yes,no,no_internet_service,no_internet_service,no_internet_service,no_internet_service,no_internet_service,no_internet_service,two_year,0,bank_transfer_(automatic),23.95,1756.2,0
145,5716-ezxzn,female,0,1,1,65,1,yes,fiber_optic,yes,yes,no,yes,yes,no,two_year,1,credit_card_(automatic),99.05,6416.7,0
146,6837-bjydq,male,0,0,0,3,1,no,no,no_internet_service,no_internet_service,no_internet_service,no_internet_service,no_internet_service,no_internet_service,one_year,0,mailed_check,19.6,61.35,0
147,2135-rxihg,male,0,0,0,1,1,no,dsl,no,no,no,no,no,no,month-to-month,1,electronic_check,45.65,45.65,1
148,6440-dkqge,male,0,0,1,30,1,no,dsl,no,yes,yes,no,yes,no,one_year,0,credit_card_(automatic),64.5,1929.95,0
149,3466-byavd,male,0,1,1,15,1,no,dsl,no,yes,yes,yes,no,yes,month-to-month,1,mailed_check,69.5,1071.4,0
150,3780-yvmfa,female,0,1,1,8,1,no,dsl,no,no,no,yes,yes,yes,month-to-month,1,electronic_check,68.55,564.35,0
151,3874-eqoep,male,0,0,0,7,1,yes,fiber_optic,no,no,no,no,yes,yes,month-to-month,0,mailed_check,95.0,655.5,1
152,1679-jrfbr,female,0,1,1,70,1,yes,fiber_optic,yes,yes,yes,no,yes,yes,one_year,1,credit_card_(automatic),108.15,7930.55,0
153,9073-zziay,male,0,1,1,62,1,no,dsl,yes,yes,yes,yes,yes,yes,two_year,0,electronic_check,86.1,5215.25,0
154,3077-rsntj,female,0,1,1,6,1,no,no,no_internet_service,no_internet_service,no_internet_service,no_internet_service,no_internet_service,no_internet_service,month-to-month,0,mailed_check,19.7,113.5,0
155,6551-gnydg,female,0,1,1,14,1,no,fiber_optic,no,no,no,no,no,yes,month-to-month,1,bank_transfer_(automatic),80.9,1152.8,0
156,9167-apmxz,female,0,0,0,22,1,yes,fiber_optic,no,no,no,no,yes,no,month-to-month,1,bank_transfer_(automatic),84.15,1821.95,0
157,2749-ctkaj,male,0,1,1,22,1,no,no,no_internet_service,no_internet_service,no_internet_service,no_internet_service,no_internet_service,no_internet_service,one_year,0,mailed_check,20.15,419.9,0
158,6371-nzyeg,male,0,1,1,16,1,no,dsl,yes,no,yes,no,yes,no,two_year,0,mailed_check,64.25,1024.0,0
159,7554-newdd,male,0,0,0,10,1,yes,no,no_internet_service,no_internet_service,no_internet_service,no_internet_service,no_internet_service,no_internet_service,two_year,0,bank_transfer_(automatic),25.7,251.6,0
160,8992-vonjd,female,0,0,1,13,1,no,dsl,yes,yes,no,no,no,no,month-to-month,1,electronic_check,56.0,764.55,0
161,0867-mkzvy,female,0,1,0,20,1,yes,fiber_optic,yes,no,no,no,no,no,month-to-month,0,electronic_check,82.4,1592.35,1
162,4482-ewfmi,female,0,0,0,2,1,no,fiber_optic,no,no,no,no,no,no,month-to-month,1,electronic_check,69.7,135.2,0
163,4648-ypbtm,male,0,0,0,53,1,yes,dsl,no,yes,yes,yes,no,yes,two_year,1,bank_transfer_(automatic),73.9,3958.25,0
164,2907-iljbn,female,0,1,1,11,1,no,no,no_internet_service,no_internet_service,no_internet_service,no_internet_service,no_internet_service,no_internet_service,one_year,0,mailed_check,20.6,233.9,0
165,6345-fzoqh,male,0,1,0,69,1,no,no,no_internet_service,no_internet_service,no_internet_service,no_internet_service,no_internet_service,no_internet_service,two_year,0,mailed_check,19.9,1363.45,0
166,3376-bmgfe,female,0,0,0,4,1,no,fiber_optic,no,no,no,no,no,no,month-to-month,1,bank_transfer_(automatic),70.9,273.0,1
167,5997-opvfa,male,0,1,0,72,1,yes,dsl,yes,yes,yes,yes,yes,yes,two_year,1,bank_transfer_(automatic),89.05,6254.45,0
168,3445-hxxgf,male,1,1,0,58,0,no_phone_service,dsl,no,yes,yes,no,no,yes,month-to-month,1,electronic_check,45.3,2651.2,1
169,1159-wfsgr,female,0,1,1,16,1,no,no,no_internet_service,no_internet_service,no_internet_service,no_internet_service,no_internet_service,no_internet_service,month-to-month,0,electronic_check,20.4,321.4,0
170,7654-ywjuf,male,0,1,0,43,1,no,fiber_optic,yes,no,yes,yes,no,no,one_year,1,bank_transfer_(automatic),84.25,3539.25,0
171,1875-qivme,female,0,1,0,2,1,yes,fiber_optic,no,no,yes,yes,yes,yes,month-to-month,1,electronic_check,104.4,242.8,1
172,6727-iotlz,male,0,1,0,14,1,no,dsl,no,yes,yes,yes,yes,yes,two_year,0,mailed_check,81.95,1181.75,0
173,0691-jvsya,female,0,1,0,53,1,no,fiber_optic,no,no,yes,no,yes,yes,one_year,1,bank_transfer_(automatic),94.85,5000.2,1
174,5918-vukwp,female,0,0,0,32,1,no,no,no_internet_service,no_internet_service,no_internet_service,no_internet_service,no_internet_service,no_internet_service,one_year,0,bank_transfer_(automatic),20.55,654.55,0
175,1744-jhkys,female,0,1,0,34,1,yes,no,no_internet_service,no_internet_service,no_internet_service,no_internet_service,no_internet_service,no_internet_service,month-to-month,0,electronic_check,24.7,780.2,0
176,2656-fmokz,female,1,0,0,15,1,yes,fiber_optic,no,no,no,no,no,no,month-to-month,1,mailed_check,74.45,1145.7,1
177,2070-fnexe,female,1,0,0,7,1,no,fiber_optic,yes,no,no,no,no,no,month-to-month,0,bank_transfer_(automatic),76.45,503.6,1
178,5947-sgkcl,female,0,1,1,15,1,yes,fiber_optic,no,yes,yes,no,yes,yes,month-to-month,1,bank_transfer_(automatic),105.35,1559.25,0
179,3712-pkxza,male,0,1,0,61,1,no,no,no_internet_service,no_internet_service,no_internet_service,no_internet_service,no_internet_service,no_internet_service,one_year,1,credit_card_(automatic),20.55,1252.0,0
180,6317-ypkdh,female,0,0,0,1,0,no_phone_service,dsl,no,yes,no,no,no,no,month-to-month,0,bank_transfer_(automatic),29.95,29.95,1
181,6582-oivsp,female,0,0,0,1,1,no,dsl,no,no,no,no,no,no,month-to-month,0,mailed_check,45.3,45.3,0
182,9367-wxlch,male,0,0,0,8,1,yes,fiber_optic,no,no,no,no,no,yes,month-to-month,0,bank_transfer_(automatic),84.5,662.65,1
183,5524-khnjp,male,0,1,1,33,1,no,dsl,yes,no,yes,no,yes,yes,one_year,0,credit_card_(automatic),74.75,2453.3,0
184,1918-zbfqj,female,0,0,0,13,1,no,fiber_optic,no,yes,yes,no,no,no,month-to-month,1,electronic_check,79.25,1111.65,1
185,1024-guald,female,0,1,0,1,0,no_phone_service,dsl,no,no,no,no,no,no,month-to-month,1,electronic_check,24.8,24.8,1
186,4827-usjhp,male,0,0,0,20,1,no,dsl,no,yes,no,no,no,no,month-to-month,1,mailed_check,51.8,1023.85,0
187,8167-gjlrn,male,0,0,0,3,0,no_phone_service,dsl,no,no,no,yes,no,no,month-to-month,0,electronic_check,30.4,82.15,0
188,0956-sycwg,female,0,0,0,13,1,no,no,no_internet_service,no_internet_service,no_internet_service,no_internet_service,no_internet_service,no_internet_service,one_year,0,electronic_check,19.65,244.8,0
189,8017-uvszu,female,0,1,0,40,1,yes,dsl,no,yes,no,no,no,no,month-to-month,0,credit_card_(automatic),56.6,2379.1,0
190,7100-fqprv,male,0,1,1,43,1,yes,dsl,yes,no,no,yes,no,yes,one_year,1,credit_card_(automatic),71.9,3173.35,0
191,2472-ovkup,male,0,1,0,6,1,no,fiber_optic,no,yes,yes,no,no,yes,month-to-month,1,electronic_check,91.0,531.0,1
192,2984-rgeya,female,0,1,1,69,1,no,no,no_internet_service,no_internet_service,no_internet_service,no_internet_service,no_internet_service,no_internet_service,two_year,0,bank_transfer_(automatic),19.75,1375.4,0
193,9680-niauv,female,0,1,1,72,1,yes,fiber_optic,yes,yes,yes,no,yes,yes,two_year,0,credit_card_(automatic),109.7,8129.3,0
194,2146-egvdt,male,0,1,1,59,1,no,no,no_internet_service,no_internet_service,no_internet_service,no_internet_service,no_internet_service,no_internet_service,two_year,0,credit_card_(automatic),19.3,1192.7,0
195,2604-ijpdu,female,0,1,0,20,1,no,fiber_optic,yes,yes,no,yes,yes,no,month-to-month,1,electronic_check,96.55,1901.65,0
196,9178-jhuvj,male,0,1,1,24,1,yes,no,no_internet_service,no_internet_service,no_internet_service,no_internet_service,no_internet_service,no_internet_service,two_year,1,bank_transfer_(automatic),24.1,587.4,0
197,6168-ybynp,male,0,0,0,59,1,yes,fiber_optic,no,yes,yes,yes,yes,yes,month-to-month,1,electronic_check,111.35,6519.75,0
198,7255-ssfbc,male,0,1,1,72,1,yes,fiber_optic,no,yes,yes,yes,yes,yes,two_year,1,bank_transfer_(automatic),112.25,8041.65,0
199,3645-deygf,male,0,0,1,1,1,no,no,no_internet_service,no_internet_service,no_internet_service,no_internet_service,no_internet_service,no_internet_service,month-to-month,0,mailed_check,20.75,20.75,0
200,9323-hgfwy,female,0,1,0,27,1,no,fiber_optic,yes,no,no,yes,yes,yes,one_year,1,credit_card_(automatic),101.9,2681.15,0
201,8544-goqsh,female,0,0,0,14,1,no,fiber_optic,no,yes,no,yes,no,no,month-to-month,1,credit_card_(automatic),80.05,1112.3,0
202,3363-dtivd,male,0,1,1,71,1,yes,fiber_optic,yes,no,yes,no,yes,yes,two_year,0,electronic_check,105.55,7405.5,0
203,7018-wbjnk,male,0,0,1,13,1,no,fiber_optic,no,no,no,no,yes,no,month-to-month,1,credit_card_(automatic),78.3,1033.95,0
204,9142-kzxop,male,0,0,0,44,1,no,fiber_optic,no,no,no,no,no,no,month-to-month,0,credit_card_(automatic),68.85,2958.95,0
205,7674-ytafd,female,0,0,0,33,1,no,fiber_optic,no,yes,no,yes,no,no,one_year,1,bank_transfer_(automatic),79.95,2684.85,0
206,6348-snfus,male,0,1,1,72,0,no_phone_service,dsl,yes,yes,yes,yes,no,yes,two_year,1,credit_card_(automatic),55.45,4179.2,0
207,1285-okipp,male,0,0,0,1,1,no,fiber_optic,no,no,no,no,no,yes,month-to-month,0,electronic_check,79.9,79.9,1
208,7825-ecjrf,female,0,0,0,19,1,no,fiber_optic,yes,no,yes,yes,yes,yes,month-to-month,1,electronic_check,106.6,1934.45,1
209,1347-kttta,male,0,1,0,64,1,no,fiber_optic,no,yes,yes,yes,yes,yes,one_year,1,credit_card_(automatic),102.45,6654.1,0
210,7841-tzdmq,male,0,0,0,2,1,no,dsl,no,no,no,no,no,no,month-to-month,1,credit_card_(automatic),46.0,84.5,1
211,4195-nzgta,female,0,0,0,1,0,no_phone_service,dsl,no,no,no,no,no,no,month-to-month,0,electronic_check,25.25,25.25,0
212,7157-smcfk,male,0,0,1,61,1,no,no,no_internet_service,no_internet_service,no_internet_service,no_internet_service,no_internet_service,no_internet_service,two_year,0,mailed_check,19.75,1124.2,0
213,4709-lkhyg,female,0,1,1,29,1,no,no,no_internet_service,no_internet_service,no_internet_service,no_internet_service,no_internet_service,no_internet_service,one_year,0,electronic_check,20.0,540.05,0
214,2504-dshih,male,1,1,0,23,1,yes,fiber_optic,no,no,no,no,no,yes,month-to-month,0,electronic_check,86.8,1975.85,0
215,0699-ndkjm,female,0,1,0,57,0,no_phone_service,dsl,yes,yes,yes,no,yes,yes,month-to-month,1,bank_transfer_(automatic),58.75,3437.45,0
216,9286-bhdqg,male,0,1,1,72,0,no_phone_service,dsl,yes,yes,yes,yes,no,no,two_year,0,credit_card_(automatic),45.25,3139.8,0
217,0230-wequw,male,0,1,0,66,0,no_phone_service,dsl,yes,yes,yes,yes,yes,no,two_year,1,bank_transfer_(automatic),56.6,3789.2,0
218,2040-ldiwq,male,0,1,1,65,1,yes,dsl,no,yes,yes,yes,yes,yes,two_year,1,bank_transfer_(automatic),84.2,5324.5,0
219,6496-jdssb,female,0,0,0,8,1,no,fiber_optic,no,no,no,no,yes,no,month-to-month,1,bank_transfer_(automatic),80.0,624.6,0
220,9408-ssnvz,female,0,0,0,4,1,no,fiber_optic,no,no,no,no,no,no,month-to-month,1,electronic_check,70.15,268.35,1
221,4443-embna,female,0,1,0,71,1,yes,no,no_internet_service,no_internet_service,no_internet_service,no_internet_service,no_internet_service,no_internet_service,two_year,0,bank_transfer_(automatic),24.75,1836.9,0
222,6469-mrvet,male,0,1,1,1,1,no,no,no_internet_service,no_internet_service,no_internet_service,no_internet_service,no_internet_service,no_internet_service,one_year,1,electronic_check,20.2,20.2,0
223,0742-moabm,male,0,1,0,4,1,no,dsl,no,no,no,yes,no,no,month-to-month,0,mailed_check,50.05,179.35,1
224,5961-vusrv,female,0,0,0,12,1,no,no,no_internet_service,no_internet_service,no_internet_service,no_internet_service,no_internet_service,no_internet_service,one_year,1,bank_transfer_(automatic),19.35,219.35,0
225,6778-jfcmk,male,0,0,0,24,0,no_phone_service,dsl,yes,no,no,no,yes,yes,one_year,1,mailed_check,50.6,1288.75,0
226,6341-jvqgf,female,0,1,1,31,1,no,dsl,yes,no,yes,yes,yes,yes,one_year,1,mailed_check,81.15,2545.75,0
227,2232-dmlxu,female,0,1,0,1,1,no,dsl,no,no,no,no,yes,no,month-to-month,0,mailed_check,55.2,55.2,1
228,4811-jbuvu,male,0,0,0,30,1,yes,fiber_optic,no,no,no,yes,no,yes,month-to-month,1,credit_card_(automatic),89.9,2723.15,0
229,0945-tsonx,female,0,1,1,47,1,yes,dsl,yes,yes,no,yes,yes,yes,two_year,1,credit_card_(automatic),85.3,4107.25,0
230,2651-zcbxv,male,0,0,0,54,1,yes,fiber_optic,yes,yes,no,yes,yes,yes,two_year,1,credit_card_(automatic),108.0,5760.65,0
231,3316-uwxuy,male,0,0,0,50,1,no,fiber_optic,yes,yes,no,yes,no,yes,month-to-month,1,credit_card_(automatic),93.5,4747.5,0
232,8937-rdthp,male,0,0,0,1,1,no,fiber_optic,yes,no,no,no,no,yes,month-to-month,1,mailed_check,84.6,84.6,1
233,7083-miopc,female,0,0,0,72,1,no,no,no_internet_service,no_internet_service,no_internet_service,no_internet_service,no_internet_service,no_internet_service,two_year,0,credit_card_(automatic),20.25,1566.9,0
234,1984-gpteh,female,0,0,0,29,1,yes,no,no_internet_service,no_internet_service,no_internet_service,no_internet_service,no_internet_service,no_internet_service,month-to-month,0,electronic_check,25.15,702.0,0
235,1251-krreg,male,0,0,0,2,1,yes,dsl,no,yes,no,no,no,no,month-to-month,1,mailed_check,54.4,114.1,1
236,0621-jfhol,female,0,0,0,10,0,no_phone_service,dsl,no,no,no,yes,no,no,two_year,1,mailed_check,29.6,299.05,0
237,9903-lysab,male,0,1,0,18,1,yes,fiber_optic,no,no,no,no,no,no,month-to-month,1,electronic_check,73.15,1305.95,0
238,0094-oifmo,female,1,0,0,11,1,no,fiber_optic,no,yes,no,no,yes,yes,month-to-month,1,electronic_check,95.0,1120.3,1
239,9227-uaqft,male,0,0,0,16,1,no,no,no_internet_service,no_internet_service,no_internet_service,no_internet_service,no_internet_service,no_internet_service,two_year,0,mailed_check,19.75,284.35,0
240,7301-abvad,female,0,0,0,72,1,yes,dsl,no,yes,yes,yes,yes,yes,two_year,0,bank_transfer_(automatic),86.6,6350.5,0
241,6614-fhdbo,male,0,0,0,72,1,yes,fiber_optic,no,yes,yes,yes,yes,yes,two_year,0,bank_transfer_(automatic),109.2,7878.3,0
242,7576-aseju,female,0,1,1,41,1,no,dsl,yes,no,no,yes,yes,yes,one_year,1,credit_card_(automatic),74.7,3187.65,0
243,9058-hrzsv,female,1,1,0,65,1,no,fiber_optic,yes,yes,yes,no,no,yes,month-to-month,0,electronic_check,94.4,6126.15,0
244,4522-akylr,female,1,0,0,13,1,no,dsl,no,yes,yes,no,no,no,month-to-month,1,electronic_check,54.8,731.3,0
245,0221-wmxnq,male,1,0,0,4,1,no,fiber_optic,yes,no,no,no,no,no,month-to-month,0,electronic_check,75.35,273.4,0
246,0303-uncip,male,0,0,0,41,1,yes,dsl,no,no,yes,no,no,yes,one_year,0,mailed_check,65.0,2531.8,0
247,9947-otfqu,male,1,0,0,15,1,no,fiber_optic,no,yes,no,no,no,no,month-to-month,1,electronic_check,74.4,1074.3,1
248,0322-yinqp,male,0,0,0,1,1,no,dsl,yes,no,no,no,no,no,month-to-month,1,mailed_check,48.55,48.55,1
249,0959-whokv,male,0,0,0,42,1,yes,fiber_optic,yes,yes,yes,no,no,yes,one_year,1,electronic_check,99.0,4298.45,0
250,4075-jfpgr,female,0,1,0,51,1,no,fiber_optic,yes,yes,yes,no,yes,no,one_year,1,electronic_check,93.5,4619.55,0
251,4629-nrxkx,female,0,1,1,2,1,no,fiber_optic,no,no,no,no,no,no,month-to-month,0,electronic_check,70.4,147.15,1
252,9514-jdski,male,1,1,0,1,0,no_phone_service,dsl,no,yes,no,no,yes,no,month-to-month,0,electronic_check,40.2,40.2,1
253,3282-ziszv,male,0,0,1,32,1,yes,dsl,no,yes,yes,yes,yes,yes,one_year,0,credit_card_(automatic),83.7,2633.3,0
254,3675-ydupj,male,0,0,0,10,1,no,no,no_internet_service,no_internet_service,no_internet_service,no_internet_service,no_internet_service,no_internet_service,month-to-month,1,mailed_check,19.85,193.05,0
255,4111-bnxif,female,0,1,1,67,0,no_phone_service,dsl,no,yes,yes,yes,yes,yes,two_year,1,electronic_check,59.55,4103.9,0
256,7017-vfhay,female,0,1,1,61,1,yes,fiber_optic,yes,yes,yes,yes,yes,yes,two_year,0,credit_card_(automatic),115.1,7008.15,0
257,6655-lhbyw,male,0,0,0,50,1,yes,fiber_optic,yes,yes,yes,yes,yes,yes,one_year,0,credit_card_(automatic),114.35,5791.1,0
258,4959-josrx,female,0,1,0,2,1,no,dsl,no,no,no,no,no,no,month-to-month,1,credit_card_(automatic),44.6,80.55,1
259,5046-nuhwd,female,1,1,0,29,0,no_phone_service,dsl,yes,no,yes,no,no,yes,month-to-month,1,electronic_check,45.0,1228.65,0
260,7273-tefqd,male,1,0,0,3,0,no_phone_service,dsl,no,no,yes,no,no,yes,month-to-month,1,electronic_check,41.15,132.2,1
261,3606-twkgi,male,1,0,0,13,1,yes,fiber_optic,no,yes,yes,no,yes,yes,month-to-month,1,electronic_check,106.9,1364.3,1
262,7529-zdfxi,male,1,1,0,57,1,yes,fiber_optic,no,yes,no,no,no,yes,month-to-month,1,electronic_check,89.85,4925.35,0
263,7605-bdwdc,female,0,0,0,31,0,no_phone_service,dsl,yes,yes,no,yes,no,yes,two_year,1,bank_transfer_(automatic),49.85,1520.1,0
264,1950-ksvvj,female,0,1,0,45,1,yes,fiber_optic,yes,yes,yes,yes,yes,yes,one_year,0,mailed_check,113.3,5032.25,0
265,0123-crbrt,female,0,1,1,61,1,yes,dsl,yes,yes,yes,yes,yes,yes,two_year,0,mailed_check,88.1,5526.75,0
266,6292-tosss,male,0,0,0,50,1,yes,no,no_internet_service,no_internet_service,no_internet_service,no_internet_service,no_internet_service,no_internet_service,two_year,0,bank_transfer_(automatic),24.9,1195.25,0
267,3197-arfoy,female,1,0,0,19,1,no,fiber_optic,yes,yes,no,yes,yes,yes,month-to-month,1,mailed_check,105.0,2007.25,0
268,6323-aybrx,male,0,0,0,59,1,no,no,no_internet_service,no_internet_service,no_internet_service,no_internet_service,no_internet_service,no_internet_service,two_year,0,mailed_check,19.35,1099.6,1
269,7014-zzxaw,female,0,1,0,71,1,yes,no,no_internet_service,no_internet_service,no_internet_service,no_internet_service,no_internet_service,no_internet_service,two_year,1,credit_card_(automatic),24.25,1732.95,0
270,4385-gzqxv,female,1,0,0,16,1,no,fiber_optic,no,no,no,yes,yes,yes,month-to-month,1,electronic_check,94.45,1511.2,1
271,7633-mvpuy,male,0,1,0,57,1,no,dsl,yes,yes,no,yes,no,no,two_year,1,electronic_check,59.75,3450.15,0
272,6366-zgqgl,male,0,0,0,1,0,no_phone_service,dsl,no,no,no,no,no,no,month-to-month,0,bank_transfer_(automatic),24.8,24.8,1
273,4716-hhkqh,male,1,1,0,20,1,yes,fiber_optic,no,yes,no,yes,yes,yes,month-to-month,0,electronic_check,107.05,2172.05,0
274,5940-ahuhd,male,0,0,0,1,1,no,fiber_optic,no,no,no,no,no,no,month-to-month,0,mailed_check,70.6,70.6,1
275,6432-twqlb,male,0,1,0,5,1,yes,fiber_optic,no,yes,no,yes,no,no,month-to-month,1,electronic_check,85.4,401.1,1
276,4484-glzou,female,0,1,0,52,1,yes,fiber_optic,no,yes,yes,no,yes,yes,month-to-month,1,electronic_check,105.05,5624.85,1
277,3179-gbrwv,male,1,1,0,21,1,no,dsl,yes,yes,no,no,no,yes,month-to-month,1,bank_transfer_(automatic),64.95,1339.8,0
278,8645-kwhjo,male,0,0,0,14,0,no_phone_service,dsl,no,no,yes,yes,yes,yes,month-to-month,1,electronic_check,55.0,771.95,0
279,4130-mzlcc,female,0,0,0,5,1,no,dsl,no,yes,no,no,no,no,month-to-month,0,bank_transfer_(automatic),50.55,244.75,0
280,0314-tkosi,female,0,0,0,6,1,no,dsl,yes,yes,no,no,no,no,month-to-month,0,mailed_check,55.15,322.9,0
281,8229-myejz,female,0,0,0,10,1,no,dsl,no,yes,no,no,no,no,month-to-month,0,electronic_check,51.2,498.25,0
282,2080-srcde,female,0,0,1,1,1,yes,no,no_internet_service,no_internet_service,no_internet_service,no_internet_service,no_internet_service,no_internet_service,month-to-month,0,mailed_check,25.4,25.4,0
283,9577-wjvcq,female,0,0,0,68,1,yes,dsl,yes,no,no,no,no,no,month-to-month,0,mailed_check,54.45,3687.75,0
284,9512-uibfx,male,0,1,1,18,1,no,fiber_optic,no,no,yes,no,yes,yes,month-to-month,0,mailed_check,95.15,1779.95,1
285,6202-dyyfx,female,0,0,0,22,1,yes,fiber_optic,no,no,no,no,no,no,one_year,1,credit_card_(automatic),76.0,1783.6,0
286,3808-hfkde,female,0,0,0,20,1,no,dsl,no,no,no,no,no,no,month-to-month,1,electronic_check,44.35,927.15,0
287,5583-sxdag,male,0,1,0,1,1,no,fiber_optic,no,no,no,no,no,no,month-to-month,0,electronic_check,70.0,70.0,1
288,3488-pgmqj,male,1,0,0,8,1,no,fiber_optic,no,yes,no,no,no,no,month-to-month,1,electronic_check,74.5,606.55,1
289,3580-reoac,male,0,0,0,10,1,no,dsl,no,no,no,no,no,no,month-to-month,1,credit_card_(automatic),44.85,435.4,1
290,7534-bfesc,male,1,0,0,24,1,yes,fiber_optic,no,no,no,no,no,no,month-to-month,1,electronic_check,76.1,1712.7,1
291,3727-owvyd,male,0,0,0,35,1,no,dsl,yes,yes,yes,no,no,no,one_year,0,mailed_check,61.2,2021.2,0
292,2294-salne,male,0,1,1,23,1,no,fiber_optic,no,yes,yes,yes,no,no,one_year,0,mailed_check,86.8,1940.8,0
293,4847-tajyi,female,1,0,0,6,1,no,fiber_optic,no,no,no,no,yes,yes,month-to-month,1,electronic_check,89.35,567.8,0
294,1563-iwqex,female,0,0,0,12,1,no,no,no_internet_service,no_internet_service,no_internet_service,no_internet_service,no_internet_service,no_internet_service,month-to-month,0,mailed_check,19.7,220.35,0
295,8203-xjzrc,male,0,0,0,1,1,no,no,no_internet_service,no_internet_service,no_internet_service,no_internet_service,no_internet_service,no_internet_service,month-to-month,0,mailed_check,20.25,20.25,0
296,6556-dbkzf,female,0,1,1,71,1,no,fiber_optic,no,no,yes,no,no,no,two_year,0,electronic_check,76.05,5436.45,0
297,6851-wefyx,male,1,1,0,35,1,yes,fiber_optic,no,no,yes,no,yes,yes,month-to-month,1,electronic_check,100.8,3437.5,0
298,2985-juubz,male,0,1,1,40,1,yes,dsl,no,no,yes,no,yes,yes,month-to-month,1,electronic_check,74.55,3015.75,0
299,6390-dsazx,female,0,0,1,1,1,no,fiber_optic,yes,no,no,no,no,no,month-to-month,1,mailed_check,73.6,73.6,1
300,0895-lmrsf,male,0,0,0,23,1,no,dsl,no,no,no,no,yes,yes,one_year,1,bank_transfer_(automatic),64.9,1509.8,0
301,8098-llazx,female,1,0,0,4,1,yes,fiber_optic,no,no,no,no,yes,yes,month-to-month,1,electronic_check,95.45,396.1,1
302,8266-vbfql,male,0,0,0,4,1,no,fiber_optic,no,no,yes,yes,no,yes,month-to-month,1,electronic_check,90.4,356.65,0
303,8181-yhcmf,female,0,1,1,68,0,no_phone_service,dsl,no,yes,yes,yes,yes,yes,two_year,0,credit_card_(automatic),60.3,4109.0,0
304,2240-hsjqd,male,0,0,1,38,1,yes,fiber_optic,no,yes,no,no,no,no,month-to-month,1,mailed_check,81.85,3141.7,0
305,1248-dyxub,male,0,1,1,52,1,yes,no,no_internet_service,no_internet_service,no_internet_service,no_internet_service,no_internet_service,no_internet_service,two_year,0,mailed_check,24.8,1229.1,0
306,0265-edxbd,male,1,1,0,32,1,yes,fiber_optic,no,no,no,no,no,no,month-to-month,1,electronic_check,74.9,2303.35,1
307,4115-bnpjy,male,0,1,1,29,1,no,dsl,no,no,yes,yes,yes,yes,two_year,0,mailed_check,75.55,2054.4,0
308,3167-snqpl,male,1,1,1,38,1,yes,fiber_optic,no,yes,no,no,yes,yes,month-to-month,0,electronic_check,101.15,3741.85,0
309,4091-tvocn,male,0,0,1,48,1,yes,dsl,yes,no,yes,no,yes,yes,one_year,1,credit_card_(automatic),78.75,3682.45,0
310,1098-tdvuq,female,0,0,0,1,1,no,no,no_internet_service,no_internet_service,no_internet_service,no_internet_service,no_internet_service,no_internet_service,month-to-month,1,bank_transfer_(automatic),19.25,19.25,0
311,7277-ozcgz,female,0,0,0,22,1,no,fiber_optic,yes,no,no,yes,no,yes,month-to-month,1,electronic_check,89.05,1886.25,0
312,1557-emyvt,female,0,0,0,43,1,yes,fiber_optic,yes,yes,yes,yes,yes,yes,two_year,0,credit_card_(automatic),115.05,4895.1,0
313,2799-arnlo,female,1,1,0,5,1,no,fiber_optic,no,no,no,no,no,no,month-to-month,1,electronic_check,69.35,341.6,0
314,7563-biupc,male,0,0,0,5,1,no,fiber_optic,no,no,no,no,yes,no,month-to-month,1,electronic_check,80.6,415.55,1
315,5027-yocxn,male,0,1,1,51,1,yes,fiber_optic,yes,yes,no,yes,yes,yes,one_year,0,credit_card_(automatic),110.05,5686.4,0
316,3973-skmln,male,0,0,0,71,1,no,no,no_internet_service,no_internet_service,no_internet_service,no_internet_service,no_internet_service,no_internet_service,two_year,1,credit_card_(automatic),19.9,1355.1,0
317,2321-ombxy,female,0,1,1,38,1,no,dsl,yes,yes,no,yes,yes,yes,one_year,0,credit_card_(automatic),80.3,3058.65,1
318,2840-xanrc,male,1,1,0,24,1,no,fiber_optic,no,no,yes,no,yes,yes,month-to-month,1,electronic_check,93.15,2231.05,1
319,6745-jefzb,male,0,1,0,35,1,yes,fiber_optic,no,no,no,yes,yes,no,month-to-month,1,credit_card_(automatic),91.5,3236.35,0
320,5020-zstty,female,1,0,0,54,1,yes,dsl,yes,yes,no,yes,yes,yes,one_year,0,bank_transfer_(automatic),82.45,4350.1,1
321,9880-tdqac,female,0,1,1,72,0,no_phone_service,dsl,no,yes,yes,yes,yes,yes,two_year,1,electronic_check,60.0,4264.0,0
322,8705-wzcyl,male,0,0,0,1,1,no,dsl,no,no,no,no,no,no,month-to-month,1,electronic_check,44.8,44.8,0
323,7102-jjvtx,female,0,1,1,9,1,no,dsl,yes,no,no,no,no,no,one_year,0,mailed_check,48.6,422.3,0
324,8626-ptqge,male,0,0,0,69,0,no_phone_service,dsl,yes,yes,no,yes,yes,yes,two_year,1,bank_transfer_(automatic),60.05,4176.7,0
325,4983-clmlv,female,0,1,0,52,1,yes,fiber_optic,no,yes,no,yes,yes,yes,month-to-month,1,credit_card_(automatic),102.7,5138.1,0
326,5701-yvsvf,female,1,1,0,11,1,no,fiber_optic,no,no,no,yes,yes,no,month-to-month,1,electronic_check,82.9,880.05,0
327,5804-lepim,female,1,0,0,2,1,no,fiber_optic,no,no,no,no,no,no,month-to-month,1,electronic_check,70.35,139.05,1
328,5697-gombf,female,1,1,1,28,0,no_phone_service,dsl,no,no,no,no,yes,no,month-to-month,1,electronic_check,35.9,973.65,0
329,2739-cacdq,female,1,0,0,17,1,yes,fiber_optic,no,no,yes,no,no,no,month-to-month,1,credit_card_(automatic),82.65,1470.05,0
330,9385-ehgdo,female,0,1,1,35,1,no,no,no_internet_service,no_internet_service,no_internet_service,no_internet_service,no_internet_service,no_internet_service,two_year,1,mailed_check,19.85,739.35,0
331,9498-fimxl,female,0,0,0,8,1,no,no,no_internet_service,no_internet_service,no_internet_service,no_internet_service,no_internet_service,no_internet_service,one_year,1,mailed_check,19.2,161.95,0
332,2379-gyflq,male,0,0,0,46,1,yes,fiber_optic,no,yes,yes,no,yes,no,one_year,1,credit_card_(automatic),94.9,4422.95,0
333,0122-oahpz,female,0,0,0,7,1,yes,fiber_optic,no,no,no,no,no,no,month-to-month,1,electronic_check,73.85,511.25,1
334,2868-snelz,female,0,0,0,2,1,yes,fiber_optic,no,no,yes,no,no,no,month-to-month,0,mailed_check,80.6,155.8,1
335,4322-rcymt,male,0,1,1,68,1,yes,dsl,no,yes,yes,yes,no,yes,one_year,1,bank_transfer_(automatic),75.8,5293.95,1
336,6680-nenyn,female,0,0,0,43,1,yes,fiber_optic,no,yes,yes,no,yes,yes,two_year,1,electronic_check,104.6,4759.85,1
337,2088-iebau,female,0,0,0,68,1,yes,dsl,yes,yes,yes,yes,yes,yes,two_year,1,electronic_check,88.15,6148.45,0
338,7982-vcelr,female,0,0,0,36,1,no,fiber_optic,no,yes,no,no,yes,yes,month-to-month,1,credit_card_(automatic),94.8,3565.65,0
339,1343-ehpyb,male,0,1,0,63,1,yes,fiber_optic,no,yes,yes,no,yes,yes,month-to-month,1,electronic_check,103.4,6603.0,1
340,6035-bxtty,female,1,0,0,32,1,no,dsl,no,yes,no,yes,no,no,month-to-month,0,bank_transfer_(automatic),54.65,1830.1,0
341,6885-pkoam,female,0,1,0,71,1,yes,dsl,yes,yes,yes,yes,yes,yes,two_year,0,credit_card_(automatic),85.75,6223.8,0
342,7520-hqwju,female,0,1,1,66,1,yes,dsl,yes,yes,yes,no,no,no,month-to-month,1,bank_transfer_(automatic),67.45,4508.65,0
343,9639-bujxt,male,0,0,0,63,1,no,no,no_internet_service,no_internet_service,no_internet_service,no_internet_service,no_internet_service,no_internet_service,one_year,0,mailed_check,20.5,1328.15,0
344,5924-sngkp,female,0,0,1,41,1,no,no,no_internet_service,no_internet_service,no_internet_service,no_internet_service,no_internet_service,no_internet_service,one_year,1,credit_card_(automatic),20.25,865.0,0
345,0021-ikxgc,female,1,0,0,1,1,yes,fiber_optic,no,no,no,no,no,no,month-to-month,1,electronic_check,72.1,72.1,0
346,2034-gdrcn,female,0,0,0,2,1,no,fiber_optic,no,no,no,no,yes,yes,month-to-month,1,electronic_check,90.4,168.2,1
347,8966-snizf,female,0,1,0,70,1,no,no,no_internet_service,no_internet_service,no_internet_service,no_internet_service,no_internet_service,no_internet_service,two_year,0,bank_transfer_(automatic),19.45,1303.5,0
348,6243-ozgfh,female,0,0,0,23,0,no_phone_service,dsl,no,no,no,no,yes,yes,month-to-month,1,electronic_check,44.95,996.85,0
349,4654-dlamq,female,1,1,0,64,1,no,fiber_optic,yes,yes,yes,no,no,yes,one_year,0,bank_transfer_(automatic),97.0,6430.9,0
350,0513-rbgpe,male,0,1,1,37,1,yes,dsl,yes,no,yes,yes,no,no,two_year,1,credit_card_(automatic),62.8,2278.75,0
351,5160-uxjed,male,0,0,1,17,1,no,dsl,no,no,no,no,no,no,one_year,0,mailed_check,44.6,681.4,0
352,4115-nzrks,female,1,0,0,7,1,no,fiber_optic,no,no,no,no,yes,yes,month-to-month,1,electronic_check,89.15,574.35,0
353,0219-ytzue,male,0,1,1,4,1,yes,fiber_optic,no,yes,yes,no,no,no,month-to-month,1,bank_transfer_(automatic),84.8,371.9,1
354,0623-iihug,female,1,0,0,21,0,no_phone_service,dsl,yes,no,no,no,yes,no,month-to-month,1,electronic_check,41.9,840.1,1
355,4572-dvcgn,female,0,0,0,10,1,no,fiber_optic,no,no,no,no,no,yes,month-to-month,1,bank_transfer_(automatic),80.25,846.0,1
356,3351-ngxyi,female,1,0,0,16,1,yes,dsl,yes,no,no,no,no,no,month-to-month,1,electronic_check,54.1,889.0,0
357,8984-eylll,male,0,1,0,64,1,yes,fiber_optic,no,yes,no,yes,yes,yes,two_year,1,electronic_check,105.25,6823.4,0
358,9057-mswco,male,1,1,0,27,0,no_phone_service,dsl,yes,no,no,no,no,no,month-to-month,0,credit_card_(automatic),30.75,805.1,1
359,9833-tgfhx,male,0,1,1,42,1,yes,fiber_optic,yes,no,no,no,yes,yes,one_year,0,electronic_check,97.1,4016.75,0
360,9294-tdipc,male,0,0,1,5,1,no,no,no_internet_service,no_internet_service,no_internet_service,no_internet_service,no_internet_service,no_internet_service,month-to-month,0,mailed_check,20.2,83.75,0
361,5229-dtfyb,female,0,0,0,41,1,no,fiber_optic,no,yes,no,yes,yes,yes,two_year,1,bank_transfer_(automatic),98.8,3959.15,0
362,0104-ppxdv,male,0,1,0,58,1,no,dsl,no,no,yes,no,no,no,one_year,0,credit_card_(automatic),50.3,2878.55,0
363,5176-lmjxe,female,0,0,0,47,1,no,no,no_internet_service,no_internet_service,no_internet_service,no_internet_service,no_internet_service,no_internet_service,two_year,1,mailed_check,20.55,945.7,0
364,3583-krkmd,male,0,0,0,18,1,no,fiber_optic,no,no,no,yes,no,no,month-to-month,1,bank_transfer_(automatic),75.9,1373.05,0
365,1010-diauq,male,0,0,0,5,1,no,fiber_optic,no,no,yes,no,yes,yes,month-to-month,0,bank_transfer_(automatic),96.5,492.55,1
366,9069-lgeul,male,0,1,0,23,1,no,dsl,yes,no,no,no,no,yes,month-to-month,1,bank_transfer_(automatic),59.95,1406.0,0
367,7302-zhmhp,female,0,0,0,1,1,no,no,no_internet_service,no_internet_service,no_internet_service,no_internet_service,no_internet_service,no_internet_service,month-to-month,0,mailed_check,19.15,19.15,0
368,9571-edebv,male,0,1,0,71,1,yes,fiber_optic,no,no,yes,no,yes,yes,one_year,1,credit_card_(automatic),98.65,6962.85,0
369,3520-fjgcv,male,0,1,1,72,1,yes,fiber_optic,yes,yes,yes,yes,yes,yes,two_year,1,credit_card_(automatic),112.6,8126.65,0
370,6563-vrerx,male,0,1,1,33,1,no,no,no_internet_service,no_internet_service,no_internet_service,no_internet_service,no_internet_service,no_internet_service,one_year,0,mailed_check,20.6,690.25,0
371,0259-gbzsh,male,0,0,0,2,1,yes,fiber_optic,no,no,no,no,yes,no,month-to-month,1,electronic_check,85.65,181.5,1
372,6122-efvkn,male,0,0,1,24,0,no_phone_service,dsl,yes,no,no,yes,no,no,two_year,0,mailed_check,35.75,830.8,0
373,2805-edjpq,female,0,1,1,56,1,yes,fiber_optic,no,yes,yes,yes,no,yes,one_year,1,credit_card_(automatic),99.75,5608.4,0
374,6862-cqumb,male,0,0,0,37,1,no,fiber_optic,no,yes,no,no,yes,yes,month-to-month,1,credit_card_(automatic),96.1,3646.8,0
375,7156-mxbje,female,0,0,0,43,1,yes,dsl,no,yes,yes,yes,yes,yes,one_year,0,credit_card_(automatic),85.1,3662.25,0
376,6158-hdpxz,male,0,0,0,1,0,no_phone_service,dsl,no,no,no,no,no,no,month-to-month,0,mailed_check,25.35,25.35,0
377,9601-brxpo,female,0,1,0,25,1,yes,fiber_optic,no,no,yes,yes,yes,yes,month-to-month,1,bank_transfer_(automatic),104.95,2566.5,1
378,2863-imqdr,female,0,0,0,61,1,yes,dsl,yes,yes,yes,yes,yes,yes,two_year,0,electronic_check,89.65,5308.7,0
379,5686-cmawk,male,0,0,0,17,1,yes,fiber_optic,no,no,yes,yes,no,no,one_year,0,electronic_check,86.75,1410.25,0
380,5651-crhkq,female,0,1,0,41,1,no,fiber_optic,no,yes,yes,yes,no,no,one_year,1,bank_transfer_(automatic),86.2,3339.05,0
381,6905-niqin,male,0,0,0,1,1,no,dsl,no,yes,no,no,no,no,month-to-month,0,mailed_check,50.65,50.65,1
382,8204-yjcla,male,1,1,1,72,0,no_phone_service,dsl,yes,yes,yes,yes,yes,yes,two_year,1,bank_transfer_(automatic),64.8,4732.35,0
383,5167-zffmm,male,0,0,0,1,1,yes,fiber_optic,no,yes,no,no,no,yes,month-to-month,1,credit_card_(automatic),90.85,90.85,1
384,6583-szvgp,male,0,0,0,48,1,yes,fiber_optic,no,yes,yes,no,yes,yes,two_year,1,bank_transfer_(automatic),108.1,5067.45,0
385,4895-tmwir,male,1,1,0,11,1,no,no,no_internet_service,no_internet_service,no_internet_service,no_internet_service,no_internet_service,no_internet_service,month-to-month,0,mailed_check,19.95,214.75,1
386,0533-bnwkf,female,1,1,0,55,1,yes,fiber_optic,no,yes,yes,no,no,no,month-to-month,1,electronic_check,85.45,4874.7,1
387,1708-pbboa,female,0,0,0,42,0,no_phone_service,dsl,yes,yes,yes,yes,no,yes,one_year,1,electronic_check,54.75,2348.45,0
388,8782-lkfpk,male,0,0,0,44,1,yes,fiber_optic,no,no,yes,no,no,yes,month-to-month,1,mailed_check,90.4,4063.0,0
389,5522-jbwmo,male,0,0,1,1,1,no,dsl,no,no,no,no,no,no,month-to-month,0,electronic_check,44.0,44.0,0
390,3597-mvhjt,female,0,0,0,27,1,yes,fiber_optic,no,no,no,no,yes,yes,month-to-month,1,bank_transfer_(automatic),95.6,2595.25,0
391,9774-nrnau,male,1,1,0,27,1,yes,dsl,no,yes,yes,yes,yes,yes,month-to-month,1,bank_transfer_(automatic),84.8,2309.55,0
392,0224-rlwwd,female,1,0,0,2,1,no,dsl,no,no,no,no,no,no,month-to-month,1,electronic_check,44.3,89.3,0
393,9967-atrfs,female,0,0,0,19,1,no,no,no_internet_service,no_internet_service,no_internet_service,no_internet_service,no_internet_service,no_internet_service,month-to-month,0,mailed_check,19.9,367.55,0
394,3951-njcvi,female,1,1,0,42,1,yes,fiber_optic,no,no,no,no,yes,yes,month-to-month,1,electronic_check,95.05,3944.5,0
395,2977-cebsx,female,0,0,0,66,1,yes,dsl,yes,yes,yes,yes,yes,yes,two_year,1,credit_card_(automatic),90.05,5965.95,0
396,0177-pxbat,male,1,1,0,33,1,yes,fiber_optic,yes,no,yes,yes,yes,yes,month-to-month,1,bank_transfer_(automatic),109.9,3694.7,0
397,6599-cebnn,female,0,0,0,34,1,no,fiber_optic,no,yes,no,no,no,no,month-to-month,1,credit_card_(automatic),73.95,2524.45,1
398,2519-erqoj,male,1,0,0,33,0,no_phone_service,dsl,no,no,yes,yes,yes,yes,month-to-month,1,electronic_check,54.6,1803.7,0
399,5876-qmyld,female,0,1,1,23,1,no,no,no_internet_service,no_internet_service,no_internet_service,no_internet_service,no_internet_service,no_internet_service,one_year,0,mailed_check,20.05,415.1,0
400,2277-axsdc,female,0,0,0,32,1,no,no,no_internet_service,no_internet_service,no_internet_service,no_internet_service,no_internet_service,no_internet_service,one_year,0,bank_transfer_(automatic),19.75,624.15,0
401,9442-jtwdl,female,0,0,0,11,1,no,no,no_internet_service,no_internet_service,no_internet_service,no_internet_service,no_internet_service,no_internet_service,one_year,0,credit_card_(automatic),20.05,237.7,0
402,0979-phulv,male,0,1,1,69,1,yes,fiber_optic,no,no,yes,no,yes,yes,month-to-month,1,credit_card_(automatic),99.45,7007.6,1
403,3067-svmtc,female,0,1,0,68,1,no,dsl,yes,no,no,yes,no,no,one_year,0,bank_transfer_(automatic),55.9,3848.8,0
404,5495-gpsrw,male,0,0,0,20,1,no,no,no_internet_service,no_internet_service,no_internet_service,no_internet_service,no_internet_service,no_internet_service,two_year,1,mailed_check,19.7,419.4,0
405,7606-bphhn,male,0,0,0,72,1,no,no,no_internet_service,no_internet_service,no_internet_service,no_internet_service,no_internet_service,no_internet_service,two_year,1,credit_card_(automatic),19.8,1468.75,0
406,4742-drora,male,0,1,1,60,1,yes,fiber_optic,yes,no,yes,no,yes,no,one_year,1,bank_transfer_(automatic),95.4,5812.0,0
407,0111-klbqg,male,1,1,1,32,1,no,fiber_optic,no,yes,no,no,yes,yes,month-to-month,1,mailed_check,93.95,2861.45,0
408,4800-vhzki,female,0,0,0,1,1,no,no,no_internet_service,no_internet_service,no_internet_service,no_internet_service,no_internet_service,no_internet_service,month-to-month,1,mailed_check,19.9,19.9,1
409,7989-chgtl,male,0,0,0,1,1,no,no,no_internet_service,no_internet_service,no_internet_service,no_internet_service,no_internet_service,no_internet_service,month-to-month,1,mailed_check,19.6,19.6,1
410,0334-gddso,male,1,0,0,3,1,yes,fiber_optic,no,yes,no,no,no,no,month-to-month,1,electronic_check,81.35,233.7,1
411,4163-ncjak,female,0,1,0,46,1,yes,no,no_internet_service,no_internet_service,no_internet_service,no_internet_service,no_internet_service,no_internet_service,one_year,1,bank_transfer_(automatic),24.45,1066.15,0
412,5233-aozuf,female,0,1,0,29,1,yes,fiber_optic,no,no,no,no,no,no,month-to-month,1,electronic_check,74.95,2149.05,0
413,5973-ejgdp,male,0,0,0,51,1,yes,fiber_optic,no,yes,yes,yes,no,no,month-to-month,1,electronic_check,87.35,4473.0,0
414,1996-dbmus,female,1,1,0,48,1,no,fiber_optic,no,no,no,no,no,no,month-to-month,1,bank_transfer_(automatic),70.65,3545.05,0
415,7916-vccpb,female,0,1,1,16,1,no,fiber_optic,no,yes,no,no,no,no,month-to-month,0,bank_transfer_(automatic),73.25,1195.75,0
416,4686-gefrm,male,0,1,0,70,1,yes,fiber_optic,no,yes,yes,yes,no,yes,two_year,1,bank_transfer_(automatic),98.7,6858.9,0
417,5249-qyhex,female,0,1,1,40,1,yes,no,no_internet_service,no_internet_service,no_internet_service,no_internet_service,no_internet_service,no_internet_service,two_year,1,mailed_check,24.8,1024.7,0
418,0578-skvmf,female,0,1,1,22,1,no,fiber_optic,no,yes,no,no,no,yes,month-to-month,0,electronic_check,83.3,1845.9,1
419,5564-nemqo,female,1,0,0,1,1,no,fiber_optic,no,no,yes,no,no,no,month-to-month,1,bank_transfer_(automatic),75.3,75.3,1
420,2233-fagxv,female,0,1,1,5,1,yes,no,no_internet_service,no_internet_service,no_internet_service,no_internet_service,no_internet_service,no_internet_service,month-to-month,1,mailed_check,24.3,132.25,0
421,5605-iygfg,female,0,0,0,7,1,no,fiber_optic,no,no,no,no,no,no,month-to-month,1,bank_transfer_(automatic),69.85,515.45,0
422,7663-ztegj,male,0,0,1,29,1,yes,fiber_optic,no,yes,yes,yes,no,yes,one_year,0,credit_card_(automatic),100.55,2830.45,0
423,3935-tbrzz,male,0,1,1,44,1,yes,no,no_internet_service,no_internet_service,no_internet_service,no_internet_service,no_internet_service,no_internet_service,one_year,0,mailed_check,25.7,1110.5,0
424,8111-bkvds,female,0,0,0,10,0,no_phone_service,dsl,yes,yes,yes,no,no,no,month-to-month,0,bank_transfer_(automatic),40.7,449.3,0
425,2055-sifss,female,1,1,0,55,1,yes,dsl,no,no,no,no,no,no,month-to-month,0,bank_transfer_(automatic),51.65,2838.55,0
426,2806-mlnti,male,1,1,0,52,1,yes,fiber_optic,no,yes,yes,no,yes,yes,one_year,1,bank_transfer_(automatic),105.1,5376.4,0
427,8734-dkstz,female,0,1,1,10,1,yes,fiber_optic,no,no,no,no,no,yes,month-to-month,0,electronic_check,85.95,858.6,0
428,4360-pnrqb,male,0,0,0,18,1,yes,fiber_optic,no,no,no,no,no,no,month-to-month,1,bank_transfer_(automatic),75.6,1395.05,0
429,6152-onasv,female,0,1,0,68,1,yes,dsl,yes,no,no,yes,no,no,one_year,0,bank_transfer_(automatic),58.25,3975.7,0
430,9063-zgtuy,female,0,1,1,61,1,no,no,no_internet_service,no_internet_service,no_internet_service,no_internet_service,no_internet_service,no_internet_service,month-to-month,1,mailed_check,19.4,1182.55,1
431,7781-hvgmk,female,0,1,1,72,0,no_phone_service,dsl,yes,yes,yes,yes,yes,yes,two_year,1,credit_card_(automatic),65.2,4784.45,0
432,2181-uaesm,male,0,0,0,2,1,no,dsl,yes,no,yes,no,no,no,month-to-month,0,electronic_check,53.45,119.5,0
433,2957-lolho,male,0,0,0,12,1,no,dsl,no,no,no,no,no,no,month-to-month,1,bank_transfer_(automatic),45.4,518.9,1
434,6048-njxhx,male,0,1,0,41,1,no,no,no_internet_service,no_internet_service,no_internet_service,no_internet_service,no_internet_service,no_internet_service,two_year,1,electronic_check,19.75,899.45,0
435,2320-slkmb,female,0,0,0,26,0,no_phone_service,dsl,no,no,yes,yes,yes,no,month-to-month,1,credit_card_(automatic),44.45,1183.8,0
436,4980-urkxc,male,0,1,0,36,1,no,no,no_internet_service,no_internet_service,no_internet_service,no_internet_service,no_internet_service,no_internet_service,one_year,0,bank_transfer_(automatic),20.85,720.05,0
437,4376-kfvrs,male,0,1,1,72,1,yes,fiber_optic,yes,yes,yes,yes,yes,yes,two_year,1,credit_card_(automatic),114.05,8468.2,0
438,5886-vlqvu,male,0,1,0,35,1,yes,fiber_optic,no,no,no,yes,no,yes,month-to-month,1,bank_transfer_(automatic),89.85,3161.2,0
439,3577-amvux,male,0,0,0,1,1,no,dsl,no,no,yes,yes,no,no,month-to-month,0,mailed_check,55.05,55.05,0
440,0771-wlcla,female,0,1,1,16,1,yes,fiber_optic,yes,no,yes,yes,yes,yes,month-to-month,1,electronic_check,112.95,1882.55,0
441,5628-rkifk,female,1,0,0,49,1,yes,fiber_optic,yes,no,no,no,yes,yes,month-to-month,0,credit_card_(automatic),101.55,5070.4,0
442,0206-tbwlc,female,0,1,0,54,1,yes,fiber_optic,yes,yes,yes,yes,yes,yes,one_year,1,mailed_check,114.65,6049.5,0
443,2937-fthur,female,0,0,1,18,1,yes,dsl,yes,no,no,no,no,yes,month-to-month,0,electronic_check,64.8,1166.7,0
444,1910-fmxjm,female,0,1,0,36,1,no,fiber_optic,no,no,no,no,no,yes,month-to-month,0,electronic_check,80.4,2937.65,0
445,7752-xusci,female,0,0,0,60,1,yes,fiber_optic,no,yes,yes,no,yes,yes,month-to-month,1,electronic_check,105.9,6396.45,1
446,4110-pfeuz,female,0,0,0,1,1,no,fiber_optic,no,no,no,no,no,no,month-to-month,0,mailed_check,69.55,69.55,1
447,0732-ocqoc,female,0,1,1,52,1,yes,no,no_internet_service,no_internet_service,no_internet_service,no_internet_service,no_internet_service,no_internet_service,two_year,1,bank_transfer_(automatic),25.05,1270.25,0
448,5168-mswxt,male,0,1,1,8,1,no,fiber_optic,no,no,yes,no,yes,yes,month-to-month,1,electronic_check,94.75,759.55,0
449,1090-eselr,male,0,1,1,72,1,no,fiber_optic,yes,yes,no,yes,yes,yes,two_year,0,bank_transfer_(automatic),105.5,7611.55,0
450,8592-pltmq,female,0,0,0,64,1,yes,no,no_internet_service,no_internet_service,no_internet_service,no_internet_service,no_internet_service,no_internet_service,one_year,0,mailed_check,24.7,1642.75,0
451,5760-wrahc,female,1,0,0,22,1,no,dsl,yes,no,yes,yes,no,yes,month-to-month,1,mailed_check,69.75,1545.4,0
452,8847-geooq,male,0,1,0,60,0,no_phone_service,dsl,no,yes,yes,yes,yes,yes,month-to-month,1,bank_transfer_(automatic),60.2,3582.4,0
453,0256-lthvj,female,0,1,1,28,1,no,fiber_optic,no,no,no,no,no,yes,month-to-month,1,electronic_check,81.05,2227.1,1
454,4785-fcifb,female,0,1,0,61,1,yes,no,no_internet_service,no_internet_service,no_internet_service,no_internet_service,no_internet_service,no_internet_service,two_year,0,mailed_check,24.4,1417.9,0
455,8313-ndoia,female,0,0,0,24,1,yes,fiber_optic,no,yes,yes,no,yes,yes,month-to-month,1,electronic_check,104.15,2494.65,0
456,5149-cuzuj,male,0,1,1,28,1,no,fiber_optic,no,yes,yes,yes,yes,no,one_year,0,bank_transfer_(automatic),92.9,2768.35,0
457,0942-kowsm,female,0,1,1,30,1,no,dsl,no,yes,yes,yes,yes,yes,two_year,0,bank_transfer_(automatic),80.8,2369.3,0
458,4237-clsmm,male,0,1,0,2,1,no,no,no_internet_service,no_internet_service,no_internet_service,no_internet_service,no_internet_service,no_internet_service,month-to-month,0,mailed_check,20.0,38.0,0
459,1452-voqch,male,0,0,0,1,1,yes,fiber_optic,no,no,no,no,no,no,month-to-month,1,electronic_check,75.1,75.1,0
460,4719-umsiy,male,0,0,1,6,1,no,no,no_internet_service,no_internet_service,no_internet_service,no_internet_service,no_internet_service,no_internet_service,month-to-month,0,mailed_check,19.65,100.9,0
461,6614-vbegu,female,0,1,0,24,1,no,dsl,no,yes,no,no,yes,yes,month-to-month,1,bank_transfer_(automatic),69.45,1614.05,0
462,0880-tkatg,male,0,1,1,4,1,yes,fiber_optic,no,no,yes,no,yes,yes,month-to-month,0,electronic_check,101.15,385.9,1
463,3811-vbybz,male,0,0,0,7,1,yes,fiber_optic,no,yes,no,no,yes,yes,month-to-month,1,electronic_check,99.8,673.25,1
464,1480-bkxga,male,1,1,0,72,1,yes,fiber_optic,yes,yes,yes,yes,yes,yes,two_year,1,bank_transfer_(automatic),116.05,8404.9,0
465,2996-xauvf,male,0,0,0,70,0,no_phone_service,dsl,no,no,no,yes,no,yes,two_year,1,mailed_check,40.05,2799.75,0
466,9076-axyik,male,1,1,0,64,1,yes,fiber_optic,no,no,yes,yes,yes,yes,two_year,0,electronic_check,102.1,6538.45,0
467,5968-xqive,male,0,1,1,72,1,yes,fiber_optic,no,yes,no,no,yes,no,one_year,1,electronic_check,89.7,6588.95,0
468,8896-razcr,female,0,0,1,44,1,no,no,no_internet_service,no_internet_service,no_internet_service,no_internet_service,no_internet_service,no_internet_service,two_year,0,mailed_check,19.9,868.1,0
469,4640-uhdos,female,0,1,1,13,1,no,dsl,no,no,no,no,no,yes,month-to-month,0,electronic_check,55.95,734.35,1
470,4933-ikulf,female,1,0,0,17,1,no,no,no_internet_service,no_internet_service,no_internet_service,no_internet_service,no_internet_service,no_internet_service,one_year,0,mailed_check,20.65,330.6,0
471,3583-ekapl,male,0,0,0,1,1,no,dsl,no,no,no,no,no,yes,month-to-month,1,electronic_check,55.0,55.0,1
472,1304-bccfo,male,0,1,0,9,1,no,dsl,no,no,yes,no,yes,yes,month-to-month,1,mailed_check,70.05,564.4,0
473,4104-pvrps,male,0,1,0,24,1,no,dsl,yes,no,no,yes,no,no,month-to-month,0,mailed_check,53.6,1315.35,0
474,9399-aplbt,female,0,1,1,1,1,no,fiber_optic,no,yes,no,no,no,no,month-to-month,1,electronic_check,74.7,74.7,1
475,2359-kmgli,male,0,0,0,24,1,yes,fiber_optic,no,yes,no,no,no,no,month-to-month,1,electronic_check,80.25,1861.5,1
476,3780-ddgse,male,1,1,1,35,1,no,dsl,no,yes,no,yes,yes,yes,month-to-month,1,electronic_check,76.05,2747.2,0
477,4431-edmiq,female,0,1,1,7,1,no,dsl,yes,yes,yes,yes,yes,no,month-to-month,1,electronic_check,75.7,554.05,0
478,0306-jaele,male,0,0,0,5,1,no,fiber_optic,no,no,no,yes,yes,yes,month-to-month,1,electronic_check,96.1,453.4,1
479,6227-hwpwx,female,0,0,1,15,1,no,fiber_optic,no,no,no,no,no,no,month-to-month,0,bank_transfer_(automatic),69.0,994.8,1
480,0486-lgcch,male,0,1,1,11,1,no,no,no_internet_service,no_internet_service,no_internet_service,no_internet_service,no_internet_service,no_internet_service,two_year,0,mailed_check,19.65,225.75,0
481,0447-bemng,female,0,1,0,48,0,no_phone_service,dsl,yes,no,yes,no,no,yes,month-to-month,1,bank_transfer_(automatic),45.3,2145.0,1
482,4612-ssvhj,female,1,0,0,20,1,no,fiber_optic,no,no,no,no,no,yes,month-to-month,1,electronic_check,81.45,1671.6,0
483,5168-mqqca,female,0,1,0,72,1,yes,fiber_optic,no,yes,yes,yes,yes,yes,one_year,1,bank_transfer_(automatic),108.5,8003.8,0
484,5949-xikae,female,0,1,1,8,1,no,fiber_optic,no,yes,no,no,yes,no,month-to-month,1,electronic_check,83.55,680.05,1
485,7971-hlvxi,male,0,1,1,72,1,yes,fiber_optic,no,no,no,no,no,yes,two_year,1,credit_card_(automatic),84.5,6130.85,0
486,9094-azphk,female,0,0,0,15,1,yes,fiber_optic,no,yes,no,no,yes,yes,month-to-month,1,electronic_check,100.15,1415.0,0
487,3649-jpugy,male,0,0,0,72,1,yes,dsl,no,yes,yes,yes,yes,yes,two_year,1,bank_transfer_(automatic),88.6,6201.95,0
488,4472-lvygi,female,0,1,1,0,0,no_phone_service,dsl,yes,no,yes,yes,yes,no,two_year,1,bank_transfer_(automatic),52.55,1397.475,0
489,8372-juxui,male,0,0,1,1,1,yes,fiber_optic,no,no,no,no,no,no,month-to-month,1,electronic_check,74.35,74.35,1
490,3552-ctcyf,male,0,1,1,63,1,yes,fiber_optic,no,yes,yes,no,yes,yes,two_year,1,bank_transfer_(automatic),104.8,6597.25,0
491,6778-ysnih,female,0,0,0,2,1,no,dsl,no,yes,no,no,yes,no,month-to-month,1,electronic_check,59.0,114.15,0
492,0388-eopex,female,0,1,0,2,1,no,fiber_optic,yes,no,no,no,no,no,month-to-month,1,electronic_check,74.4,139.4,1
493,5756-ozrio,male,1,1,0,61,1,yes,dsl,no,yes,no,no,no,yes,one_year,0,bank_transfer_(automatic),64.05,3902.6,0
494,6579-jpicp,male,0,0,0,1,1,no,no,no_internet_service,no_internet_service,no_internet_service,no_internet_service,no_internet_service,no_internet_service,month-to-month,0,mailed_check,20.4,20.4,0
495,8205-otchb,male,0,0,0,22,0,no_phone_service,dsl,no,yes,yes,no,no,yes,one_year,1,bank_transfer_(automatic),43.75,903.6,1
496,4134-bsxlx,male,0,1,0,28,1,no,dsl,yes,yes,no,yes,no,no,month-to-month,0,mailed_check,60.9,1785.65,0
497,0505-spoow,female,0,1,0,70,1,no,no,no_internet_service,no_internet_service,no_internet_service,no_internet_service,no_internet_service,no_internet_service,two_year,0,bank_transfer_(automatic),19.8,1397.65,0
498,6235-vdhom,female,1,0,0,5,0,no_phone_service,dsl,no,yes,no,no,no,no,month-to-month,0,electronic_check,28.45,131.05,1
499,7783-ykgdv,female,0,0,0,12,1,yes,fiber_optic,yes,yes,yes,no,no,yes,month-to-month,1,bank_transfer_(automatic),99.7,1238.45,1
500,4374-ymusq,male,0,0,0,34,1,yes,fiber_optic,yes,yes,yes,yes,yes,yes,one_year,0,credit_card_(automatic),116.25,3899.05,0
501,4513-cxyix,female,1,1,0,71,1,yes,fiber_optic,yes,no,no,no,no,no,two_year,1,credit_card_(automatic),80.7,5676.0,0
502,3957-hhlmr,female,0,1,1,70,1,yes,dsl,yes,no,no,no,no,yes,one_year,0,bank_transfer_(automatic),65.2,4543.15,0
503,7803-xoccz,female,0,1,1,52,1,no,fiber_optic,yes,no,yes,yes,no,no,month-to-month,1,bank_transfer_(automatic),84.05,4326.8,0
504,5736-yejax,male,0,0,1,69,1,yes,dsl,yes,yes,yes,yes,yes,no,two_year,1,credit_card_(automatic),79.45,5502.55,0
505,5609-cebid,female,1,0,0,20,1,yes,fiber_optic,no,yes,yes,no,no,yes,month-to-month,1,electronic_check,94.1,1782.4,1
506,8981-fjgla,male,0,0,1,11,1,yes,fiber_optic,no,no,yes,no,no,no,month-to-month,1,mailed_check,78.0,851.8,0
507,7218-hkqfk,male,0,1,0,2,1,no,fiber_optic,no,no,no,yes,yes,yes,month-to-month,1,electronic_check,94.2,167.5,1
508,4636-qrjky,female,0,1,1,6,1,yes,fiber_optic,no,no,no,yes,no,no,month-to-month,1,electronic_check,80.5,502.85,1
509,1135-lmecx,female,0,0,0,1,1,no,no,no_internet_service,no_internet_service,no_internet_service,no_internet_service,no_internet_service,no_internet_service,month-to-month,0,mailed_check,19.85,19.85,0
510,4332-muoez,male,1,1,1,20,1,no,fiber_optic,yes,no,yes,yes,no,yes,one_year,0,credit_card_(automatic),94.3,1818.3,0
511,8535-sfutn,male,0,0,0,61,1,yes,fiber_optic,yes,no,yes,no,yes,yes,month-to-month,1,electronic_check,106.45,6300.15,0
512,5956-vkdtt,female,1,1,0,5,1,yes,fiber_optic,no,no,no,no,no,no,month-to-month,1,electronic_check,74.35,334.8,1
513,8677-hdzee,female,0,0,0,56,1,yes,fiber_optic,no,yes,no,yes,yes,yes,month-to-month,1,bank_transfer_(automatic),105.45,5916.95,0
514,2475-mrozf,male,0,0,0,30,1,yes,fiber_optic,yes,yes,yes,yes,no,no,month-to-month,1,credit_card_(automatic),95.0,2852.4,0
515,9412-gheec,male,0,0,0,40,1,yes,fiber_optic,no,no,yes,yes,yes,yes,month-to-month,0,bank_transfer_(automatic),104.8,4131.95,1
516,3482-abpkk,female,0,0,0,28,1,no,dsl,yes,no,no,yes,no,no,one_year,0,mailed_check,54.3,1546.3,0
517,6705-lxorm,female,1,1,0,5,1,no,fiber_optic,no,no,no,no,no,no,month-to-month,0,electronic_check,70.05,302.6,0
518,0257-zesqc,female,1,1,0,27,1,no,fiber_optic,yes,no,no,no,no,no,month-to-month,1,bank_transfer_(automatic),75.2,1929.35,1
519,7531-gqhme,male,0,0,0,12,1,no,no,no_internet_service,no_internet_service,no_internet_service,no_internet_service,no_internet_service,no_internet_service,month-to-month,0,credit_card_(automatic),20.05,265.45,0
520,5174-itumv,male,0,1,1,67,1,yes,fiber_optic,no,yes,yes,no,yes,yes,one_year,1,electronic_check,105.4,6989.45,0
521,4109-cyrbd,male,1,1,0,29,1,yes,dsl,no,no,no,no,no,no,month-to-month,1,electronic_check,51.6,1442.0,0
522,0913-xwscn,male,0,1,1,55,1,yes,fiber_optic,no,no,no,no,no,yes,month-to-month,0,bank_transfer_(automatic),85.5,4713.4,0
523,6825-uypfk,female,0,0,0,23,1,yes,fiber_optic,no,no,no,no,no,no,month-to-month,0,bank_transfer_(automatic),75.6,1758.6,1
524,8397-mvtaz,male,0,1,0,34,1,yes,fiber_optic,no,no,yes,no,yes,yes,month-to-month,1,electronic_check,100.05,3480.0,1
525,0750-ebaiu,male,0,0,0,52,1,no,fiber_optic,yes,no,yes,no,yes,no,one_year,0,electronic_check,91.25,4738.3,0
526,8606-ciqul,male,1,1,1,72,1,yes,fiber_optic,yes,yes,yes,yes,yes,yes,two_year,1,credit_card_(automatic),115.75,8399.15,0
527,3571-dpyuh,male,0,1,1,58,1,yes,fiber_optic,no,yes,no,yes,yes,no,one_year,1,credit_card_(automatic),94.7,5430.35,0
528,7601-gndyk,male,0,1,1,35,1,no,no,no_internet_service,no_internet_service,no_internet_service,no_internet_service,no_internet_service,no_internet_service,two_year,0,mailed_check,19.6,686.95,0
529,0356-obmac,female,1,0,0,56,1,yes,fiber_optic,no,yes,yes,yes,yes,no,two_year,1,bank_transfer_(automatic),99.9,5706.3,0
530,8067-nioym,female,0,1,1,24,1,no,no,no_internet_service,no_internet_service,no_internet_service,no_internet_service,no_internet_service,no_internet_service,two_year,1,credit_card_(automatic),21.1,490.65,0
531,1403-gyafu,male,0,1,1,70,1,no,no,no_internet_service,no_internet_service,no_internet_service,no_internet_service,no_internet_service,no_internet_service,two_year,0,credit_card_(automatic),20.05,1360.25,0
532,4234-xtnea,male,0,0,0,2,1,no,fiber_optic,no,no,no,no,yes,no,month-to-month,1,electronic_check,79.95,174.45,0
533,1297-vqdrp,male,1,1,1,68,1,yes,fiber_optic,no,no,yes,yes,yes,yes,one_year,1,credit_card_(automatic),107.15,7379.8,0
534,9282-izgqk,female,0,0,0,1,1,yes,fiber_optic,no,no,no,no,no,yes,month-to-month,1,electronic_check,85.0,85.0,1
535,5348-cagxb,male,0,0,0,12,1,yes,fiber_optic,no,no,yes,no,yes,no,month-to-month,1,electronic_check,89.55,1021.75,0
536,0621-hjwxj,female,0,1,0,63,1,yes,fiber_optic,no,yes,no,no,no,no,month-to-month,1,bank_transfer_(automatic),81.55,5029.05,0
537,5844-qvtat,female,0,1,1,33,1,no,dsl,yes,yes,yes,no,no,no,one_year,1,mailed_check,58.45,1955.4,0
538,8905-iazpf,female,0,1,0,69,1,no,fiber_optic,no,yes,no,no,yes,yes,one_year,1,credit_card_(automatic),95.65,6744.2,0
539,5394-meitz,female,0,1,1,60,1,no,dsl,no,yes,yes,yes,yes,yes,two_year,1,bank_transfer_(automatic),80.6,4946.7,0
540,6859-qnxiq,female,0,1,1,72,1,yes,fiber_optic,yes,yes,yes,yes,yes,yes,two_year,1,bank_transfer_(automatic),113.1,8248.5,0
541,2782-lfzvw,female,0,0,0,11,1,yes,dsl,no,no,no,no,no,yes,month-to-month,1,mailed_check,58.95,601.6,0
542,2866-ikbtm,female,0,0,0,1,1,no,no,no_internet_service,no_internet_service,no_internet_service,no_internet_service,no_internet_service,no_internet_service,month-to-month,0,mailed_check,19.55,19.55,0
543,1342-jpnki,male,0,0,0,10,1,yes,fiber_optic,no,no,no,no,yes,no,month-to-month,1,bank_transfer_(automatic),86.05,834.1,1
544,2817-ntqdo,male,0,0,0,13,0,no_phone_service,dsl,yes,no,no,yes,yes,no,month-to-month,1,credit_card_(automatic),45.55,597.0,1
545,7129-azjde,male,0,1,1,34,1,no,fiber_optic,no,no,no,no,no,yes,one_year,1,bank_transfer_(automatic),78.95,2647.2,0
546,6986-ijdhx,male,0,1,1,39,1,no,fiber_optic,no,yes,no,no,yes,no,month-to-month,1,mailed_check,86.3,3266.0,1
547,2560-ppche,female,0,0,0,65,1,yes,fiber_optic,no,yes,no,yes,yes,yes,one_year,1,bank_transfer_(automatic),105.05,6744.25,0
548,4676-mquea,male,1,1,0,50,1,yes,fiber_optic,yes,yes,yes,no,yes,no,one_year,1,bank_transfer_(automatic),101.9,5265.5,0
549,8138-ealnd,male,0,0,0,15,1,no,no,no_internet_service,no_internet_service,no_internet_service,no_internet_service,no_internet_service,no_internet_service,month-to-month,0,mailed_check,19.75,311.6,0
550,3580-hycsp,male,0,1,1,72,1,yes,fiber_optic,yes,yes,yes,no,yes,yes,two_year,1,bank_transfer_(automatic),110.3,7966.9,0
551,1352-hnsaw,female,0,1,1,72,1,yes,fiber_optic,yes,yes,yes,yes,yes,yes,two_year,1,bank_transfer_(automatic),115.6,8220.4,0
552,2075-puepr,male,0,1,1,55,1,no,no,no_internet_service,no_internet_service,no_internet_service,no_internet_service,no_internet_service,no_internet_service,two_year,0,bank_transfer_(automatic),19.35,1153.25,0
553,1982-febtd,female,0,1,1,23,1,yes,no,no_internet_service,no_internet_service,no_internet_service,no_internet_service,no_internet_service,no_internet_service,two_year,1,credit_card_(automatic),25.6,514.75,0
554,5301-gauuy,male,0,0,0,32,1,yes,fiber_optic,no,yes,no,no,no,no,month-to-month,1,bank_transfer_(automatic),80.35,2596.15,1
555,5791-kajfd,female,0,1,1,56,1,yes,dsl,yes,no,yes,no,no,yes,one_year,1,bank_transfer_(automatic),68.75,3808.0,0
556,2654-vbvpb,female,0,0,0,1,1,no,no,no_internet_service,no_internet_service,no_internet_service,no_internet_service,no_internet_service,no_internet_service,month-to-month,0,bank_transfer_(automatic),19.9,19.9,0
557,1154-hywwo,male,0,0,0,38,1,no,dsl,yes,yes,no,yes,yes,no,one_year,0,mailed_check,70.6,2708.2,0
558,2501-xwwtz,male,0,0,0,11,1,no,fiber_optic,no,no,no,no,no,no,month-to-month,0,electronic_check,70.2,760.05,0
559,3716-uvspd,male,0,0,0,1,1,no,dsl,no,no,no,yes,no,no,month-to-month,1,electronic_check,49.3,49.3,0
560,6815-abqfq,male,0,1,0,56,1,yes,fiber_optic,no,yes,no,yes,yes,yes,one_year,1,electronic_check,107.25,6033.3,0
561,7343-eobeu,male,0,1,0,3,1,yes,no,no_internet_service,no_internet_service,no_internet_service,no_internet_service,no_internet_service,no_internet_service,month-to-month,1,mailed_check,23.6,89.05,0
562,3701-sfmuh,male,0,1,1,7,1,no,dsl,yes,no,no,no,yes,yes,month-to-month,0,credit_card_(automatic),69.7,516.15,0
563,6103-lianb,male,0,1,1,59,1,yes,fiber_optic,no,no,yes,no,yes,yes,two_year,1,credit_card_(automatic),99.5,5861.75,0
564,7319-venrz,male,0,0,0,7,1,no,dsl,no,no,yes,yes,yes,no,month-to-month,0,bank_transfer_(automatic),64.3,445.95,0
565,5846-neqvz,male,0,1,1,71,1,no,dsl,yes,no,yes,yes,no,yes,two_year,1,credit_card_(automatic),70.85,4973.4,0
566,6967-qiqrv,male,0,1,1,15,1,no,fiber_optic,yes,no,no,yes,yes,yes,one_year,0,electronic_check,101.9,1667.25,0
567,5781-rfzrp,male,0,1,0,71,1,yes,dsl,yes,yes,no,yes,yes,no,two_year,0,credit_card_(automatic),73.5,5357.75,0
568,0939-yapaf,female,0,0,0,35,1,yes,fiber_optic,no,no,yes,no,yes,yes,month-to-month,1,electronic_check,100.25,3527.6,1
569,0308-ivgok,female,0,0,0,11,0,no_phone_service,dsl,no,yes,yes,yes,no,no,one_year,1,credit_card_(automatic),40.4,422.6,0
570,7293-lscdv,female,0,1,1,60,1,no,no,no_internet_service,no_internet_service,no_internet_service,no_internet_service,no_internet_service,no_internet_service,two_year,1,credit_card_(automatic),19.25,1103.25,0
571,7025-wcbne,male,1,0,0,47,1,yes,dsl,no,yes,no,yes,no,no,two_year,0,bank_transfer_(automatic),59.6,2754.0,0
572,5756-jyojt,female,0,0,0,11,1,no,dsl,no,no,yes,yes,no,yes,one_year,0,credit_card_(automatic),64.9,697.25,0
573,4710-fduiz,male,0,1,0,56,1,yes,fiber_optic,no,yes,no,no,yes,yes,one_year,0,credit_card_(automatic),100.3,5614.45,1
574,6030-rehux,female,1,1,0,28,1,yes,fiber_optic,no,yes,yes,yes,yes,yes,month-to-month,1,electronic_check,110.85,3204.4,0
575,9548-ligta,male,0,1,0,61,1,no,dsl,yes,yes,no,yes,yes,yes,two_year,1,mailed_check,81.05,4747.65,0
576,5150-ljnsr,male,0,1,1,31,1,yes,fiber_optic,yes,no,yes,no,yes,no,one_year,0,bank_transfer_(automatic),98.05,3082.1,0
577,8270-rksap,male,0,0,0,9,1,no,fiber_optic,no,no,no,no,no,no,month-to-month,1,electronic_check,70.5,597.9,0
578,6522-yrbxd,male,1,1,0,35,1,yes,fiber_optic,yes,yes,no,no,no,yes,month-to-month,1,electronic_check,94.55,3365.4,0
579,2640-lymov,male,0,0,0,2,1,no,no,no_internet_service,no_internet_service,no_internet_service,no_internet_service,no_internet_service,no_internet_service,month-to-month,1,mailed_check,19.65,38.8,0
580,1218-vkfpe,female,0,1,1,12,1,no,no,no_internet_service,no_internet_service,no_internet_service,no_internet_service,no_internet_service,no_internet_service,month-to-month,0,mailed_check,19.0,233.55,1
581,3627-fhkbk,female,0,0,0,1,1,no,fiber_optic,yes,no,no,no,no,no,month-to-month,0,mailed_check,75.3,75.3,1
582,2865-tchjw,female,1,0,0,4,1,yes,fiber_optic,no,no,yes,no,yes,no,month-to-month,1,electronic_check,89.2,346.2,1
583,1423-bmpbq,female,0,1,1,1,1,no,no,no_internet_service,no_internet_service,no_internet_service,no_internet_service,no_internet_service,no_internet_service,month-to-month,1,mailed_check,19.0,19.0,0
584,2393-divai,female,0,0,0,3,1,no,no,no_internet_service,no_internet_service,no_internet_service,no_internet_service,no_internet_service,no_internet_service,month-to-month,1,mailed_check,20.0,61.7,0
585,5192-ebgov,female,1,0,0,1,1,yes,fiber_optic,no,no,no,no,yes,no,month-to-month,1,electronic_check,85.7,85.7,1
586,4568-knywr,male,0,0,0,52,1,no,dsl,yes,yes,no,no,yes,no,two_year,1,credit_card_(automatic),63.25,3342.45,0
587,8752-imqos,male,0,1,1,5,1,no,no,no_internet_service,no_internet_service,no_internet_service,no_internet_service,no_internet_service,no_internet_service,one_year,0,mailed_check,20.1,85.1,0
588,0742-lafqk,male,0,1,0,72,1,yes,fiber_optic,yes,yes,yes,no,no,yes,two_year,1,electronic_check,99.15,7422.1,0
589,0795-lafgp,male,0,1,1,71,1,yes,dsl,yes,yes,yes,yes,yes,yes,two_year,0,electronic_check,90.4,6668.05,0
590,0619-olyur,male,0,1,0,72,1,yes,fiber_optic,yes,no,yes,yes,yes,yes,two_year,1,credit_card_(automatic),111.9,8071.05,0
591,5512-idzei,male,0,1,1,46,1,yes,no,no_internet_service,no_internet_service,no_internet_service,no_internet_service,no_internet_service,no_internet_service,one_year,0,electronic_check,24.9,1174.8,0
592,0459-spzhj,male,0,1,1,63,1,yes,dsl,yes,yes,yes,no,yes,yes,two_year,0,credit_card_(automatic),83.5,5435.0,0
593,0215-bqkgs,male,0,0,0,30,1,no,fiber_optic,yes,yes,yes,no,no,no,month-to-month,1,credit_card_(automatic),84.3,2438.6,0
594,9244-zvapm,male,0,0,0,1,1,no,dsl,no,no,no,no,no,no,month-to-month,0,mailed_check,45.6,45.6,0
595,0719-syfrb,female,0,0,0,12,1,yes,dsl,yes,no,yes,yes,no,no,month-to-month,1,mailed_check,61.65,713.75,1
596,8208-eumte,male,0,0,0,16,0,no_phone_service,dsl,yes,yes,yes,yes,yes,no,two_year,0,mailed_check,54.85,916.15,0
597,5172-migpm,male,0,0,0,4,1,yes,dsl,no,no,no,yes,no,yes,month-to-month,0,mailed_check,65.55,237.2,0
598,1710-rcxus,male,0,1,0,51,1,yes,fiber_optic,no,yes,no,no,no,yes,one_year,1,credit_card_(automatic),90.35,4614.55,0
599,0374-fiuca,male,0,1,0,65,1,no,no,no_internet_service,no_internet_service,no_internet_service,no_internet_service,no_internet_service,no_internet_service,two_year,1,credit_card_(automatic),20.4,1414.45,0
600,5839-suyvz,male,0,0,0,16,1,no,fiber_optic,no,no,no,yes,no,no,month-to-month,1,credit_card_(automatic),74.55,1170.5,0
601,5173-zxxxl,male,0,0,0,2,1,no,no,no_internet_service,no_internet_service,no_internet_service,no_internet_service,no_internet_service,no_internet_service,one_year,0,mailed_check,19.95,47.7,0
602,1096-adrux,female,0,1,1,66,1,yes,fiber_optic,no,no,no,no,no,no,one_year,1,bank_transfer_(automatic),74.25,4859.25,0
603,2001-mcuuw,male,0,0,0,46,1,yes,fiber_optic,no,yes,yes,yes,yes,yes,two_year,0,electronic_check,108.65,4903.2,0
604,2731-gjrdg,female,0,0,0,32,1,yes,fiber_optic,yes,no,yes,yes,yes,yes,one_year,1,bank_transfer_(automatic),109.55,3608.0,0
605,4723-begsg,male,0,1,0,72,1,yes,dsl,yes,no,yes,yes,yes,yes,two_year,0,credit_card_(automatic),86.65,6094.25,0
606,6516-nkqbo,male,0,1,1,38,1,no,dsl,yes,no,yes,yes,yes,yes,two_year,0,credit_card_(automatic),81.0,3084.9,0
607,8672-oaupw,male,0,0,1,51,1,no,dsl,no,no,no,yes,no,no,one_year,0,credit_card_(automatic),47.85,2356.75,0
608,8207-dmrvl,male,0,1,1,72,1,yes,fiber_optic,yes,yes,yes,yes,yes,yes,two_year,0,bank_transfer_(automatic),114.55,8306.05,0
609,3419-snjjd,female,1,1,0,65,1,yes,fiber_optic,yes,no,yes,no,yes,yes,month-to-month,0,bank_transfer_(automatic),105.25,6786.4,1
610,6543-cpzmk,male,0,1,1,9,0,no_phone_service,dsl,no,yes,no,no,no,no,month-to-month,1,electronic_check,29.95,248.95,1
611,4765-oxppd,female,0,1,1,9,1,no,dsl,yes,yes,yes,yes,no,no,month-to-month,0,mailed_check,65.0,663.05,1
612,2804-etqdk,male,0,0,1,66,1,no,no,no_internet_service,no_internet_service,no_internet_service,no_internet_service,no_internet_service,no_internet_service,two_year,0,mailed_check,20.55,1357.1,0
613,6689-vrrtk,female,1,0,0,44,1,yes,fiber_optic,yes,yes,yes,no,yes,yes,one_year,1,credit_card_(automatic),109.8,4860.35,0
614,7138-girsh,male,0,0,0,50,1,yes,dsl,no,no,yes,yes,no,yes,two_year,0,bank_transfer_(automatic),69.5,3418.2,0
615,9396-zsfll,female,0,0,0,15,1,yes,dsl,no,no,no,no,no,no,month-to-month,0,mailed_check,48.85,631.4,0
616,6464-kexxh,male,0,0,0,8,0,no_phone_service,dsl,no,no,no,no,no,no,month-to-month,1,credit_card_(automatic),25.25,186.3,0
617,7134-mjpdy,female,1,0,0,66,1,yes,fiber_optic,no,no,yes,yes,yes,yes,one_year,1,credit_card_(automatic),102.85,6976.75,0
618,5240-caoyt,female,0,0,0,57,1,yes,fiber_optic,yes,yes,no,yes,no,no,month-to-month,1,bank_transfer_(automatic),87.55,4884.85,0
619,4059-iiebk,female,0,0,0,7,1,yes,fiber_optic,no,yes,no,no,no,no,month-to-month,1,bank_transfer_(automatic),78.55,522.95,0
620,4881-jvqod,male,1,1,1,10,0,no_phone_service,dsl,no,no,no,no,no,yes,month-to-month,1,bank_transfer_(automatic),34.55,362.6,0
621,0516-uxrmt,female,0,0,0,62,1,yes,fiber_optic,yes,yes,yes,no,no,no,one_year,1,electronic_check,92.05,5755.8,0
622,4851-bqdnx,male,0,1,1,40,1,no,fiber_optic,no,no,yes,no,yes,no,one_year,1,electronic_check,85.05,3355.65,0
623,5148-hkfir,female,0,0,0,20,1,no,no,no_internet_service,no_internet_service,no_internet_service,no_internet_service,no_internet_service,no_internet_service,two_year,0,mailed_check,19.7,406.95,0
624,1009-irmna,female,0,0,0,7,1,no,no,no_internet_service,no_internet_service,no_internet_service,no_internet_service,no_internet_service,no_internet_service,month-to-month,0,bank_transfer_(automatic),20.0,137.6,1
625,3003-cmduu,female,0,1,0,25,1,no,fiber_optic,no,no,no,yes,yes,yes,month-to-month,1,electronic_check,95.15,2395.7,0
626,5016-iberq,male,0,1,0,23,1,yes,fiber_optic,no,yes,yes,no,no,no,month-to-month,0,electronic_check,84.25,1968.1,0
627,6797-ucjhz,female,1,1,0,66,1,yes,fiber_optic,no,yes,yes,no,yes,yes,one_year,0,credit_card_(automatic),104.6,6819.45,0
628,2469-dtsgx,female,1,0,0,72,1,yes,fiber_optic,no,yes,yes,yes,yes,yes,two_year,0,electronic_check,111.65,7943.45,0
629,4554-ygzih,male,1,1,0,49,1,yes,fiber_optic,no,yes,no,no,no,yes,month-to-month,0,credit_card_(automatic),90.05,4547.25,1
630,5099-bailx,male,1,1,1,43,1,yes,fiber_optic,no,yes,yes,yes,yes,yes,month-to-month,1,bank_transfer_(automatic),110.75,4687.9,1
631,9931-kghoa,female,0,1,0,46,1,yes,dsl,yes,no,no,no,no,no,month-to-month,0,bank_transfer_(automatic),55.0,2473.95,0
632,1775-kwjkq,male,0,1,1,72,1,yes,dsl,yes,yes,yes,yes,yes,yes,two_year,0,credit_card_(automatic),89.85,6562.9,0
633,7665-vigud,male,0,0,0,10,1,no,no,no_internet_service,no_internet_service,no_internet_service,no_internet_service,no_internet_service,no_internet_service,one_year,0,mailed_check,20.35,176.3,0
634,9411-tpqqv,female,0,0,0,40,0,no_phone_service,dsl,yes,no,no,yes,yes,yes,one_year,1,bank_transfer_(automatic),54.55,2236.2,0
635,7207-rmrdb,female,0,1,1,65,1,yes,fiber_optic,no,yes,yes,no,yes,yes,month-to-month,1,electronic_check,105.5,6985.65,1
636,7954-mlbun,male,0,0,0,31,1,no,fiber_optic,no,no,yes,yes,yes,yes,two_year,0,bank_transfer_(automatic),99.45,3109.9,0
637,2077-ddhjk,female,0,1,0,68,1,yes,dsl,yes,yes,yes,yes,no,no,two_year,0,credit_card_(automatic),70.9,4911.35,0
638,4913-ehyui,male,1,1,1,56,1,yes,fiber_optic,yes,no,yes,no,yes,yes,one_year,1,bank_transfer_(automatic),104.55,5794.65,1
639,0195-iescp,male,0,1,0,10,1,yes,fiber_optic,no,no,no,no,no,yes,month-to-month,1,electronic_check,85.25,855.3,1
640,9574-bosmd,male,0,1,1,68,1,yes,no,no_internet_service,no_internet_service,no_internet_service,no_internet_service,no_internet_service,no_internet_service,two_year,0,bank_transfer_(automatic),25.4,1620.2,0
641,4580-tmhju,female,0,1,1,43,1,no,dsl,no,no,no,no,yes,no,month-to-month,0,electronic_check,56.15,2499.3,1
642,0970-etwge,male,0,0,0,1,1,no,fiber_optic,no,no,no,no,yes,yes,month-to-month,1,electronic_check,89.55,89.55,1
643,4908-xaxay,female,1,0,0,49,1,no,fiber_optic,no,yes,yes,no,no,yes,one_year,1,bank_transfer_(automatic),89.85,4287.2,0
644,8404-vlqfb,female,0,1,1,15,1,yes,no,no_internet_service,no_internet_service,no_internet_service,no_internet_service,no_internet_service,no_internet_service,month-to-month,1,electronic_check,25.25,394.85,0
645,1626-ercmm,male,1,1,0,20,1,yes,fiber_optic,no,no,no,no,yes,yes,month-to-month,1,electronic_check,94.55,1899.65,1
646,0887-hjgar,male,0,0,0,1,1,no,dsl,no,no,no,no,no,no,month-to-month,1,mailed_check,45.7,45.7,1
647,2391-iplop,male,0,1,1,50,1,yes,dsl,no,no,yes,yes,yes,no,one_year,1,electronic_check,69.65,3442.15,0
648,5644-pdmzc,female,1,0,0,2,1,yes,fiber_optic,no,yes,no,no,no,yes,month-to-month,0,electronic_check,89.5,161.5,1
649,3509-gwqgf,male,1,0,0,24,1,no,fiber_optic,no,no,no,no,no,no,month-to-month,0,credit_card_(automatic),70.0,1732.6,0
650,9576-anlxo,female,0,0,0,3,1,no,fiber_optic,no,no,no,no,no,no,month-to-month,1,bank_transfer_(automatic),69.55,222.3,1
651,2024-baskd,female,0,0,0,1,1,no,fiber_optic,no,no,yes,no,no,no,month-to-month,1,mailed_check,74.6,74.6,1
652,5845-bzzib,male,0,1,1,35,1,no,no,no_internet_service,no_internet_service,no_internet_service,no_internet_service,no_internet_service,no_internet_service,two_year,0,mailed_check,20.1,655.3,0
653,1140-ukvzg,female,0,0,0,17,1,yes,no,no_internet_service,no_internet_service,no_internet_service,no_internet_service,no_internet_service,no_internet_service,month-to-month,0,mailed_check,24.8,475.25,0
654,4160-amjtl,female,1,0,0,8,1,no,no,no_internet_service,no_internet_service,no_internet_service,no_internet_service,no_internet_service,no_internet_service,month-to-month,0,electronic_check,19.65,164.3,1
655,5183-snmjq,male,0,0,0,10,1,no,fiber_optic,no,no,no,yes,yes,yes,month-to-month,1,credit_card_(automatic),95.1,865.1,0
656,8100-pnjmh,male,0,1,1,68,1,yes,dsl,yes,yes,yes,yes,yes,yes,two_year,1,credit_card_(automatic),88.85,6132.7,0
657,7838-lazfo,male,0,1,0,45,1,no,dsl,yes,yes,yes,no,yes,yes,one_year,0,bank_transfer_(automatic),78.8,3597.5,0
658,4464-jcoln,male,0,1,1,2,1,no,no,no_internet_service,no_internet_service,no_internet_service,no_internet_service,no_internet_service,no_internet_service,one_year,0,mailed_check,19.85,35.9,1
659,2085-jvgad,male,0,1,0,37,1,no,no,no_internet_service,no_internet_service,no_internet_service,no_internet_service,no_internet_service,no_internet_service,month-to-month,0,bank_transfer_(automatic),20.35,697.65,0
660,5650-vduds,female,0,0,0,4,0,no_phone_service,dsl,no,no,no,no,no,no,month-to-month,1,mailed_check,24.25,96.05,1
661,8095-wanwk,female,0,0,0,10,1,no,dsl,no,no,no,no,no,no,month-to-month,0,mailed_check,45.25,428.7,0
662,3030-zkiwl,male,0,0,0,1,1,no,no,no_internet_service,no_internet_service,no_internet_service,no_internet_service,no_internet_service,no_internet_service,month-to-month,0,mailed_check,20.05,20.05,0
663,9565-flvcg,male,0,1,1,65,1,yes,dsl,yes,yes,no,no,no,yes,two_year,1,mailed_check,69.55,4459.15,0
664,8755-ogkna,female,0,1,1,57,1,no,no,no_internet_service,no_internet_service,no_internet_service,no_internet_service,no_internet_service,no_internet_service,two_year,0,bank_transfer_(automatic),19.5,1167.6,0
665,2800-veqxm,female,0,0,0,3,1,no,fiber_optic,no,no,yes,no,no,no,month-to-month,1,mailed_check,74.75,238.1,0
666,7538-gwhml,female,0,0,0,2,1,no,fiber_optic,no,no,no,no,no,no,month-to-month,0,electronic_check,69.65,145.15,1
667,5533-rjftj,male,0,0,0,49,0,no_phone_service,dsl,no,no,yes,no,no,no,month-to-month,1,bank_transfer_(automatic),30.2,1453.1,0
668,3859-cvcet,female,0,0,0,4,1,no,dsl,no,no,no,no,no,no,month-to-month,0,mailed_check,45.65,191.05,1
669,0214-jhpfw,female,0,1,0,70,0,no_phone_service,dsl,no,yes,yes,yes,yes,yes,two_year,0,bank_transfer_(automatic),57.8,4039.3,0
670,5642-mhdqt,female,0,1,1,53,1,no,no,no_internet_service,no_internet_service,no_internet_service,no_internet_service,no_internet_service,no_internet_service,one_year,1,bank_transfer_(automatic),19.85,1039.45,0
671,3088-fvywk,male,0,1,1,53,1,yes,no,no_internet_service,no_internet_service,no_internet_service,no_internet_service,no_internet_service,no_internet_service,two_year,0,credit_card_(automatic),25.55,1336.1,0
672,3276-hdueg,female,0,0,0,1,1,yes,fiber_optic,no,no,no,no,no,no,month-to-month,1,mailed_check,75.05,75.05,1
673,9092-gdzko,male,0,0,0,22,1,yes,no,no_internet_service,no_internet_service,no_internet_service,no_internet_service,no_internet_service,no_internet_service,month-to-month,1,credit_card_(automatic),24.85,493.4,0
674,0823-hscdj,male,1,0,0,52,0,no_phone_service,dsl,no,yes,no,no,yes,yes,month-to-month,1,electronic_check,49.15,2550.9,1
675,3729-owrvl,male,1,0,0,65,1,yes,fiber_optic,yes,no,yes,yes,yes,yes,two_year,1,electronic_check,110.35,7246.15,0
676,2324-aalno,female,0,0,0,48,1,yes,no,no_internet_service,no_internet_service,no_internet_service,no_internet_service,no_internet_service,no_internet_service,one_year,0,bank_transfer_(automatic),24.55,1203.95,0
677,0822-gavap,female,0,0,0,2,0,no_phone_service,dsl,no,no,no,no,no,yes,month-to-month,1,electronic_check,34.7,62.25,1
678,5760-ifjoz,male,0,0,0,3,1,yes,fiber_optic,no,yes,yes,no,yes,yes,month-to-month,0,mailed_check,107.95,313.6,0
679,2826-uwhis,male,0,1,0,45,1,yes,fiber_optic,no,yes,no,no,no,no,month-to-month,0,bank_transfer_(automatic),81.4,3775.85,0
680,1448-pwkye,male,0,1,1,1,1,no,fiber_optic,no,no,no,no,no,yes,month-to-month,0,electronic_check,80.0,80.0,1
681,7501-iwung,female,0,1,1,61,1,no,dsl,no,no,yes,yes,yes,yes,two_year,1,bank_transfer_(automatic),73.8,4616.05,0
682,4957-treir,male,0,0,0,3,1,no,dsl,yes,no,no,yes,yes,no,month-to-month,1,credit_card_(automatic),64.4,195.65,0
683,7251-ljbqn,female,1,0,0,40,1,yes,fiber_optic,no,no,yes,yes,yes,yes,one_year,1,credit_card_(automatic),103.75,4188.4,0
684,8040-mnrtf,female,0,0,0,1,1,no,fiber_optic,no,no,no,no,no,no,month-to-month,0,mailed_check,71.1,71.1,0
685,1536-hbswp,female,0,0,0,1,1,no,dsl,no,no,no,yes,no,no,month-to-month,1,electronic_check,49.9,49.9,0
686,5313-fpxwg,male,0,0,0,51,1,yes,no,no_internet_service,no_internet_service,no_internet_service,no_internet_service,no_internet_service,no_internet_service,one_year,1,bank_transfer_(automatic),24.6,1266.4,0
687,0067-dkwbl,male,1,0,0,2,1,no,dsl,yes,no,no,no,no,no,month-to-month,1,electronic_check,49.25,91.1,1
688,0946-fkytx,male,0,0,0,52,0,no_phone_service,dsl,no,yes,no,no,no,no,one_year,0,mailed_check,30.1,1623.4,0
689,5076-yvxcm,male,0,0,0,51,1,yes,fiber_optic,no,no,no,no,no,yes,month-to-month,0,bank_transfer_(automatic),83.4,4149.45,0
690,8262-coggb,male,0,0,0,1,1,no,no,no_internet_service,no_internet_service,no_internet_service,no_internet_service,no_internet_service,no_internet_service,month-to-month,1,mailed_check,20.45,20.45,0
691,6663-jocqo,male,0,1,1,31,1,yes,dsl,yes,yes,no,yes,no,yes,one_year,1,bank_transfer_(automatic),75.25,2344.5,0
692,9620-qjrev,male,0,0,1,47,1,no,no,no_internet_service,no_internet_service,no_internet_service,no_internet_service,no_internet_service,no_internet_service,one_year,0,credit_card_(automatic),20.55,1013.05,0
693,2276-ydavz,female,0,0,0,3,1,yes,fiber_optic,no,no,no,no,no,no,month-to-month,1,credit_card_(automatic),75.1,270.7,1
694,2682-kevrp,female,1,0,0,22,1,no,no,no_internet_service,no_internet_service,no_internet_service,no_internet_service,no_internet_service,no_internet_service,one_year,1,mailed_check,20.05,417.0,0
695,2480-jzosn,female,0,1,0,1,1,no,no,no_internet_service,no_internet_service,no_internet_service,no_internet_service,no_internet_service,no_internet_service,month-to-month,1,mailed_check,20.65,20.65,0
696,0078-xzmht,male,0,1,0,72,1,yes,dsl,no,yes,yes,yes,yes,yes,two_year,1,bank_transfer_(automatic),85.15,6316.2,0
697,5896-npfww,male,0,1,1,3,1,no,dsl,no,no,yes,no,no,no,month-to-month,1,electronic_check,50.15,168.15,1
698,9978-hycin,male,1,1,1,47,1,no,fiber_optic,no,yes,no,no,yes,no,one_year,1,bank_transfer_(automatic),84.95,4018.05,0
699,8338-qiunr,male,0,1,1,72,1,yes,dsl,yes,no,yes,yes,no,no,two_year,1,credit_card_(automatic),66.5,4811.6,0
700,1525-lnloj,male,0,1,1,66,1,yes,dsl,no,no,yes,no,yes,no,two_year,1,bank_transfer_(automatic),63.3,4189.7,0
701,9450-trjuu,male,0,0,0,35,1,yes,fiber_optic,no,no,no,no,yes,no,month-to-month,0,electronic_check,83.15,2848.45,0
702,1766-gknmi,male,0,0,0,29,1,yes,fiber_optic,no,no,no,no,no,yes,month-to-month,1,electronic_check,84.9,2516.2,0
703,6942-lbfdp,female,0,0,0,2,1,no,no,no_internet_service,no_internet_service,no_internet_service,no_internet_service,no_internet_service,no_internet_service,month-to-month,1,mailed_check,20.55,33.6,0
704,1456-twcgb,male,0,0,0,4,1,no,dsl,no,yes,no,no,no,no,month-to-month,0,mailed_check,49.25,208.45,0
705,7133-vbdcg,female,0,0,0,25,1,no,fiber_optic,yes,yes,no,no,no,no,month-to-month,1,bank_transfer_(automatic),79.85,2015.35,1
706,7596-zywbb,female,0,0,0,65,1,no,dsl,yes,yes,no,yes,no,no,two_year,1,mailed_check,59.6,3739.8,0
707,8329-utmvm,male,1,0,0,27,1,yes,fiber_optic,no,yes,no,yes,yes,yes,one_year,1,bank_transfer_(automatic),104.65,2964.0,0
708,3014-wjksm,male,0,1,0,29,1,no,fiber_optic,no,no,yes,no,no,no,month-to-month,1,credit_card_(automatic),75.3,2263.4,0
709,3347-yjzze,male,0,1,1,29,1,yes,dsl,no,yes,yes,no,yes,yes,month-to-month,0,credit_card_(automatic),80.1,2211.8,0
710,1029-qfben,male,0,0,0,1,1,no,no,no_internet_service,no_internet_service,no_internet_service,no_internet_service,no_internet_service,no_internet_service,month-to-month,0,mailed_check,19.55,19.55,1
711,7929-dmbcv,female,0,1,0,20,1,no,fiber_optic,no,no,yes,yes,no,no,month-to-month,1,mailed_check,81.0,1683.7,0
712,9661-jalzv,female,0,0,0,58,1,yes,no,no_internet_service,no_internet_service,no_internet_service,no_internet_service,no_internet_service,no_internet_service,two_year,1,credit_card_(automatic),24.7,1519.0,0
713,5433-kyghe,female,0,0,1,14,1,yes,fiber_optic,yes,no,no,yes,no,no,month-to-month,1,mailed_check,86.0,1164.05,0
714,4312-kfrxn,male,0,1,0,72,1,yes,no,no_internet_service,no_internet_service,no_internet_service,no_internet_service,no_internet_service,no_internet_service,two_year,0,mailed_check,25.4,1710.9,0
715,5575-tpizq,male,0,0,0,46,1,yes,fiber_optic,yes,no,no,no,yes,no,month-to-month,1,credit_card_(automatic),89.15,4245.55,0
716,0114-igabw,female,0,1,0,71,0,no_phone_service,dsl,no,yes,yes,yes,yes,yes,two_year,0,bank_transfer_(automatic),58.25,4145.9,0
717,9944-aexbm,male,0,0,0,32,1,yes,fiber_optic,no,no,no,no,no,yes,month-to-month,1,bank_transfer_(automatic),85.65,2664.3,0
718,1853-araaq,female,0,0,0,26,0,no_phone_service,dsl,no,no,yes,no,yes,yes,month-to-month,1,credit_card_(automatic),50.35,1277.5,0
719,6952-omnwb,male,1,1,0,68,1,yes,fiber_optic,no,no,yes,no,no,no,month-to-month,1,credit_card_(automatic),80.35,5589.3,0
720,4697-lupsu,male,0,1,1,2,1,no,no,no_internet_service,no_internet_service,no_internet_service,no_internet_service,no_internet_service,no_internet_service,one_year,0,mailed_check,20.2,34.75,0
721,8434-vgeqq,male,0,1,1,61,1,no,no,no_internet_service,no_internet_service,no_internet_service,no_internet_service,no_internet_service,no_internet_service,two_year,0,credit_card_(automatic),20.55,1305.95,0
722,4952-ysogz,female,0,1,1,4,1,yes,fiber_optic,no,no,no,no,no,yes,month-to-month,1,electronic_check,85.95,381.3,1
723,1589-agtlk,male,0,0,0,3,1,no,dsl,no,no,no,no,no,no,month-to-month,1,electronic_check,45.35,141.5,1
724,5244-irfih,male,1,1,0,33,1,yes,fiber_optic,no,no,no,no,yes,yes,month-to-month,1,electronic_check,94.5,3105.55,1
725,6549-ymfaw,male,1,1,0,9,1,no,no,no_internet_service,no_internet_service,no_internet_service,no_internet_service,no_internet_service,no_internet_service,month-to-month,1,mailed_check,21.25,204.55,0
726,4950-hkqte,female,0,0,0,22,1,yes,no,no_internet_service,no_internet_service,no_internet_service,no_internet_service,no_internet_service,no_internet_service,two_year,0,mailed_check,26.25,605.9,0
727,6786-obwqr,female,0,1,1,5,1,no,fiber_optic,no,no,no,no,yes,no,month-to-month,1,electronic_check,80.85,356.1,0
728,2684-eiweo,female,1,0,0,30,1,yes,fiber_optic,yes,yes,yes,no,no,no,month-to-month,0,credit_card_(automatic),91.7,2758.15,1
729,2753-jmmcv,male,0,0,0,65,1,yes,dsl,no,yes,yes,yes,no,yes,two_year,1,credit_card_(automatic),74.2,4805.65,0
730,6439-gtpca,female,0,0,0,45,1,yes,fiber_optic,no,no,yes,yes,no,no,month-to-month,1,electronic_check,87.25,3941.7,1
731,6621-yobki,male,0,0,0,5,1,no,no,no_internet_service,no_internet_service,no_internet_service,no_internet_service,no_internet_service,no_internet_service,month-to-month,0,mailed_check,20.35,92.75,0
732,1216-jwvux,male,0,1,1,25,1,no,fiber_optic,no,yes,no,no,no,no,month-to-month,1,electronic_check,75.5,1901.05,0
733,7564-ghcvb,female,0,1,1,72,1,yes,fiber_optic,yes,no,no,no,no,no,two_year,0,bank_transfer_(automatic),79.05,5730.7,0
734,1173-noeyg,female,0,1,0,27,1,yes,fiber_optic,no,no,yes,no,no,yes,month-to-month,0,bank_transfer_(automatic),90.15,2423.4,0
735,7595-ehcdl,male,0,1,1,32,0,no_phone_service,dsl,no,no,yes,no,yes,yes,month-to-month,0,credit_card_(automatic),50.6,1653.45,0
736,6647-zedxt,female,0,0,0,30,1,yes,fiber_optic,no,yes,yes,yes,yes,yes,one_year,0,credit_card_(automatic),110.45,3327.05,0
737,2521-npuzr,male,0,1,0,70,1,no,fiber_optic,yes,yes,yes,yes,no,yes,two_year,0,credit_card_(automatic),101.0,7085.5,0
738,1307-tvufb,male,1,0,0,42,1,yes,fiber_optic,no,yes,no,no,no,no,month-to-month,1,bank_transfer_(automatic),79.35,3344.1,0
739,7503-mioga,female,1,1,0,72,1,yes,dsl,yes,yes,yes,yes,yes,yes,two_year,1,bank_transfer_(automatic),89.85,6697.35,0
740,4381-mhqdc,female,0,0,0,47,1,yes,dsl,yes,no,yes,yes,no,no,two_year,1,mailed_check,65.0,2879.9,0
741,6923-jhpmp,female,0,0,0,2,1,no,fiber_optic,yes,no,yes,no,no,no,month-to-month,1,electronic_check,80.45,137.1,0
742,5138-wvkyj,male,0,0,0,10,1,yes,fiber_optic,yes,no,no,no,yes,yes,month-to-month,0,electronic_check,98.55,1008.55,1
743,4018-ppndw,female,0,1,1,61,1,yes,no,no_internet_service,no_internet_service,no_internet_service,no_internet_service,no_internet_service,no_internet_service,two_year,1,mailed_check,24.1,1551.6,0
744,1635-fjfcc,female,0,0,0,5,1,no,dsl,no,no,no,no,no,no,month-to-month,1,credit_card_(automatic),44.05,202.15,0
745,2499-ajyua,female,1,1,0,72,1,yes,fiber_optic,no,yes,yes,yes,yes,yes,two_year,1,credit_card_(automatic),110.8,7882.25,0
746,6919-elbgl,male,1,1,1,72,1,yes,fiber_optic,yes,yes,yes,yes,yes,yes,two_year,1,bank_transfer_(automatic),114.95,8196.4,0
747,3966-hrmza,female,1,0,0,3,1,no,fiber_optic,no,no,yes,no,no,no,month-to-month,0,mailed_check,75.05,202.9,0
748,6425-jwtdv,male,0,1,0,48,1,no,no,no_internet_service,no_internet_service,no_internet_service,no_internet_service,no_internet_service,no_internet_service,two_year,0,mailed_check,19.25,855.1,0
749,8405-igqfx,female,0,0,0,63,1,no,fiber_optic,no,no,yes,yes,yes,no,one_year,1,credit_card_(automatic),90.05,5817.0,0
750,8224-ivvpa,female,0,0,0,27,1,no,dsl,yes,yes,no,no,no,no,month-to-month,1,mailed_check,56.7,1652.95,0
751,9477-lgwqi,male,0,1,1,70,1,no,dsl,yes,yes,yes,no,yes,yes,two_year,1,credit_card_(automatic),80.15,5600.15,0
752,1410-rscmr,male,0,1,1,7,1,no,dsl,yes,no,yes,yes,no,yes,month-to-month,1,credit_card_(automatic),71.35,515.75,0
753,3115-czmzd,male,0,0,1,0,1,no,no,no_internet_service,no_internet_service,no_internet_service,no_internet_service,no_internet_service,no_internet_service,two_year,0,mailed_check,20.25,1397.475,0
754,0139-ivfjg,female,0,1,0,2,1,no,fiber_optic,yes,yes,no,no,yes,no,month-to-month,0,electronic_check,90.35,190.5,0
755,6683-vlctz,male,1,0,0,20,1,yes,fiber_optic,no,no,yes,no,yes,yes,month-to-month,1,electronic_check,98.55,1842.8,1
756,5730-dbdsi,male,0,0,0,66,1,no,no,no_internet_service,no_internet_service,no_internet_service,no_internet_service,no_internet_service,no_internet_service,two_year,0,bank_transfer_(automatic),19.7,1253.8,0
757,0030-fnxpp,female,0,0,0,3,1,no,no,no_internet_service,no_internet_service,no_internet_service,no_internet_service,no_internet_service,no_internet_service,month-to-month,0,mailed_check,19.85,57.2,0
758,2189-wwoew,female,0,0,1,15,1,no,fiber_optic,no,yes,no,no,no,yes,month-to-month,1,bank_transfer_(automatic),85.9,1269.55,1
759,5684-fjvyr,female,0,1,1,72,1,yes,fiber_optic,yes,yes,no,yes,no,no,two_year,1,bank_transfer_(automatic),90.35,6563.4,0
760,4013-guxnd,male,0,0,0,1,1,no,no,no_internet_service,no_internet_service,no_internet_service,no_internet_service,no_internet_service,no_internet_service,month-to-month,0,mailed_check,20.8,20.8,0
761,1894-igfsg,female,0,0,0,22,1,no,fiber_optic,no,no,no,no,yes,yes,month-to-month,0,electronic_check,89.25,1907.85,1
762,7379-pokdz,male,0,1,0,3,1,no,fiber_optic,no,no,no,no,no,no,month-to-month,1,electronic_check,70.3,208.85,1
763,1266-nzyui,female,0,1,1,72,1,yes,dsl,yes,no,yes,yes,no,no,two_year,0,bank_transfer_(automatic),66.85,4758.8,0
764,7969-ffowg,male,0,1,1,65,1,no,no,no_internet_service,no_internet_service,no_internet_service,no_internet_service,no_internet_service,no_internet_service,two_year,0,mailed_check,19.9,1292.6,0
765,4718-dhsmv,female,0,0,0,11,0,no_phone_service,dsl,no,no,no,no,yes,no,month-to-month,1,mailed_check,35.8,363.15,0
766,5175-wlyxl,male,0,0,0,22,1,yes,fiber_optic,no,yes,no,no,no,no,month-to-month,1,mailed_check,78.85,1600.25,0
767,7817-omjna,male,0,0,0,14,1,no,no,no_internet_service,no_internet_service,no_internet_service,no_internet_service,no_internet_service,no_internet_service,one_year,0,bank_transfer_(automatic),20.4,275.7,0
768,8728-skjlr,male,0,0,0,41,1,no,fiber_optic,no,no,no,yes,no,no,month-to-month,1,electronic_check,74.25,3089.1,0
769,3137-nyqqi,male,0,1,0,17,1,no,dsl,yes,yes,no,no,no,yes,one_year,0,mailed_check,64.8,1175.6,0
770,7706-dznkk,male,0,0,0,11,1,no,no,no_internet_service,no_internet_service,no_internet_service,no_internet_service,no_internet_service,no_internet_service,month-to-month,1,credit_card_(automatic),20.45,237.3,0
771,0236-hfwsv,male,0,0,0,15,1,yes,fiber_optic,no,no,no,no,yes,yes,month-to-month,1,electronic_check,93.35,1444.65,1
772,3900-aqphz,female,0,0,0,1,1,no,no,no_internet_service,no_internet_service,no_internet_service,no_internet_service,no_internet_service,no_internet_service,month-to-month,0,mailed_check,19.9,19.9,1
773,5842-pocop,female,0,1,0,5,1,no,fiber_optic,yes,no,yes,no,no,yes,month-to-month,1,mailed_check,88.9,454.15,1
774,2037-xjfup,male,0,1,0,33,1,no,fiber_optic,no,no,yes,no,yes,yes,one_year,1,electronic_check,95.8,3036.75,1
775,8823-rlpwl,female,0,1,0,72,1,yes,fiber_optic,yes,yes,yes,no,yes,yes,two_year,1,credit_card_(automatic),110.65,8065.65,0
776,9505-sqfsw,female,0,1,1,3,0,no_phone_service,dsl,no,yes,no,no,no,yes,month-to-month,0,mailed_check,40.3,92.5,0
777,7314-oxenn,male,0,0,0,2,1,yes,fiber_optic,no,yes,no,no,no,no,month-to-month,1,electronic_check,82.0,184.65,1
778,3758-ckoql,female,0,1,0,59,1,yes,fiber_optic,yes,yes,yes,yes,no,yes,one_year,1,credit_card_(automatic),107.0,6152.3,0
779,0322-chqru,male,0,0,0,2,1,no,dsl,no,no,no,no,no,no,month-to-month,0,electronic_check,45.35,89.5,1
780,5676-cflyy,male,0,1,1,71,1,no,dsl,no,yes,no,yes,yes,yes,two_year,1,credit_card_(automatic),73.35,5154.5,0
781,7521-afhab,female,0,1,1,5,1,no,dsl,no,no,no,no,no,no,month-to-month,0,mailed_check,44.8,220.45,0
782,0285-inhln,male,0,1,1,27,1,no,dsl,yes,yes,no,no,no,no,month-to-month,1,credit_card_(automatic),54.75,1510.3,0
783,4678-dvqeo,female,0,0,0,1,1,no,dsl,no,no,no,yes,no,no,month-to-month,1,electronic_check,52.2,52.2,1
784,5125-cndsp,male,0,0,1,63,0,no_phone_service,dsl,yes,yes,no,yes,no,no,one_year,1,bank_transfer_(automatic),40.6,2588.95,0
785,0691-ifbqw,female,1,0,0,46,1,yes,fiber_optic,yes,yes,yes,no,yes,yes,one_year,1,electronic_check,110.0,4874.8,1
786,4992-ltjne,male,0,1,1,72,1,yes,dsl,yes,no,no,no,no,no,two_year,0,bank_transfer_(automatic),55.3,3983.6,0
787,2202-outmo,female,0,1,0,34,1,yes,dsl,yes,no,no,yes,no,no,month-to-month,1,bank_transfer_(automatic),60.85,2003.6,0
788,0810-bdhaw,female,0,1,1,24,1,yes,dsl,yes,yes,no,no,yes,yes,one_year,0,electronic_check,78.4,1832.4,0
789,0229-lfjaf,male,0,0,0,72,1,yes,dsl,yes,yes,yes,yes,no,no,two_year,0,bank_transfer_(automatic),69.65,4908.25,0
790,7131-zqznk,female,0,1,1,60,0,no_phone_service,dsl,yes,no,yes,yes,yes,yes,two_year,0,credit_card_(automatic),59.85,3590.2,0
791,3442-zhhcc,male,0,0,0,68,1,yes,dsl,yes,yes,yes,no,no,yes,one_year,1,credit_card_(automatic),76.9,5023.0,0
792,5726-cvnya,female,0,1,1,8,1,no,no,no_internet_service,no_internet_service,no_internet_service,no_internet_service,no_internet_service,no_internet_service,two_year,1,mailed_check,19.85,146.6,0
793,9871-eleya,female,0,0,1,34,1,no,dsl,yes,no,yes,yes,yes,no,two_year,0,credit_card_(automatic),67.65,2339.3,0
794,4257-gaesd,female,0,0,0,6,0,no_phone_service,dsl,no,no,no,no,yes,yes,month-to-month,0,credit_card_(automatic),45.0,298.7,0
795,5173-wxoqv,male,0,1,0,2,1,no,dsl,no,yes,no,yes,no,yes,month-to-month,1,mailed_check,64.2,143.65,0
796,2040-obmlj,male,0,0,0,31,1,yes,fiber_optic,no,no,no,yes,no,no,one_year,0,credit_card_(automatic),81.7,2548.65,0
797,6286-zhaok,female,0,1,1,20,1,yes,no,no_internet_service,no_internet_service,no_internet_service,no_internet_service,no_internet_service,no_internet_service,month-to-month,1,bank_transfer_(automatic),25.55,507.4,0
798,3807-xhcjh,female,0,1,1,1,1,no,no,no_internet_service,no_internet_service,no_internet_service,no_internet_service,no_internet_service,no_internet_service,month-to-month,0,electronic_check,20.0,20.0,0
799,3009-jwmpu,male,0,0,0,62,1,yes,fiber_optic,no,no,yes,no,yes,yes,one_year,1,electronic_check,96.75,6125.4,1
800,5671-rqrlp,female,1,1,0,70,1,yes,fiber_optic,no,no,no,no,no,no,two_year,1,credit_card_(automatic),75.65,5411.4,0
801,1450-galxr,female,0,0,0,10,1,yes,fiber_optic,no,no,no,yes,yes,yes,month-to-month,1,electronic_check,98.5,1058.25,1
802,8859-axjzp,male,0,1,1,39,1,yes,no,no_internet_service,no_internet_service,no_internet_service,no_internet_service,no_internet_service,no_internet_service,two_year,1,mailed_check,23.8,903.8,0
803,3174-akmas,female,0,1,0,46,1,no,dsl,no,yes,no,yes,yes,no,two_year,1,credit_card_(automatic),64.2,3009.5,0
804,3138-bkyav,male,0,0,0,6,1,no,fiber_optic,no,yes,no,no,yes,no,month-to-month,1,electronic_check,85.35,489.45,1
805,9926-pjhdq,female,0,1,1,72,1,yes,dsl,no,no,yes,no,yes,yes,two_year,1,bank_transfer_(automatic),76.8,5468.45,0
806,7382-dfjtu,male,0,0,0,18,1,no,dsl,no,no,yes,yes,no,no,month-to-month,0,credit_card_(automatic),55.2,1058.1,0
807,2798-nylmz,male,0,1,0,71,1,yes,fiber_optic,yes,no,yes,yes,yes,yes,two_year,1,credit_card_(automatic),108.55,7616.0,0
808,4289-dtdkw,male,0,1,0,40,1,yes,fiber_optic,no,yes,no,no,yes,yes,month-to-month,1,electronic_check,101.3,4113.1,1
809,1820-tqvev,male,0,0,0,1,1,no,fiber_optic,no,no,no,no,no,no,month-to-month,1,electronic_check,69.55,69.55,1
810,2239-jalaw,male,0,0,0,58,1,yes,fiber_optic,no,yes,yes,no,yes,yes,one_year,1,bank_transfer_(automatic),103.25,6017.65,1
811,4853-rulsv,male,0,0,0,70,1,yes,fiber_optic,yes,no,no,yes,yes,yes,two_year,1,credit_card_(automatic),104.0,7250.15,1
812,8098-tdcbu,female,0,1,0,42,1,yes,no,no_internet_service,no_internet_service,no_internet_service,no_internet_service,no_internet_service,no_internet_service,two_year,0,electronic_check,25.25,1108.2,0
813,3551-gaegl,male,0,1,1,34,0,no_phone_service,dsl,yes,no,no,no,no,no,one_year,0,bank_transfer_(automatic),30.4,938.65,0
814,4785-nkhcx,male,1,0,0,5,1,no,no,no_internet_service,no_internet_service,no_internet_service,no_internet_service,no_internet_service,no_internet_service,month-to-month,0,bank_transfer_(automatic),20.05,94.15,0
815,3196-nvxlz,female,0,0,0,25,1,yes,fiber_optic,no,no,no,no,yes,no,month-to-month,1,mailed_check,84.6,2088.05,0
816,6275-yduvo,female,0,0,0,2,1,no,fiber_optic,no,no,yes,no,no,yes,month-to-month,1,mailed_check,86.2,178.7,1
817,0036-ihmot,female,0,1,1,55,1,no,fiber_optic,no,yes,yes,yes,yes,yes,one_year,1,bank_transfer_(automatic),103.7,5656.75,0
818,0115-tfert,male,0,1,0,21,1,yes,fiber_optic,no,yes,yes,yes,yes,yes,month-to-month,1,electronic_check,111.2,2317.1,1
819,4178-egmon,male,0,1,0,70,1,yes,fiber_optic,yes,yes,no,yes,no,no,two_year,1,credit_card_(automatic),88.0,5986.45,0
820,4220-tinqt,female,0,1,0,61,1,yes,fiber_optic,no,no,yes,yes,yes,yes,month-to-month,1,electronic_check,106.35,6751.35,0
821,5318-ykdpv,male,0,1,1,43,1,no,dsl,yes,no,yes,yes,yes,yes,two_year,1,credit_card_(automatic),79.15,3566.6,0
822,7975-tzmlr,male,0,0,0,47,1,yes,fiber_optic,no,yes,yes,no,yes,yes,one_year,1,electronic_check,103.1,4889.3,0
823,0295-qvkpb,male,0,0,0,5,1,no,dsl,no,no,yes,yes,yes,no,month-to-month,1,credit_card_(automatic),63.95,318.1,0
824,4335-bsmjs,female,0,0,0,62,1,yes,no,no_internet_service,no_internet_service,no_internet_service,no_internet_service,no_internet_service,no_internet_service,two_year,1,credit_card_(automatic),25.8,1563.95,0
825,2311-qymuq,female,0,1,1,16,1,no,fiber_optic,no,yes,yes,no,yes,no,month-to-month,1,credit_card_(automatic),89.45,1430.25,1
826,3643-ahcfp,male,1,1,0,7,1,yes,fiber_optic,no,no,no,no,yes,yes,month-to-month,1,bank_transfer_(automatic),95.6,644.35,1
827,9146-jriox,female,0,1,1,14,1,yes,no,no_internet_service,no_internet_service,no_internet_service,no_internet_service,no_internet_service,no_internet_service,month-to-month,0,mailed_check,25.55,372.45,0
828,3104-owcgk,male,0,1,1,60,1,no,fiber_optic,no,yes,yes,no,yes,no,one_year,0,electronic_check,90.95,5453.4,1
829,5337-iiwkz,male,0,1,1,34,0,no_phone_service,dsl,no,no,yes,yes,yes,no,month-to-month,1,electronic_check,44.85,1442.6,0
830,9101-bwfss,female,0,1,0,50,1,yes,fiber_optic,yes,yes,no,yes,yes,yes,one_year,0,electronic_check,108.55,5610.7,1
831,9650-vbuog,male,0,1,1,38,1,yes,no,no_internet_service,no_internet_service,no_internet_service,no_internet_service,no_internet_service,no_internet_service,two_year,0,credit_card_(automatic),25.05,963.95,0
832,3487-earat,female,0,1,1,70,1,no,dsl,yes,yes,yes,yes,no,yes,one_year,0,credit_card_(automatic),74.1,5222.3,0
833,2672-tgeff,female,0,1,1,37,1,yes,fiber_optic,no,yes,no,no,yes,no,month-to-month,1,electronic_check,88.8,3340.55,0
834,9231-zjyam,female,1,0,0,4,1,no,fiber_optic,no,no,no,no,yes,no,month-to-month,1,electronic_check,78.85,292.8,1
835,4250-waroz,male,1,1,1,60,1,yes,fiber_optic,yes,yes,no,no,no,yes,month-to-month,1,electronic_check,93.25,5774.55,0
836,8184-wmofi,male,0,1,1,62,1,no,dsl,yes,no,yes,yes,no,yes,one_year,0,credit_card_(automatic),71.4,4487.3,0
837,6982-sshfk,male,0,0,0,1,1,no,dsl,no,no,no,no,no,no,month-to-month,0,mailed_check,44.4,44.4,1
838,6092-qzvpp,male,0,0,0,36,1,no,dsl,yes,no,yes,yes,yes,yes,month-to-month,1,credit_card_(automatic),79.2,2854.95,0
839,4625-lamob,male,0,0,0,44,1,no,no,no_internet_service,no_internet_service,no_internet_service,no_internet_service,no_internet_service,no_internet_service,two_year,0,credit_card_(automatic),20.4,905.55,0
840,0727-bmplr,female,1,0,0,55,1,yes,fiber_optic,no,no,yes,no,yes,yes,one_year,1,electronic_check,100.0,5509.3,1
841,0392-bziuw,female,0,1,0,72,1,yes,fiber_optic,yes,no,yes,no,yes,yes,two_year,1,credit_card_(automatic),105.0,7589.8,0
842,1038-zagbi,female,0,1,1,12,1,no,no,no_internet_service,no_internet_service,no_internet_service,no_internet_service,no_internet_service,no_internet_service,one_year,0,bank_transfer_(automatic),19.8,229.6,1
843,6549-nndyt,female,0,0,0,13,0,no_phone_service,dsl,yes,no,no,no,no,no,month-to-month,1,bank_transfer_(automatic),30.85,394.1,0
844,3027-ztdho,male,0,0,0,1,1,no,fiber_optic,no,no,no,no,yes,yes,month-to-month,1,electronic_check,89.9,89.9,1
845,0422-ohqhq,female,0,1,1,15,1,no,no,no_internet_service,no_internet_service,no_internet_service,no_internet_service,no_internet_service,no_internet_service,one_year,0,mailed_check,20.55,295.95,0
846,6916-hijse,female,0,0,0,65,1,no,dsl,yes,yes,yes,yes,yes,yes,two_year,1,bank_transfer_(automatic),84.85,5459.2,0
847,2316-esmls,female,0,1,1,12,0,no_phone_service,dsl,yes,no,no,yes,no,no,one_year,0,credit_card_(automatic),33.15,444.75,0
848,9778-ogkqz,male,0,1,0,72,1,yes,dsl,yes,yes,yes,yes,yes,yes,two_year,1,credit_card_(automatic),92.0,6782.15,0
849,7408-ofwxj,female,0,1,1,72,1,yes,dsl,yes,yes,yes,yes,yes,yes,two_year,0,credit_card_(automatic),89.8,6510.45,0
850,6007-tctst,female,0,1,1,72,1,yes,fiber_optic,yes,yes,yes,yes,yes,yes,two_year,1,bank_transfer_(automatic),115.8,8476.5,0
851,2252-nknsi,male,0,0,1,52,1,yes,dsl,yes,yes,no,yes,yes,yes,two_year,1,mailed_check,85.15,4461.85,0
852,8713-igzso,male,0,0,0,2,1,yes,no,no_internet_service,no_internet_service,no_internet_service,no_internet_service,no_internet_service,no_internet_service,month-to-month,0,mailed_check,24.85,62.0,0
853,7905-tvxta,female,0,0,0,5,1,no,dsl,yes,no,no,yes,yes,no,month-to-month,1,electronic_check,64.35,352.65,0
854,7695-pklcz,female,0,0,0,68,1,no,no,no_internet_service,no_internet_service,no_internet_service,no_internet_service,no_internet_service,no_internet_service,two_year,0,credit_card_(automatic),20.5,1424.9,0
855,2382-bckqj,female,0,0,1,62,1,yes,fiber_optic,no,no,yes,no,yes,yes,one_year,1,electronic_check,100.15,6413.65,1
856,8374-uulrv,male,0,0,0,72,1,yes,dsl,yes,yes,no,yes,yes,yes,two_year,0,credit_card_(automatic),86.05,6309.65,0
857,2207-nhrjk,male,0,0,0,1,1,no,dsl,no,yes,no,no,no,no,month-to-month,0,electronic_check,50.8,50.8,1
858,3224-dfqnq,female,0,1,0,66,1,yes,fiber_optic,yes,yes,no,yes,no,no,one_year,0,electronic_check,89.0,5898.6,0
859,5275-pmfut,male,0,1,1,72,0,no_phone_service,dsl,yes,yes,yes,yes,yes,yes,two_year,1,credit_card_(automatic),64.8,4719.75,0
860,4795-uxvcj,male,0,0,0,26,1,no,no,no_internet_service,no_internet_service,no_internet_service,no_internet_service,no_internet_service,no_internet_service,one_year,0,credit_card_(automatic),19.8,457.3,0
861,9777-iqhwp,male,0,1,1,64,1,yes,fiber_optic,yes,no,yes,no,no,yes,two_year,0,bank_transfer_(automatic),93.4,5822.3,0
862,0947-mugvo,male,1,1,0,20,1,no,fiber_optic,no,yes,no,no,no,no,month-to-month,1,electronic_check,73.65,1463.5,1
863,9944-hkvvb,female,0,0,0,3,1,no,fiber_optic,no,yes,no,no,yes,yes,month-to-month,1,electronic_check,95.1,307.4,1
864,4124-mmetb,male,0,0,0,22,1,yes,fiber_optic,no,no,no,no,yes,yes,month-to-month,1,credit_card_(automatic),94.65,2104.55,1
865,3671-shrsp,male,0,1,0,4,1,no,fiber_optic,no,no,yes,yes,no,no,month-to-month,1,mailed_check,80.6,319.15,1
866,0979-mozqi,male,0,1,0,62,0,no_phone_service,dsl,no,no,no,yes,yes,no,two_year,1,bank_transfer_(automatic),39.0,2337.45,0
867,2732-isezx,female,0,0,0,5,1,no,no,no_internet_service,no_internet_service,no_internet_service,no_internet_service,no_internet_service,no_internet_service,month-to-month,1,mailed_check,20.5,104.3,0
868,3313-qknkb,male,0,1,0,59,1,yes,fiber_optic,no,no,no,no,no,yes,one_year,0,electronic_check,85.55,5084.65,1
869,0323-xwwtn,male,0,0,1,3,1,yes,no,no_internet_service,no_internet_service,no_internet_service,no_internet_service,no_internet_service,no_internet_service,two_year,1,mailed_check,26.4,121.25,0
870,1937-otuky,female,0,1,0,72,1,yes,fiber_optic,yes,no,yes,yes,yes,no,two_year,1,bank_transfer_(automatic),98.2,7015.9,0
871,1573-lgxba,male,0,1,1,57,1,no,fiber_optic,no,yes,yes,no,yes,yes,one_year,1,credit_card_(automatic),97.55,5598.0,0
872,1764-vuumt,male,0,0,1,66,1,no,no,no_internet_service,no_internet_service,no_internet_service,no_internet_service,no_internet_service,no_internet_service,two_year,0,credit_card_(automatic),19.95,1269.1,0
873,5073-wxoyn,female,0,0,0,60,0,no_phone_service,dsl,no,yes,no,no,yes,yes,month-to-month,1,electronic_check,50.8,3027.4,1
874,4713-zburt,male,0,0,1,45,1,yes,fiber_optic,no,no,yes,no,yes,yes,two_year,0,bank_transfer_(automatic),99.7,4634.35,0
875,3050-gbush,female,0,0,0,3,0,no_phone_service,dsl,no,no,no,no,yes,no,month-to-month,1,credit_card_(automatic),34.8,113.95,0
876,0207-mdknv,female,0,0,0,15,1,no,fiber_optic,yes,no,yes,yes,yes,yes,month-to-month,0,electronic_check,105.1,1582.75,1
877,7876-aehig,female,0,0,1,51,0,no_phone_service,dsl,yes,no,yes,yes,yes,yes,one_year,0,bank_transfer_(automatic),60.15,3077.0,0
878,7945-hlkea,female,0,0,0,60,1,yes,dsl,yes,no,yes,yes,no,no,one_year,0,electronic_check,64.75,4039.5,0
879,9342-vnimq,male,0,0,0,33,1,yes,dsl,no,yes,no,no,no,no,month-to-month,1,bank_transfer_(automatic),54.65,1665.2,0
880,9851-kielu,male,0,0,0,10,1,no,fiber_optic,yes,yes,yes,yes,yes,yes,month-to-month,1,electronic_check,110.1,1043.3,1
881,3523-brguw,male,1,0,0,26,1,no,no,no_internet_service,no_internet_service,no_internet_service,no_internet_service,no_internet_service,no_internet_service,one_year,0,credit_card_(automatic),19.3,504.2,0
882,3908-blsyf,female,0,0,0,6,1,no,fiber_optic,no,no,yes,no,no,yes,month-to-month,0,electronic_check,83.9,497.55,1
883,3199-npkcn,female,0,1,0,67,1,yes,fiber_optic,yes,no,yes,yes,yes,yes,one_year,1,electronic_check,111.25,7511.65,0
884,5170-ptrka,female,0,1,1,49,0,no_phone_service,dsl,yes,no,no,yes,no,no,one_year,1,credit_card_(automatic),35.8,1782.0,0
885,4661-njeux,male,0,0,0,1,1,no,no,no_internet_service,no_internet_service,no_internet_service,no_internet_service,no_internet_service,no_internet_service,month-to-month,1,mailed_check,20.05,20.05,0
886,2123-ageen,female,1,0,0,7,1,no,fiber_optic,no,no,yes,no,yes,no,month-to-month,1,electronic_check,84.35,609.65,0
887,1258-ymznm,female,1,0,0,27,1,yes,fiber_optic,yes,yes,yes,no,yes,yes,one_year,1,bank_transfer_(automatic),110.5,2857.6,0
888,0048-lumls,male,0,1,1,37,1,no,fiber_optic,no,no,no,no,yes,yes,one_year,0,credit_card_(automatic),91.2,3247.55,0
889,7549-mygpk,female,0,1,1,63,1,yes,fiber_optic,yes,yes,yes,no,yes,no,month-to-month,1,electronic_check,100.55,6215.35,1
890,5898-igslp,male,0,1,1,31,1,yes,fiber_optic,yes,no,yes,yes,no,no,month-to-month,0,electronic_check,89.3,2823.0,0
891,3804-rvtgv,male,0,1,1,50,1,yes,fiber_optic,no,yes,yes,no,yes,yes,month-to-month,1,bank_transfer_(automatic),103.85,5017.9,1
892,6259-wjqlc,male,1,0,0,32,1,yes,fiber_optic,no,no,yes,no,no,no,month-to-month,1,credit_card_(automatic),81.1,2619.25,0
893,9227-lunbg,female,0,0,0,1,0,no_phone_service,dsl,no,no,no,no,no,no,month-to-month,0,electronic_check,24.6,24.6,1
894,7997-eassd,female,0,1,0,63,1,yes,fiber_optic,no,no,no,yes,no,no,one_year,1,credit_card_(automatic),81.2,4965.1,0
895,0730-koave,male,0,0,0,30,1,yes,fiber_optic,yes,yes,no,no,no,yes,month-to-month,1,credit_card_(automatic),94.3,2679.7,0
896,8975-skgrx,male,0,1,0,71,1,yes,fiber_optic,yes,yes,yes,yes,yes,yes,two_year,1,bank_transfer_(automatic),116.1,8310.55,0
897,0678-rlhvp,female,0,0,0,53,1,yes,fiber_optic,no,yes,yes,no,yes,yes,two_year,0,electronic_check,105.55,5682.25,0
898,4315-murbd,female,0,0,0,12,1,no,fiber_optic,yes,no,no,yes,yes,yes,month-to-month,1,bank_transfer_(automatic),98.9,1120.95,1
899,2267-fpima,male,0,1,0,50,1,yes,fiber_optic,yes,yes,no,no,no,yes,month-to-month,1,credit_card_(automatic),94.4,4914.9,0
900,1051-gejlj,female,0,0,0,2,1,no,no,no_internet_service,no_internet_service,no_internet_service,no_internet_service,no_internet_service,no_internet_service,month-to-month,0,mailed_check,19.5,27.55,0
901,9734-ywgex,female,0,0,0,9,1,yes,fiber_optic,no,no,yes,no,yes,yes,month-to-month,0,credit_card_(automatic),98.3,923.5,1
902,2719-bdaqo,male,0,0,0,17,1,no,fiber_optic,yes,no,no,no,yes,yes,month-to-month,0,electronic_check,93.85,1625.65,1
903,5285-mvehd,female,0,1,0,56,1,no,fiber_optic,yes,yes,yes,no,yes,yes,one_year,1,credit_card_(automatic),105.6,6068.65,0
904,0379-djqhr,male,0,1,1,67,1,no,dsl,yes,yes,yes,no,yes,yes,two_year,0,credit_card_(automatic),81.35,5398.6,0
905,0781-lkxbr,male,1,0,0,9,1,yes,fiber_optic,no,no,yes,no,yes,yes,month-to-month,1,electronic_check,100.5,918.6,1
906,5543-qdcry,male,0,0,0,4,1,no,dsl,no,no,no,no,yes,no,month-to-month,1,electronic_check,56.4,234.85,0
907,0297-rbcsg,male,0,0,0,19,1,no,dsl,no,yes,no,yes,no,yes,one_year,1,bank_transfer_(automatic),65.35,1231.85,0
908,4694-phwfw,female,0,0,1,8,1,no,no,no_internet_service,no_internet_service,no_internet_service,no_internet_service,no_internet_service,no_internet_service,month-to-month,0,mailed_check,19.95,170.9,0
909,0835-jkadz,female,0,0,0,71,1,yes,fiber_optic,no,yes,yes,yes,yes,yes,two_year,1,electronic_check,111.25,7984.15,0
910,1907-ubqfc,male,1,0,0,10,1,no,fiber_optic,no,yes,no,no,no,no,month-to-month,1,electronic_check,72.85,688.65,1
911,7508-smhxl,female,1,0,0,15,1,yes,fiber_optic,no,yes,no,no,yes,no,month-to-month,0,credit_card_(automatic),89.0,1288.3,0
912,3865-yiott,male,0,1,1,72,1,yes,fiber_optic,yes,no,yes,no,yes,yes,one_year,1,bank_transfer_(automatic),106.1,7848.5,0
913,5993-bqhea,male,0,0,0,12,1,no,no,no_internet_service,no_internet_service,no_internet_service,no_internet_service,no_internet_service,no_internet_service,one_year,0,credit_card_(automatic),20.05,267.0,0
914,6024-ruggh,male,0,1,1,72,1,yes,no,no_internet_service,no_internet_service,no_internet_service,no_internet_service,no_internet_service,no_internet_service,two_year,1,bank_transfer_(automatic),25.2,1798.9,0
915,6513-eecdb,male,1,1,0,1,1,yes,fiber_optic,no,no,no,no,no,no,month-to-month,1,electronic_check,73.55,73.55,1
916,3956-cjust,female,1,0,0,23,1,no,fiber_optic,yes,no,no,no,no,no,month-to-month,1,bank_transfer_(automatic),75.4,1643.55,0
917,4079-wwqqq,male,0,0,0,72,0,no_phone_service,dsl,yes,yes,yes,yes,yes,yes,two_year,1,bank_transfer_(automatic),65.55,4807.45,0
918,6103-bocou,female,0,0,0,26,1,yes,fiber_optic,no,no,yes,no,no,no,month-to-month,1,electronic_check,80.7,2193.0,0
919,5149-tgwdz,female,0,0,0,21,1,no,fiber_optic,no,yes,yes,yes,yes,yes,one_year,1,mailed_check,104.55,2239.4,0
920,7471-wnsuf,male,0,1,0,60,1,yes,no,no_internet_service,no_internet_service,no_internet_service,no_internet_service,no_internet_service,no_internet_service,one_year,0,bank_transfer_(automatic),24.15,1505.9,0
921,8942-dbmhz,male,0,0,0,12,1,no,no,no_internet_service,no_internet_service,no_internet_service,no_internet_service,no_internet_service,no_internet_service,month-to-month,0,mailed_check,20.45,255.35,0
922,4301-vvzka,male,0,1,0,16,1,yes,fiber_optic,no,no,no,no,no,no,month-to-month,1,electronic_check,75.4,1189.4,0
923,9199-pwqvc,female,0,1,0,63,1,yes,dsl,yes,yes,no,no,yes,yes,one_year,1,credit_card_(automatic),79.7,4786.15,0
924,4824-gucby,female,1,0,0,22,1,no,fiber_optic,yes,yes,no,no,no,no,month-to-month,0,electronic_check,81.7,1820.9,0
925,5393-hjzsm,female,0,1,1,32,1,no,dsl,yes,yes,yes,yes,no,yes,month-to-month,0,bank_transfer_(automatic),76.3,2404.15,0
926,7074-ievoj,female,1,0,0,3,1,yes,fiber_optic,no,yes,no,no,no,no,month-to-month,1,electronic_check,79.4,205.05,1
927,9625-qstye,female,0,0,0,13,1,no,fiber_optic,no,yes,yes,no,no,no,month-to-month,1,electronic_check,81.15,952.3,1
928,0862-prcbs,female,0,1,1,68,1,yes,fiber_optic,no,yes,no,yes,yes,yes,two_year,1,credit_card_(automatic),103.75,7039.45,0
929,8812-zrhfp,female,0,1,1,30,1,no,fiber_optic,no,no,yes,no,no,yes,one_year,0,electronic_check,86.45,2538.05,0
930,5146-cbvoe,female,0,0,0,16,1,no,fiber_optic,no,yes,no,no,no,no,month-to-month,0,bank_transfer_(automatic),75.1,1212.85,0
931,0454-okrct,male,0,0,0,33,1,no,fiber_optic,no,yes,no,yes,no,no,two_year,0,bank_transfer_(automatic),80.6,2651.1,0
932,5787-kxgiy,male,0,1,0,72,1,no,no,no_internet_service,no_internet_service,no_internet_service,no_internet_service,no_internet_service,no_internet_service,two_year,0,credit_card_(automatic),19.3,1304.8,0
933,4750-zrxiu,female,1,0,0,4,1,yes,fiber_optic,no,no,no,no,no,yes,month-to-month,1,electronic_check,84.6,360.1,1
934,4198-vfoea,female,0,0,0,12,0,no_phone_service,dsl,yes,no,no,yes,no,no,one_year,1,mailed_check,33.6,435.45,0
935,6630-ujzmy,female,1,1,0,4,1,yes,fiber_optic,no,no,no,no,yes,no,month-to-month,1,electronic_check,83.25,308.05,0
936,5709-lvoeq,female,0,1,1,0,1,no,dsl,yes,yes,yes,no,yes,yes,two_year,0,mailed_check,80.85,1397.475,0
937,6400-bwqkw,female,0,0,0,6,1,yes,fiber_optic,yes,no,no,no,no,no,month-to-month,1,electronic_check,79.05,434.5,1
938,2692-aqcpf,female,0,1,0,65,1,yes,fiber_optic,no,yes,yes,yes,yes,yes,one_year,1,credit_card_(automatic),108.05,7118.9,0
939,0347-ubkuz,female,0,0,0,15,1,no,no,no_internet_service,no_internet_service,no_internet_service,no_internet_service,no_internet_service,no_internet_service,month-to-month,0,mailed_check,19.9,320.45,0
940,0835-duuiq,female,0,0,1,24,1,no,no,no_internet_service,no_internet_service,no_internet_service,no_internet_service,no_internet_service,no_internet_service,one_year,0,bank_transfer_(automatic),21.05,531.55,0
941,0811-gsdtp,female,0,0,1,13,0,no_phone_service,dsl,no,yes,no,no,no,no,month-to-month,0,electronic_check,30.15,382.2,0
942,7567-ecmcm,male,0,0,0,24,1,no,fiber_optic,no,no,no,no,no,yes,month-to-month,1,credit_card_(automatic),79.85,2001.0,0
943,6115-ztbfq,female,0,1,0,72,0,no_phone_service,dsl,yes,yes,yes,yes,yes,yes,two_year,0,bank_transfer_(automatic),65.5,4919.7,0
944,6353-brmma,female,0,1,1,54,1,yes,fiber_optic,yes,yes,no,no,yes,yes,month-to-month,1,bank_transfer_(automatic),104.1,5645.8,0
945,6680-wkxrz,female,0,0,0,3,1,yes,fiber_optic,no,no,no,no,no,no,month-to-month,0,bank_transfer_(automatic),74.4,215.8,1
946,6231-wfgfh,male,0,1,1,4,1,no,no,no_internet_service,no_internet_service,no_internet_service,no_internet_service,no_internet_service,no_internet_service,month-to-month,1,mailed_check,20.5,77.6,0
947,9904-ehevj,female,1,1,1,32,1,yes,fiber_optic,no,no,yes,no,yes,no,month-to-month,1,mailed_check,91.35,2896.55,0
948,7028-dvoiq,male,1,0,0,35,1,yes,fiber_optic,no,no,yes,no,yes,yes,month-to-month,1,electronic_check,99.05,3395.8,1
949,6169-ppetc,male,0,1,1,35,1,no,no,no_internet_service,no_internet_service,no_internet_service,no_internet_service,no_internet_service,no_internet_service,two_year,0,bank_transfer_(automatic),20.5,759.35,0
950,4208-uffgw,male,1,0,0,2,1,no,dsl,no,no,no,no,no,no,month-to-month,0,mailed_check,44.95,85.15,1
951,8584-kmvxd,female,0,0,0,8,1,no,fiber_optic,no,yes,no,no,no,no,month-to-month,0,electronic_check,75.6,535.55,0
952,8467-wynsr,male,0,0,0,22,1,no,dsl,yes,no,no,yes,no,no,month-to-month,0,mailed_check,55.1,1253.15,0
953,0851-dfjkb,female,0,0,0,15,1,no,dsl,yes,no,yes,yes,no,no,month-to-month,0,electronic_check,58.95,955.15,0
954,5382-soyzl,male,0,0,0,22,1,yes,fiber_optic,no,no,no,no,yes,yes,month-to-month,1,electronic_check,95.1,2162.6,0
955,9448-reevd,male,0,1,0,1,1,no,dsl,no,no,no,no,no,no,month-to-month,0,credit_card_(automatic),44.7,44.7,1
956,3261-cqxol,female,0,1,1,71,1,yes,no,no_internet_service,no_internet_service,no_internet_service,no_internet_service,no_internet_service,no_internet_service,two_year,0,bank_transfer_(automatic),25.45,1813.35,0
957,8388-fynpz,male,0,0,0,4,1,no,dsl,yes,no,yes,no,no,no,month-to-month,0,electronic_check,56.75,245.15,0
958,4002-bqwpq,male,0,0,0,25,1,yes,dsl,yes,yes,yes,yes,no,yes,month-to-month,0,bank_transfer_(automatic),81.75,2028.8,0
959,5651-ylprd,female,0,1,1,32,1,no,fiber_optic,no,yes,no,no,yes,no,month-to-month,1,electronic_check,86.1,2723.75,0
960,2826-dxlqo,male,1,1,0,7,0,no_phone_service,dsl,yes,no,no,no,no,no,month-to-month,0,bank_transfer_(automatic),29.8,220.45,0
961,4378-bzyfp,male,0,0,0,17,1,no,no,no_internet_service,no_internet_service,no_internet_service,no_internet_service,no_internet_service,no_internet_service,one_year,1,mailed_check,20.5,365.8,0
962,9489-utfka,male,1,1,0,8,1,no,dsl,yes,no,no,no,yes,no,month-to-month,0,bank_transfer_(automatic),60.9,551.95,0
963,4849-pyrlq,female,1,0,0,56,1,yes,dsl,yes,no,yes,yes,no,yes,two_year,0,bank_transfer_(automatic),73.25,4054.2,0
964,9117-shlzx,male,0,0,0,1,1,no,dsl,no,no,no,no,no,no,month-to-month,1,mailed_check,45.7,45.7,1
965,9889-tmahg,male,1,0,0,8,1,no,fiber_optic,yes,no,no,yes,yes,yes,month-to-month,0,credit_card_(automatic),100.3,832.35,1
966,4541-rmrlg,male,0,0,0,7,1,no,no,no_internet_service,no_internet_service,no_internet_service,no_internet_service,no_internet_service,no_internet_service,month-to-month,0,electronic_check,19.25,112.3,1
967,7764-bdpee,male,0,0,1,3,1,no,no,no_internet_service,no_internet_service,no_internet_service,no_internet_service,no_internet_service,no_internet_service,month-to-month,0,mailed_check,20.85,60.65,0
968,3429-iflem,female,0,0,0,71,1,no,dsl,yes,yes,yes,yes,yes,no,two_year,0,credit_card_(automatic),77.35,5550.1,0
969,3158-moerk,female,0,0,0,2,1,yes,fiber_optic,no,no,no,no,yes,yes,month-to-month,1,electronic_check,96.0,174.8,1
970,7294-tmaop,female,0,0,0,1,1,no,fiber_optic,no,no,no,no,yes,yes,month-to-month,0,electronic_check,90.55,90.55,1
971,5002-gcqfh,male,0,1,0,49,1,yes,fiber_optic,yes,yes,no,no,yes,no,month-to-month,1,bank_transfer_(automatic),93.85,4733.1,0
972,0556-fjegu,male,0,0,0,58,1,no,dsl,no,yes,yes,yes,yes,no,two_year,0,bank_transfer_(automatic),70.1,4048.95,0
973,8919-fyfqz,male,1,1,0,44,0,no_phone_service,dsl,no,yes,no,no,no,no,month-to-month,1,electronic_check,30.35,1359.7,1
974,0604-thjfp,female,0,1,1,59,1,no,dsl,no,yes,no,yes,yes,yes,two_year,1,credit_card_(automatic),75.95,4542.35,0
975,2834-jrtua,male,0,0,0,71,1,yes,fiber_optic,yes,no,yes,yes,yes,yes,two_year,1,electronic_check,108.05,7532.15,1
976,5875-ypqfj,male,0,0,0,1,1,no,fiber_optic,no,no,no,no,no,no,month-to-month,1,electronic_check,69.9,69.9,1
977,5879-sesnb,female,0,0,0,11,1,yes,fiber_optic,no,no,no,no,no,no,month-to-month,0,electronic_check,75.25,888.65,0
978,6646-qvxlr,male,1,1,0,62,1,yes,fiber_optic,no,yes,yes,no,yes,yes,one_year,1,electronic_check,103.75,6383.35,1
979,6461-ppaxn,female,0,1,1,35,1,no,dsl,yes,no,no,yes,no,no,one_year,1,bank_transfer_(automatic),54.95,1916.0,0
980,3318-isqfq,female,0,0,0,20,1,no,no,no_internet_service,no_internet_service,no_internet_service,no_internet_service,no_internet_service,no_internet_service,month-to-month,1,bank_transfer_(automatic),19.5,413.0,0
981,1106-hrlkz,male,0,1,1,40,1,no,no,no_internet_service,no_internet_service,no_internet_service,no_internet_service,no_internet_service,no_internet_service,two_year,0,mailed_check,19.6,808.95,0
982,2483-xssmz,female,0,0,0,39,1,no,dsl,yes,no,no,no,no,no,one_year,1,electronic_check,47.85,1886.4,0
983,8603-ijwdn,male,0,0,0,1,1,yes,fiber_optic,no,no,no,no,no,yes,month-to-month,1,electronic_check,86.6,86.6,1
984,8165-zjrnm,female,0,1,1,72,1,yes,no,no_internet_service,no_internet_service,no_internet_service,no_internet_service,no_internet_service,no_internet_service,two_year,0,bank_transfer_(automatic),23.75,1679.25,0
985,9369-xfehk,female,1,1,0,33,1,yes,fiber_optic,no,yes,no,no,no,no,month-to-month,1,bank_transfer_(automatic),80.6,2656.5,1
986,2604-xvdam,female,0,0,0,12,1,no,dsl,no,no,no,no,no,no,month-to-month,0,bank_transfer_(automatic),43.8,540.95,0
987,3717-ofrtn,male,0,0,0,1,1,no,no,no_internet_service,no_internet_service,no_internet_service,no_internet_service,no_internet_service,no_internet_service,month-to-month,0,bank_transfer_(automatic),19.75,19.75,0
988,9046-jbfwa,male,0,0,1,27,1,no,no,no_internet_service,no_internet_service,no_internet_service,no_internet_service,no_internet_service,no_internet_service,month-to-month,0,mailed_check,19.15,537.35,0
989,3280-nmuvx,male,0,1,1,34,1,no,no,no_internet_service,no_internet_service,no_internet_service,no_internet_service,no_internet_service,no_internet_service,one_year,0,credit_card_(automatic),19.6,678.8,0
990,1206-ehbdd,female,0,1,0,56,1,no,fiber_optic,yes,no,yes,no,no,no,two_year,0,bank_transfer_(automatic),80.3,4513.65,0
991,8361-lbrdi,female,0,0,0,58,1,yes,no,no_internet_service,no_internet_service,no_internet_service,no_internet_service,no_internet_service,no_internet_service,two_year,0,credit_card_(automatic),24.35,1423.85,0
992,4883-kcpzj,female,0,1,1,22,1,yes,no,no_internet_service,no_internet_service,no_internet_service,no_internet_service,no_internet_service,no_internet_service,two_year,0,credit_card_(automatic),25.25,555.4,0
993,9108-eqpnq,female,0,1,1,10,1,yes,no,no_internet_service,no_internet_service,no_internet_service,no_internet_service,no_internet_service,no_internet_service,two_year,0,credit_card_(automatic),26.1,225.55,0
994,7277-kamwt,male,0,0,0,13,1,no,no,no_internet_service,no_internet_service,no_internet_service,no_internet_service,no_internet_service,no_internet_service,two_year,0,credit_card_(automatic),20.0,268.45,0
995,3842-iykue,female,0,0,0,35,1,yes,fiber_optic,no,yes,no,yes,no,no,month-to-month,0,credit_card_(automatic),85.3,2917.5,1
996,6641-xrpsu,female,0,0,0,34,1,no,fiber_optic,no,no,no,no,no,no,month-to-month,1,credit_card_(automatic),70.0,2416.1,1
997,1374-dmzui,female,1,0,0,4,1,yes,fiber_optic,no,no,no,no,yes,yes,month-to-month,1,electronic_check,94.3,424.45,1
998,2545-lxyvj,male,0,1,0,72,1,no,no,no_internet_service,no_internet_service,no_internet_service,no_internet_service,no_internet_service,no_internet_service,two_year,0,bank_transfer_(automatic),20.7,1492.1,0
999,3234-vkacu,male,0,0,0,2,1,no,dsl,no,no,no,yes,yes,yes,month-to-month,0,electronic_check,70.3,132.4,0
1000,8357-eqxfo,female,0,0,0,7,1,no,fiber_optic,no,no,yes,no,yes,yes,month-to-month,1,electronic_check,95.35,660.9,1
1001,1989-prjhp,male,1,1,0,27,1,yes,fiber_optic,no,no,no,no,no,no,month-to-month,1,electronic_check,75.5,1893.95,1
1002,8120-jdcam,male,0,1,1,4,1,no,fiber_optic,no,no,no,no,no,no,month-to-month,1,mailed_check,69.55,284.9,0
1003,8917-faemr,female,0,0,0,37,1,no,no,no_internet_service,no_internet_service,no_internet_service,no_internet_service,no_internet_service,no_internet_service,two_year,0,mailed_check,19.85,784.25,0
1004,7047-yxdmz,male,0,0,0,21,1,no,no,no_internet_service,no_internet_service,no_internet_service,no_internet_service,no_internet_service,no_internet_service,month-to-month,0,mailed_check,20.0,417.7,0
1005,2858-eimxh,female,1,1,0,53,1,yes,fiber_optic,no,no,no,no,yes,yes,one_year,1,credit_card_(automatic),95.85,5016.25,0
1006,9524-egpjc,female,0,0,0,18,1,yes,fiber_optic,no,no,no,yes,no,yes,month-to-month,1,electronic_check,90.1,1612.75,1
1007,6993-ohlxr,female,0,0,0,2,1,no,fiber_optic,no,no,no,no,no,no,month-to-month,0,electronic_check,68.95,119.75,1
1008,8818-xyfcq,male,0,1,1,32,1,yes,fiber_optic,yes,no,no,no,yes,yes,month-to-month,1,credit_card_(automatic),99.55,3204.65,1
1009,6419-zttle,male,1,1,0,23,1,no,no,no_internet_service,no_internet_service,no_internet_service,no_internet_service,no_internet_service,no_internet_service,one_year,1,electronic_check,20.75,485.2,0
1010,0929-hyqew,male,0,0,0,3,1,no,dsl,yes,no,no,no,no,no,month-to-month,1,mailed_check,50.15,160.85,0
1011,6614-yolac,female,0,1,1,71,0,no_phone_service,dsl,yes,yes,no,yes,yes,yes,two_year,0,mailed_check,58.65,4145.25,0
1012,7426-rhzgu,male,0,0,0,9,1,no,fiber_optic,no,no,no,yes,yes,yes,month-to-month,1,bank_transfer_(automatic),95.9,827.45,0
1013,4065-jjava,female,0,0,0,1,1,no,dsl,no,yes,no,no,no,no,month-to-month,0,electronic_check,49.5,49.5,0
1014,4695-vadhf,male,0,1,1,18,1,no,dsl,no,no,yes,no,no,yes,month-to-month,0,electronic_check,57.45,990.85,1
1015,3863-iubjr,male,0,1,1,12,1,no,dsl,no,no,no,no,no,yes,one_year,0,credit_card_(automatic),53.65,696.35,1
1016,7649-sijjf,male,0,1,0,71,1,yes,dsl,yes,yes,yes,yes,no,yes,two_year,1,mailed_check,80.1,5585.4,0
1017,9361-ynqwj,female,0,0,0,64,1,yes,no,no_internet_service,no_internet_service,no_internet_service,no_internet_service,no_internet_service,no_internet_service,one_year,1,bank_transfer_(automatic),24.4,1601.2,0
1018,3748-fvmzz,male,0,0,0,4,0,no_phone_service,dsl,no,no,no,yes,no,yes,month-to-month,1,electronic_check,40.05,162.45,0
1019,9391-ttoyh,female,0,0,0,23,1,no,no,no_internet_service,no_internet_service,no_internet_service,no_internet_service,no_internet_service,no_internet_service,month-to-month,1,mailed_check,19.5,470.2,0
1020,1452-xrsjv,female,0,1,1,39,1,no,dsl,yes,no,no,no,no,no,month-to-month,0,credit_card_(automatic),51.05,2066.0,0
1021,3422-wjoyd,male,0,1,0,28,1,no,dsl,yes,no,no,yes,no,no,one_year,0,mailed_check,54.35,1426.45,0
1022,8242-soquo,female,1,0,0,5,1,no,fiber_optic,no,yes,no,no,yes,no,month-to-month,1,electronic_check,84.7,392.5,0
1023,7460-itwwp,female,1,1,0,45,1,no,fiber_optic,no,no,yes,no,no,yes,month-to-month,1,electronic_check,86.1,3861.45,0
1024,7147-aybaa,male,0,0,0,37,1,no,fiber_optic,no,no,no,no,no,no,month-to-month,1,mailed_check,70.35,2552.9,0
1025,7868-tmwmz,female,1,1,0,60,1,no,fiber_optic,yes,yes,yes,yes,yes,yes,two_year,1,bank_transfer_(automatic),110.0,6668.35,0
1026,4822-rvybb,male,1,0,0,8,1,yes,fiber_optic,no,no,yes,no,yes,yes,month-to-month,1,electronic_check,100.6,819.4,1
1027,6732-fzugp,female,0,0,0,47,1,yes,fiber_optic,yes,no,yes,no,yes,no,one_year,0,credit_card_(automatic),94.9,4615.25,0
1028,8436-bjumm,male,0,1,1,26,1,yes,fiber_optic,no,no,no,no,yes,no,month-to-month,1,electronic_check,83.75,2070.6,1
1029,4184-tjfan,female,1,1,1,3,1,no,fiber_optic,yes,no,no,yes,yes,no,month-to-month,1,mailed_check,88.3,273.75,1
1030,8329-gwvpj,female,0,1,1,50,1,no,fiber_optic,no,no,no,no,no,no,month-to-month,1,bank_transfer_(automatic),69.75,3557.7,0
1031,1352-vhkaj,male,0,1,1,27,1,yes,dsl,no,no,no,yes,yes,yes,month-to-month,0,bank_transfer_(automatic),71.6,1957.1,0
1032,4145-uqxuq,female,1,0,0,8,1,no,fiber_optic,no,no,yes,no,yes,yes,month-to-month,1,electronic_check,92.1,729.95,1
1033,2632-tacxw,female,0,1,0,62,1,yes,no,no_internet_service,no_internet_service,no_internet_service,no_internet_service,no_internet_service,no_internet_service,two_year,0,bank_transfer_(automatic),23.65,1416.75,0
1034,8146-qqkzh,female,0,1,0,71,1,no,dsl,yes,no,yes,yes,yes,yes,two_year,0,bank_transfer_(automatic),81.85,5924.4,0
1035,1767-cjkba,male,0,0,0,66,1,yes,no,no_internet_service,no_internet_service,no_internet_service,no_internet_service,no_internet_service,no_internet_service,two_year,0,mailed_check,25.1,1697.7,0
1036,6445-tnrxs,male,0,1,1,68,1,yes,fiber_optic,yes,yes,yes,yes,yes,yes,two_year,1,bank_transfer_(automatic),114.7,7849.85,0
1037,4581-lnwum,female,0,0,0,13,0,no_phone_service,dsl,no,no,yes,no,yes,yes,month-to-month,0,electronic_check,49.15,649.4,0
1038,4869-epius,male,0,1,0,56,1,no,fiber_optic,no,no,no,no,no,yes,one_year,1,electronic_check,80.9,4557.5,0
1039,9948-yptdg,male,0,1,0,38,1,no,fiber_optic,yes,yes,no,no,no,no,month-to-month,1,electronic_check,79.45,3013.05,1
1040,1236-wfcdv,male,1,0,0,14,1,no,fiber_optic,no,no,no,no,yes,yes,month-to-month,0,credit_card_(automatic),90.45,1266.1,1
1041,1915-oakwd,female,0,0,1,16,1,no,no,no_internet_service,no_internet_service,no_internet_service,no_internet_service,no_internet_service,no_internet_service,one_year,1,bank_transfer_(automatic),19.3,360.35,0
1042,7296-pixqy,female,0,1,1,14,1,no,fiber_optic,no,no,no,no,no,no,month-to-month,0,electronic_check,70.2,1046.5,0
1043,4883-qicih,male,0,1,1,32,1,no,fiber_optic,no,no,no,no,no,no,month-to-month,1,bank_transfer_(automatic),69.75,2347.9,1
1044,3354-oadjp,female,0,0,0,8,1,no,dsl,yes,no,no,yes,no,no,one_year,0,bank_transfer_(automatic),54.25,447.75,0
1045,3524-wqdsg,female,0,1,1,43,1,yes,fiber_optic,no,no,yes,no,yes,yes,month-to-month,1,bank_transfer_(automatic),99.3,4209.95,0
1046,0810-dhdbd,female,0,0,0,52,1,yes,dsl,yes,no,yes,yes,yes,no,one_year,0,credit_card_(automatic),74.0,3877.65,0
1047,4026-skkhw,male,0,0,0,3,1,no,dsl,no,no,no,yes,no,no,month-to-month,1,mailed_check,50.25,152.3,0
1048,2829-hyvzp,male,0,0,0,29,1,no,no,no_internet_service,no_internet_service,no_internet_service,no_internet_service,no_internet_service,no_internet_service,one_year,1,mailed_check,19.8,572.2,0
1049,8329-ibcti,female,0,0,0,1,1,no,no,no_internet_service,no_internet_service,no_internet_service,no_internet_service,no_internet_service,no_internet_service,month-to-month,0,mailed_check,19.65,19.65,1
1050,1271-sjbgz,male,1,0,0,12,0,no_phone_service,dsl,no,no,yes,yes,no,yes,month-to-month,1,electronic_check,43.65,526.95,1
1051,3845-jhamy,female,0,1,1,16,0,no_phone_service,dsl,no,no,no,no,no,yes,month-to-month,1,credit_card_(automatic),35.5,552.7,0
1052,7013-psxhk,female,0,0,0,40,1,yes,dsl,no,no,yes,yes,yes,yes,one_year,1,mailed_check,80.75,3208.65,0
1053,5669-sraip,female,0,0,0,5,0,no_phone_service,dsl,no,no,yes,no,no,yes,month-to-month,0,electronic_check,39.5,210.75,1
1054,5981-itemu,male,0,1,0,40,1,yes,fiber_optic,no,no,no,no,yes,yes,month-to-month,1,bank_transfer_(automatic),97.1,3706.95,1
1055,3486-npgst,female,0,0,0,36,1,no,no,no_internet_service,no_internet_service,no_internet_service,no_internet_service,no_internet_service,no_internet_service,one_year,0,mailed_check,19.55,620.75,0
1056,6941-pmgep,female,0,0,0,5,1,no,fiber_optic,no,no,no,no,no,yes,month-to-month,1,electronic_check,80.0,412.5,1
1057,1624-woiwj,female,0,0,0,10,1,no,fiber_optic,yes,no,no,no,yes,no,month-to-month,1,mailed_check,84.7,832.05,1
1058,2074-gkowz,male,0,1,1,2,1,no,fiber_optic,no,no,no,no,yes,yes,month-to-month,1,bank_transfer_(automatic),89.55,185.55,1
1059,0376-ymcjc,male,0,0,0,23,1,yes,fiber_optic,no,no,no,yes,yes,no,month-to-month,1,electronic_check,90.6,1943.2,1
1060,6100-fjzdg,male,0,1,1,26,1,no,no,no_internet_service,no_internet_service,no_internet_service,no_internet_service,no_internet_service,no_internet_service,one_year,1,bank_transfer_(automatic),20.05,505.9,0
1061,4829-zljtk,female,1,1,0,72,1,yes,fiber_optic,yes,yes,yes,no,yes,yes,two_year,1,electronic_check,112.4,8046.85,0
1062,1730-vfmwo,female,0,1,0,34,1,no,dsl,no,no,no,yes,no,no,month-to-month,0,bank_transfer_(automatic),50.2,1815.3,0
1063,7143-bqiba,male,0,0,0,10,1,no,dsl,yes,no,no,yes,yes,no,month-to-month,0,bank_transfer_(automatic),62.25,612.95,0
1064,3800-lytrk,female,0,0,0,14,1,no,dsl,yes,no,no,yes,no,no,one_year,0,mailed_check,55.7,795.15,0
1065,0634-szpqa,female,0,0,0,23,1,yes,fiber_optic,yes,no,no,no,yes,no,month-to-month,1,bank_transfer_(automatic),90.05,2169.8,1
1066,9646-nmhxe,male,0,1,0,47,1,no,no,no_internet_service,no_internet_service,no_internet_service,no_internet_service,no_internet_service,no_internet_service,two_year,0,mailed_check,19.65,973.1,0
1067,7030-njvdp,male,0,1,0,24,1,no,fiber_optic,yes,no,no,yes,no,yes,month-to-month,1,electronic_check,89.25,2210.2,0
1068,5536-rtpwk,male,0,1,0,49,1,yes,fiber_optic,no,yes,no,no,yes,yes,month-to-month,1,bank_transfer_(automatic),99.05,4853.75,1
1069,8883-grdwq,male,1,0,0,20,1,no,dsl,yes,no,no,yes,no,no,one_year,0,mailed_check,54.0,1055.9,0
1070,6166-ilmny,female,0,0,0,2,1,no,fiber_optic,no,no,no,no,no,no,month-to-month,0,bank_transfer_(automatic),69.75,144.55,1
1071,3097-nnspb,female,0,0,0,2,1,no,dsl,no,yes,no,no,no,no,month-to-month,1,credit_card_(automatic),49.05,91.1,1
1072,7771-zonat,male,0,0,0,22,0,no_phone_service,dsl,no,no,yes,yes,yes,yes,two_year,0,bank_transfer_(automatic),56.75,1304.85,0
1073,0655-rbdug,male,0,0,0,7,1,yes,fiber_optic,no,no,yes,no,yes,yes,month-to-month,1,bank_transfer_(automatic),98.05,713.0,1
1074,2111-dwyhn,male,0,0,0,1,1,no,no,no_internet_service,no_internet_service,no_internet_service,no_internet_service,no_internet_service,no_internet_service,month-to-month,0,mailed_check,21.1,21.1,0
1075,4194-whfcb,female,0,1,1,59,1,yes,fiber_optic,no,yes,no,yes,no,yes,month-to-month,1,bank_transfer_(automatic),96.65,5580.8,0
1076,4121-agsin,female,0,1,1,58,1,yes,no,no_internet_service,no_internet_service,no_internet_service,no_internet_service,no_internet_service,no_internet_service,one_year,1,credit_card_(automatic),24.5,1497.9,0
1077,4361-bkaxe,female,0,0,0,41,1,yes,fiber_optic,yes,yes,yes,yes,yes,yes,month-to-month,1,bank_transfer_(automatic),114.5,4527.45,1
1078,9845-peeko,female,1,0,0,59,1,yes,fiber_optic,no,yes,no,no,no,no,two_year,1,credit_card_(automatic),79.2,4590.35,0
1079,0455-xfass,female,0,1,1,3,1,no,fiber_optic,no,no,no,no,no,no,month-to-month,1,electronic_check,69.55,200.2,0
1080,0301-kobtq,male,0,0,0,32,1,no,no,no_internet_service,no_internet_service,no_internet_service,no_internet_service,no_internet_service,no_internet_service,two_year,1,bank_transfer_(automatic),20.05,614.45,0
1081,1751-ncdli,male,1,1,0,46,1,yes,fiber_optic,no,no,yes,no,yes,yes,month-to-month,1,electronic_check,98.85,4564.9,0
1082,4367-nuyao,male,0,1,1,0,1,yes,no,no_internet_service,no_internet_service,no_internet_service,no_internet_service,no_internet_service,no_internet_service,two_year,0,mailed_check,25.75,1397.475,0
1083,9878-tnqgw,male,0,0,0,2,1,no,fiber_optic,no,no,no,no,no,yes,month-to-month,1,electronic_check,80.95,171.15,1
1084,9170-arbtb,female,0,1,1,52,1,no,no,no_internet_service,no_internet_service,no_internet_service,no_internet_service,no_internet_service,no_internet_service,one_year,0,credit_card_(automatic),19.6,1012.4,0
1085,4441-nihpt,female,1,0,0,13,1,no,fiber_optic,no,no,yes,no,no,no,month-to-month,1,electronic_check,74.3,940.35,1
1086,8999-bohse,female,1,0,0,11,1,no,fiber_optic,no,no,no,no,yes,yes,month-to-month,0,bank_transfer_(automatic),89.7,1047.7,1
1087,7241-ajhfs,male,0,0,0,32,1,yes,fiber_optic,yes,no,no,yes,no,no,month-to-month,0,bank_transfer_(automatic),87.65,2766.4,0
1088,7029-rpuav,male,1,1,0,17,1,yes,fiber_optic,no,no,yes,no,yes,yes,month-to-month,1,credit_card_(automatic),100.45,1622.45,1
1089,4546-fokwr,female,0,0,0,16,1,yes,fiber_optic,no,no,no,no,no,no,month-to-month,1,credit_card_(automatic),74.75,1129.35,0
1090,9036-cskbw,female,0,0,0,51,1,yes,fiber_optic,yes,yes,yes,no,yes,yes,one_year,0,bank_transfer_(automatic),107.45,5680.9,0
1091,5832-trlpb,male,0,0,0,29,1,no,dsl,no,no,yes,yes,yes,yes,one_year,1,bank_transfer_(automatic),75.35,2243.9,0
1092,8590-yffqo,male,0,1,0,70,1,no,dsl,yes,yes,yes,yes,no,no,two_year,0,credit_card_(automatic),64.95,4523.25,0
1093,8659-ioopu,female,0,1,1,71,1,yes,fiber_optic,yes,no,yes,yes,no,yes,two_year,0,electronic_check,100.45,7159.7,0
1094,1338-cecee,male,0,1,1,41,1,yes,dsl,no,yes,yes,no,yes,no,one_year,0,bank_transfer_(automatic),68.5,2839.95,0
1095,7439-dkztw,male,0,0,0,1,1,no,fiber_optic,no,no,no,no,yes,no,month-to-month,1,electronic_check,80.55,80.55,0
1096,4646-qzxtf,female,0,1,0,7,1,no,dsl,yes,no,yes,yes,yes,yes,month-to-month,0,bank_transfer_(automatic),81.25,580.1,0
1097,4607-chpca,male,0,1,1,25,1,no,fiber_optic,no,no,no,no,yes,yes,one_year,1,electronic_check,90.4,2178.6,1
1098,9742-xokts,male,0,1,1,67,1,yes,fiber_optic,yes,yes,no,yes,no,no,one_year,0,electronic_check,89.55,6038.55,0
1099,6921-ozmfh,male,0,1,1,5,1,yes,dsl,no,no,no,yes,no,no,month-to-month,1,mailed_check,55.7,259.4,0
1100,9578-fomuk,male,0,0,1,15,1,yes,no,no_internet_service,no_internet_service,no_internet_service,no_internet_service,no_internet_service,no_internet_service,month-to-month,1,electronic_check,24.8,324.15,0
1101,4712-uyooi,female,0,1,1,20,1,no,no,no_internet_service,no_internet_service,no_internet_service,no_internet_service,no_internet_service,no_internet_service,month-to-month,0,electronic_check,20.0,417.65,0
1102,8824-rwfxj,male,0,1,1,3,1,no,dsl,no,yes,yes,no,no,no,month-to-month,1,mailed_check,56.15,168.15,1
1103,7722-cvfxn,male,0,1,1,54,1,yes,fiber_optic,no,yes,no,yes,yes,yes,one_year,1,electronic_check,105.2,5637.85,0
1104,8717-vctxj,male,0,0,0,42,1,no,no,no_internet_service,no_internet_service,no_internet_service,no_internet_service,no_internet_service,no_internet_service,one_year,1,mailed_check,19.55,839.4,0
1105,7363-qtbiw,female,0,1,0,9,1,no,fiber_optic,no,no,no,no,no,yes,month-to-month,1,electronic_check,79.75,769.1,0
1106,4159-naaix,female,0,0,0,63,1,yes,fiber_optic,no,yes,no,no,yes,yes,two_year,0,bank_transfer_(automatic),97.45,6253.0,0
1107,0971-qifjk,female,0,1,0,69,1,yes,no,no_internet_service,no_internet_service,no_internet_service,no_internet_service,no_internet_service,no_internet_service,two_year,0,bank_transfer_(automatic),24.25,1641.8,0
1108,9397-tzsha,female,0,0,0,69,1,yes,no,no_internet_service,no_internet_service,no_internet_service,no_internet_service,no_internet_service,no_internet_service,two_year,0,credit_card_(automatic),24.6,1678.05,0
1109,3391-jsqew,male,0,1,0,40,1,no,dsl,no,yes,no,no,no,no,month-to-month,1,mailed_check,50.15,2058.5,0
1110,0343-qluzp,male,0,0,0,60,0,no_phone_service,dsl,yes,yes,yes,no,no,no,two_year,0,bank_transfer_(automatic),39.6,2424.5,0
1111,9763-pdtkk,female,0,0,0,4,1,no,fiber_optic,yes,no,yes,yes,no,yes,month-to-month,1,bank_transfer_(automatic),94.4,387.2,1
1112,2176-lvpnx,female,1,0,0,71,1,yes,dsl,yes,yes,yes,yes,yes,yes,two_year,0,mailed_check,89.85,6293.45,0
1113,7627-jkiaz,female,0,1,0,37,1,yes,fiber_optic,no,no,yes,no,no,no,month-to-month,1,credit_card_(automatic),78.95,2839.65,1
1114,3312-uumzw,male,0,1,0,32,1,yes,fiber_optic,no,yes,no,no,yes,yes,month-to-month,1,credit_card_(automatic),98.85,3145.9,0
1115,1271-uodno,male,0,0,0,39,1,yes,dsl,no,no,no,yes,no,no,two_year,1,credit_card_(automatic),53.85,2200.7,0
1116,8461-efqym,female,0,0,0,38,1,yes,no,no_internet_service,no_internet_service,no_internet_service,no_internet_service,no_internet_service,no_internet_service,one_year,1,electronic_check,24.25,914.4,0
1117,6900-rbker,male,0,0,0,52,1,yes,fiber_optic,no,no,yes,no,no,yes,two_year,1,credit_card_(automatic),89.45,4577.75,0
1118,6891-jpyff,female,0,1,1,48,1,yes,fiber_optic,yes,yes,no,no,yes,yes,month-to-month,1,credit_card_(automatic),105.25,4997.5,0
1119,1459-qnfqt,male,0,1,1,70,0,no_phone_service,dsl,yes,no,yes,yes,yes,yes,two_year,0,bank_transfer_(automatic),59.5,4144.8,0
1120,1047-nncbf,male,0,0,0,20,1,no,fiber_optic,no,no,no,no,no,no,month-to-month,0,credit_card_(automatic),70.55,1493.55,0
1121,3696-xrien,female,0,0,0,50,1,yes,dsl,yes,no,yes,yes,yes,yes,one_year,1,credit_card_(automatic),82.5,4179.1,0
1122,4081-dyxav,female,0,0,0,19,0,no_phone_service,dsl,no,no,no,no,yes,yes,one_year,1,credit_card_(automatic),44.85,893.55,1
1123,0074-hdkdg,male,0,1,1,25,1,no,dsl,yes,yes,yes,no,no,no,one_year,1,bank_transfer_(automatic),61.6,1611.0,0
1124,8791-gfxlz,male,0,0,0,12,1,no,dsl,no,yes,no,no,no,no,month-to-month,1,bank_transfer_(automatic),49.05,593.05,0
1125,8111-sllhi,male,1,1,0,39,1,yes,fiber_optic,no,yes,yes,no,yes,yes,month-to-month,1,electronic_check,105.65,4284.8,1
1126,0927-lcsmg,male,0,0,0,7,1,no,fiber_optic,no,no,yes,no,no,no,month-to-month,0,mailed_check,74.65,544.55,1
1127,9330-dhbfl,female,0,1,1,23,1,no,dsl,yes,yes,yes,yes,no,no,one_year,1,mailed_check,66.25,1533.8,0
1128,0098-bowso,male,0,0,0,27,1,no,no,no_internet_service,no_internet_service,no_internet_service,no_internet_service,no_internet_service,no_internet_service,month-to-month,1,electronic_check,19.4,529.8,0
1129,3452-abwrl,male,1,0,0,47,1,yes,fiber_optic,no,no,no,no,yes,no,month-to-month,1,credit_card_(automatic),86.05,3865.6,0
1130,5859-hzylf,male,0,1,1,26,1,no,no,no_internet_service,no_internet_service,no_internet_service,no_internet_service,no_internet_service,no_internet_service,two_year,1,credit_card_(automatic),19.15,515.75,0
1131,8257-rzahr,female,0,1,0,14,1,yes,dsl,yes,no,no,no,yes,no,month-to-month,1,bank_transfer_(automatic),64.7,941.0,1
1132,5293-wxjak,female,1,1,0,11,1,yes,fiber_optic,no,no,yes,yes,yes,yes,month-to-month,1,bank_transfer_(automatic),104.05,1133.65,1
1133,3156-qlhbo,male,0,0,1,2,1,no,no,no_internet_service,no_internet_service,no_internet_service,no_internet_service,no_internet_service,no_internet_service,month-to-month,0,mailed_check,19.25,48.35,0
1134,2208-nqbct,female,0,1,1,26,1,no,fiber_optic,yes,yes,no,no,no,no,month-to-month,0,electronic_check,81.95,2070.05,0
1135,1779-pwpmg,female,1,1,0,72,1,yes,fiber_optic,yes,yes,yes,yes,yes,yes,two_year,1,bank_transfer_(automatic),114.65,8333.95,0
1136,6621-nrzak,female,0,1,1,63,1,no,no,no_internet_service,no_internet_service,no_internet_service,no_internet_service,no_internet_service,no_internet_service,two_year,0,credit_card_(automatic),20.0,1209.25,0
1137,0831-jnisg,male,0,1,1,71,1,no,no,no_internet_service,no_internet_service,no_internet_service,no_internet_service,no_internet_service,no_internet_service,two_year,0,mailed_check,19.8,1396.25,0
1138,0774-ifuvm,male,0,1,1,11,1,yes,dsl,yes,no,no,no,yes,no,month-to-month,1,bank_transfer_(automatic),65.15,723.35,0
1139,3082-wqrvy,male,1,1,0,14,1,no,no,no_internet_service,no_internet_service,no_internet_service,no_internet_service,no_internet_service,no_internet_service,one_year,0,mailed_check,19.65,228.65,0
1140,9553-dlclu,female,0,0,1,13,1,yes,dsl,yes,yes,yes,yes,yes,yes,two_year,0,credit_card_(automatic),88.95,1161.75,0
1141,1641-bybtk,male,0,0,1,6,1,no,no,no_internet_service,no_internet_service,no_internet_service,no_internet_service,no_internet_service,no_internet_service,month-to-month,1,mailed_check,20.2,98.35,0
1142,2460-ngxbj,male,1,1,1,11,1,yes,fiber_optic,no,no,no,no,no,no,month-to-month,1,credit_card_(automatic),75.2,775.3,0
1143,2446-zkvaf,male,0,1,0,18,1,yes,dsl,no,yes,no,no,no,no,month-to-month,0,credit_card_(automatic),56.8,1074.65,0
1144,0841-nulxi,male,0,0,0,1,0,no_phone_service,dsl,no,no,no,no,no,yes,month-to-month,1,electronic_check,35.55,35.55,1
1145,3522-cdkhf,female,0,1,0,32,1,no,fiber_optic,yes,no,no,no,no,no,month-to-month,1,bank_transfer_(automatic),75.5,2324.7,0
1146,1430-sfqsa,male,0,0,0,29,0,no_phone_service,dsl,yes,no,no,yes,no,no,one_year,0,mailed_check,35.6,1072.6,0
1147,0411-ezjze,female,0,0,0,3,1,yes,dsl,no,no,no,no,yes,no,month-to-month,1,electronic_check,60.25,170.5,0
1148,7851-wzeky,female,0,0,0,2,1,yes,fiber_optic,no,no,no,no,yes,yes,month-to-month,1,electronic_check,95.15,196.9,1
1149,8844-tonud,male,0,1,1,13,1,no,fiber_optic,no,no,yes,no,yes,yes,month-to-month,1,mailed_check,96.65,1162.85,1
1150,8807-arqet,female,0,0,0,41,0,no_phone_service,dsl,no,yes,no,no,no,yes,month-to-month,1,electronic_check,40.35,1677.85,0
1151,8992-ceuen,female,0,0,0,1,1,no,no,no_internet_service,no_internet_service,no_internet_service,no_internet_service,no_internet_service,no_internet_service,month-to-month,0,electronic_check,18.85,18.85,0
1152,4320-qmlla,male,0,0,0,7,1,no,dsl,no,no,no,no,yes,no,month-to-month,0,mailed_check,54.85,370.4,0
1153,8777-pvygu,female,0,1,0,52,1,no,dsl,yes,no,yes,no,yes,no,one_year,1,mailed_check,64.3,3410.6,0
1154,8292-itgyj,female,0,1,1,45,1,yes,no,no_internet_service,no_internet_service,no_internet_service,no_internet_service,no_internet_service,no_internet_service,two_year,1,bank_transfer_(automatic),24.65,1138.8,0
1155,6870-zwmnx,male,0,1,0,70,1,yes,dsl,no,yes,yes,yes,yes,no,two_year,0,credit_card_(automatic),76.1,5264.25,0
1156,0621-cxbkl,female,0,0,0,53,1,no,no,no_internet_service,no_internet_service,no_internet_service,no_internet_service,no_internet_service,no_internet_service,two_year,0,mailed_check,18.7,1005.7,0
1157,5268-dsmnq,female,1,1,0,62,1,yes,fiber_optic,no,yes,yes,no,yes,no,one_year,1,credit_card_(automatic),97.95,5936.55,0
1158,5334-jlaxu,female,0,1,0,60,1,yes,fiber_optic,yes,yes,no,no,no,yes,month-to-month,1,credit_card_(automatic),94.1,5475.9,0
1159,4086-yqsnz,female,1,1,0,3,1,no,fiber_optic,no,no,no,no,yes,no,month-to-month,1,electronic_check,80.4,224.05,1
1160,6242-mbhpk,female,1,1,0,23,1,no,fiber_optic,yes,no,no,no,yes,yes,month-to-month,1,electronic_check,95.1,2326.05,0
1161,5868-czjdr,male,0,0,1,1,0,no_phone_service,dsl,no,yes,no,no,no,no,month-to-month,1,mailed_check,31.35,31.35,1
1162,9359-ugbtk,female,0,0,0,67,1,no,dsl,yes,no,yes,yes,no,yes,one_year,1,bank_transfer_(automatic),72.35,4991.5,0
1163,0135-nmxap,female,0,0,0,12,1,yes,fiber_optic,no,yes,no,no,yes,no,month-to-month,1,bank_transfer_(automatic),89.75,1052.4,1
1164,4782-osfxz,female,1,1,0,71,1,yes,dsl,yes,yes,yes,yes,no,yes,two_year,1,bank_transfer_(automatic),82.7,5831.2,0
1165,6479-oausd,male,0,0,0,25,1,no,no,no_internet_service,no_internet_service,no_internet_service,no_internet_service,no_internet_service,no_internet_service,one_year,0,credit_card_(automatic),19.9,510.8,0
1166,7129-acfog,female,0,0,0,5,1,yes,dsl,yes,no,no,no,no,no,month-to-month,1,electronic_check,53.8,283.95,0
1167,4189-nakjs,male,0,0,0,26,1,yes,dsl,no,no,no,no,no,no,one_year,1,credit_card_(automatic),51.55,1295.4,0
1168,5562-betpv,male,0,1,1,1,1,no,no,no_internet_service,no_internet_service,no_internet_service,no_internet_service,no_internet_service,no_internet_service,one_year,0,mailed_check,19.65,19.65,0
1169,1282-ihqac,male,1,0,0,70,0,no_phone_service,dsl,no,yes,yes,no,yes,no,one_year,1,credit_card_(automatic),44.05,3011.65,0
1170,9127-fhjbz,male,0,1,1,72,1,yes,fiber_optic,yes,yes,yes,yes,yes,yes,two_year,1,electronic_check,114.0,8093.15,0
1171,6270-omfiw,male,0,1,0,60,1,no,fiber_optic,no,yes,no,no,yes,yes,one_year,1,electronic_check,94.4,5610.25,1
1172,1641-rqday,female,1,1,1,32,1,yes,fiber_optic,no,yes,no,no,yes,yes,month-to-month,1,electronic_check,100.4,3217.65,0
1173,0107-weslm,male,0,0,0,1,1,no,no,no_internet_service,no_internet_service,no_internet_service,no_internet_service,no_internet_service,no_internet_service,month-to-month,1,electronic_check,19.85,19.85,1
1174,6994-orcwg,female,0,0,0,14,1,yes,dsl,no,yes,no,no,no,no,one_year,1,mailed_check,54.25,773.2,0
1175,1346-ufhax,female,0,0,0,13,1,yes,fiber_optic,yes,no,no,no,no,no,month-to-month,1,credit_card_(automatic),80.0,1029.35,0
1176,3992-ywpko,female,0,0,0,6,1,yes,fiber_optic,no,yes,yes,yes,yes,yes,month-to-month,1,credit_card_(automatic),109.9,669.45,1
1177,2933-xeujm,female,0,0,0,46,1,yes,dsl,yes,no,yes,no,yes,yes,two_year,0,mailed_check,79.2,3593.8,0
1178,0125-lzqxk,male,0,0,0,15,1,no,fiber_optic,no,no,yes,yes,yes,yes,month-to-month,1,electronic_check,101.35,1553.95,1
1179,5461-qkntn,male,1,1,0,43,1,yes,fiber_optic,no,yes,no,yes,yes,no,month-to-month,1,electronic_check,94.3,3953.15,0
1180,4835-ysjmr,male,0,0,0,39,1,no,dsl,no,no,no,yes,no,no,two_year,1,bank_transfer_(automatic),49.8,1971.15,0
1181,8399-yndch,male,1,0,0,21,1,no,dsl,no,no,yes,no,yes,no,month-to-month,1,bank_transfer_(automatic),60.05,1236.15,1
1182,3164-yaxfy,male,0,0,0,57,0,no_phone_service,dsl,yes,no,yes,no,yes,yes,month-to-month,1,electronic_check,53.75,3196.0,0
1183,0887-wbjvh,female,0,1,0,53,1,no,fiber_optic,no,no,no,yes,yes,yes,one_year,1,electronic_check,93.45,4872.2,0
1184,4660-iribm,male,0,1,1,18,1,no,fiber_optic,yes,no,yes,no,yes,no,month-to-month,1,mailed_check,87.9,1500.5,0
1185,5673-fssmf,female,0,0,0,1,1,yes,dsl,no,no,no,no,no,yes,month-to-month,1,electronic_check,60.15,60.15,1
1186,7670-zbpoq,female,0,1,0,58,1,yes,dsl,yes,no,no,yes,no,no,one_year,1,bank_transfer_(automatic),61.05,3478.75,0
1187,8089-uzwlx,female,1,0,0,71,1,yes,fiber_optic,no,no,yes,no,yes,yes,two_year,0,bank_transfer_(automatic),104.05,7413.55,0
1188,0080-orozo,female,0,0,0,35,1,no,fiber_optic,no,no,yes,yes,yes,yes,one_year,1,electronic_check,99.25,3532.0,0
1189,3916-nrpap,male,0,0,0,3,1,no,fiber_optic,no,no,yes,no,no,yes,month-to-month,0,credit_card_(automatic),85.7,256.75,0
1190,6807-siwji,male,0,0,0,38,1,yes,fiber_optic,yes,yes,no,no,yes,yes,one_year,1,electronic_check,104.85,3887.25,0
1191,8221-hvayi,male,0,1,1,35,1,yes,dsl,yes,yes,yes,yes,no,no,two_year,1,credit_card_(automatic),69.15,2490.15,0
1192,1579-klydt,male,0,0,0,7,1,yes,fiber_optic,no,no,yes,no,yes,no,month-to-month,1,electronic_check,90.45,593.45,1
1193,5232-nxpay,female,0,0,0,47,1,no,dsl,no,no,yes,yes,yes,yes,two_year,0,mailed_check,74.45,3510.3,0
1194,8967-szqas,female,0,0,0,14,1,no,dsl,no,yes,no,no,no,no,month-to-month,0,electronic_check,50.45,765.45,0
1195,4468-kazhe,female,1,1,0,20,1,no,dsl,no,yes,no,no,no,yes,month-to-month,1,electronic_check,60.0,1259.35,0
1196,0455-entcr,male,0,1,0,66,1,yes,dsl,yes,yes,no,yes,yes,yes,two_year,0,electronic_check,85.25,5538.35,0
1197,8944-ailef,male,0,1,0,15,1,no,no,no_internet_service,no_internet_service,no_internet_service,no_internet_service,no_internet_service,no_internet_service,month-to-month,1,credit_card_(automatic),19.45,340.85,0
1198,5542-nkvru,female,0,0,0,42,1,no,no,no_internet_service,no_internet_service,no_internet_service,no_internet_service,no_internet_service,no_internet_service,two_year,1,bank_transfer_(automatic),20.75,844.45,0
1199,7126-rbhsd,female,0,1,0,17,1,yes,fiber_optic,yes,no,no,no,no,no,month-to-month,0,electronic_check,78.9,1348.95,0
1200,5370-iivvl,male,0,0,0,37,1,yes,fiber_optic,no,yes,no,yes,yes,yes,one_year,1,credit_card_(automatic),104.5,3778.0,0
1201,6789-hjbwg,female,0,0,0,12,1,no,dsl,no,yes,no,no,no,no,month-to-month,1,electronic_check,49.4,611.65,0
1202,3927-nlnry,male,0,1,0,53,1,no,fiber_optic,no,yes,no,no,yes,yes,one_year,1,bank_transfer_(automatic),94.25,4867.95,1
1203,9087-eycpr,female,0,0,0,60,1,yes,no,no_internet_service,no_internet_service,no_internet_service,no_internet_service,no_internet_service,no_internet_service,two_year,0,mailed_check,25.0,1505.05,0
1204,6791-ybnak,male,0,1,1,18,0,no_phone_service,dsl,no,no,no,no,no,no,month-to-month,0,credit_card_(automatic),25.55,467.85,0
1205,6358-lyngm,male,0,0,0,1,1,yes,fiber_optic,no,no,no,no,no,no,month-to-month,1,electronic_check,74.9,74.9,1
1206,6077-bdpxa,female,0,0,0,3,1,no,fiber_optic,no,no,no,no,no,no,month-to-month,1,electronic_check,70.15,194.2,0
1207,0013-mhzwf,female,0,0,1,9,1,no,dsl,no,no,no,yes,yes,yes,month-to-month,1,credit_card_(automatic),69.4,571.45,0
1208,5494-hecpr,female,0,0,0,1,1,no,fiber_optic,no,no,no,no,yes,no,month-to-month,1,electronic_check,80.25,80.25,1
1209,8268-ydixr,male,0,1,0,56,1,yes,fiber_optic,yes,yes,yes,no,no,no,one_year,1,electronic_check,93.15,5253.95,0
1210,9824-bemcv,male,0,1,1,17,1,no,fiber_optic,no,no,no,no,no,no,month-to-month,1,electronic_check,69.0,1149.65,1
1211,1373-orviz,female,0,1,1,11,1,yes,dsl,no,no,no,yes,no,yes,month-to-month,1,electronic_check,66.35,740.8,1
1212,4291-shsbh,male,0,0,0,7,1,no,fiber_optic,no,no,no,no,no,no,month-to-month,1,electronic_check,69.55,521.35,0
1213,6980-imxxe,female,0,1,1,69,1,no,no,no_internet_service,no_internet_service,no_internet_service,no_internet_service,no_internet_service,no_internet_service,two_year,0,bank_transfer_(automatic),20.2,1412.65,0
1214,9866-qevee,male,0,0,0,19,1,yes,fiber_optic,no,no,no,no,no,yes,month-to-month,1,bank_transfer_(automatic),86.0,1532.45,1
1215,9897-kxhcm,female,0,1,1,3,1,no,fiber_optic,no,no,no,no,no,yes,month-to-month,1,electronic_check,80.3,250.05,1
1216,0040-halcw,male,0,1,1,54,1,no,no,no_internet_service,no_internet_service,no_internet_service,no_internet_service,no_internet_service,no_internet_service,two_year,0,credit_card_(automatic),20.4,1090.6,0
1217,0784-gtuuk,male,0,1,0,62,1,yes,no,no_internet_service,no_internet_service,no_internet_service,no_internet_service,no_internet_service,no_internet_service,one_year,1,credit_card_(automatic),23.75,1446.8,0
1218,7979-corpm,male,0,0,0,24,1,yes,fiber_optic,no,yes,no,no,yes,no,month-to-month,1,credit_card_(automatic),90.55,2282.55,1
1219,2294-dmmus,female,0,1,1,62,1,yes,dsl,no,no,no,no,yes,yes,month-to-month,1,credit_card_(automatic),70.45,4300.45,0
1220,0872-jcpib,male,0,0,0,17,1,yes,dsl,yes,no,no,no,no,yes,month-to-month,0,bank_transfer_(automatic),65.75,1111.2,0
1221,3055-mjdsb,male,0,0,0,9,0,no_phone_service,dsl,no,no,no,no,no,no,month-to-month,1,mailed_check,24.6,190.1,0
1222,9091-wtuuy,male,0,1,1,64,1,no,dsl,yes,no,yes,yes,yes,no,two_year,0,mailed_check,69.25,4447.75,0
1223,1618-cfhme,female,0,0,0,2,1,yes,fiber_optic,no,no,no,no,no,no,month-to-month,1,electronic_check,75.9,143.35,1
1224,3165-hdoew,male,0,1,1,1,1,no,dsl,no,no,no,no,no,no,month-to-month,1,mailed_check,45.85,45.85,1
1225,6581-nqcba,female,0,1,0,16,0,no_phone_service,dsl,no,no,no,yes,yes,yes,month-to-month,1,electronic_check,49.95,810.2,1
1226,7115-irdhs,female,0,1,0,72,1,yes,no,no_internet_service,no_internet_service,no_internet_service,no_internet_service,no_internet_service,no_internet_service,two_year,0,bank_transfer_(automatic),24.65,1830.05,0
1227,8496-dmzuk,male,0,0,0,30,1,yes,fiber_optic,yes,yes,yes,no,no,no,one_year,0,bank_transfer_(automatic),90.4,2820.65,0
1228,2040-vzike,female,0,1,0,49,1,yes,fiber_optic,yes,no,no,no,yes,yes,month-to-month,1,mailed_check,100.85,4847.35,0
1229,9068-vpwqq,male,0,1,0,61,1,yes,dsl,yes,no,yes,yes,no,yes,two_year,0,credit_card_(automatic),75.35,4729.3,0
1230,0178-szbho,male,0,1,1,47,1,yes,fiber_optic,no,yes,no,no,yes,no,month-to-month,0,electronic_check,87.2,4017.45,0
1231,0384-rvbpi,male,0,0,0,20,1,no,dsl,yes,no,yes,no,no,yes,month-to-month,0,credit_card_(automatic),64.4,1398.6,0
1232,1689-mrzqr,male,0,1,1,34,1,no,fiber_optic,no,no,no,no,yes,no,month-to-month,0,electronic_check,78.3,2564.3,1
1233,1299-aurja,female,0,1,1,70,1,yes,no,no_internet_service,no_internet_service,no_internet_service,no_internet_service,no_internet_service,no_internet_service,two_year,0,bank_transfer_(automatic),24.7,1685.9,0
1234,4525-vzczg,male,0,0,1,54,1,no,fiber_optic,yes,yes,no,yes,yes,yes,one_year,1,electronic_check,105.85,5826.65,0
1235,1543-lllft,male,1,1,0,61,1,yes,fiber_optic,no,yes,yes,yes,yes,no,one_year,1,mailed_check,98.3,6066.55,0
1236,5835-beqeu,male,0,0,0,3,1,yes,fiber_optic,no,no,no,no,no,no,month-to-month,1,electronic_check,76.95,228.4,1
1237,2788-cjqaq,male,0,0,0,13,1,no,no,no_internet_service,no_internet_service,no_internet_service,no_internet_service,no_internet_service,no_internet_service,one_year,0,mailed_check,19.45,270.2,0
1238,5565-filxa,female,1,0,0,16,1,yes,fiber_optic,no,no,no,no,yes,yes,month-to-month,1,electronic_check,96.15,1529.2,1
1239,0319-qztco,female,0,1,1,3,1,no,dsl,no,yes,no,no,yes,no,month-to-month,1,credit_card_(automatic),58.7,168.6,0
1240,2120-smpex,male,0,0,0,25,1,no,no,no_internet_service,no_internet_service,no_internet_service,no_internet_service,no_internet_service,no_internet_service,month-to-month,1,mailed_check,20.15,536.35,0
1241,0096-fcpuf,male,0,0,0,30,1,yes,dsl,yes,no,no,no,no,yes,month-to-month,1,mailed_check,64.5,1888.45,0
1242,0668-ogmhd,female,0,1,0,21,0,no_phone_service,dsl,yes,no,no,no,no,no,month-to-month,0,electronic_check,28.5,629.35,0
1243,5552-znfsj,male,0,0,0,1,1,no,dsl,no,no,no,no,no,no,month-to-month,0,electronic_check,45.3,45.3,1
1244,2223-kagmx,female,0,0,0,15,1,no,no,no_internet_service,no_internet_service,no_internet_service,no_internet_service,no_internet_service,no_internet_service,month-to-month,0,bank_transfer_(automatic),19.4,289.3,1
1245,6507-zjsur,male,1,1,0,23,1,no,fiber_optic,no,no,no,no,yes,yes,month-to-month,1,electronic_check,90.45,2117.25,0
1246,9408-hrxrk,female,0,1,1,45,1,yes,fiber_optic,yes,yes,no,no,yes,yes,month-to-month,1,electronic_check,105.15,4730.9,0
1247,5593-suaoo,female,0,1,1,24,1,yes,fiber_optic,no,yes,yes,no,no,no,one_year,0,bank_transfer_(automatic),83.15,2033.05,0
1248,7321-pkuyw,female,0,0,0,11,1,yes,fiber_optic,no,no,no,yes,yes,no,month-to-month,0,electronic_check,90.15,987.95,1
1249,2833-slkdq,male,0,0,0,1,1,no,dsl,no,no,no,no,no,no,month-to-month,0,mailed_check,45.05,45.05,1
1250,6766-hfkla,female,0,1,0,56,1,yes,fiber_optic,no,no,yes,yes,yes,yes,two_year,0,bank_transfer_(automatic),103.2,5744.35,0
1251,7595-euivn,female,0,0,0,1,1,no,fiber_optic,no,yes,no,no,no,no,month-to-month,0,electronic_check,75.8,75.8,1
1252,7617-eyglw,male,0,0,0,1,1,no,no,no_internet_service,no_internet_service,no_internet_service,no_internet_service,no_internet_service,no_internet_service,month-to-month,0,electronic_check,19.45,19.45,0
1253,2026-tgdhm,female,0,0,0,7,1,no,fiber_optic,no,no,no,no,no,yes,month-to-month,1,electronic_check,79.3,523.15,1
1254,9220-znkji,female,1,1,0,55,1,no,fiber_optic,no,no,yes,yes,yes,no,two_year,0,credit_card_(automatic),88.8,4805.3,0
1255,4030-vpzbd,female,0,0,0,2,0,no_phone_service,dsl,no,no,no,yes,no,no,month-to-month,1,electronic_check,30.9,59.05,1
1256,2226-icfdo,female,0,1,1,72,1,yes,dsl,yes,no,yes,yes,yes,yes,two_year,1,credit_card_(automatic),85.9,6110.75,0
1257,0723-vsobe,female,1,0,0,45,0,no_phone_service,dsl,no,no,no,no,no,yes,one_year,0,electronic_check,34.2,1596.6,0
1258,5529-gibvh,female,0,0,0,47,1,no,no,no_internet_service,no_internet_service,no_internet_service,no_internet_service,no_internet_service,no_internet_service,two_year,0,mailed_check,20.15,1046.2,0
1259,4187-cinzd,female,1,0,0,46,1,no,fiber_optic,no,yes,no,no,yes,yes,one_year,0,credit_card_(automatic),95.25,4424.2,1
1260,9992-ujoel,male,0,0,0,2,1,no,dsl,no,yes,no,no,no,no,month-to-month,1,mailed_check,50.3,92.75,0
1261,4741-wwjqz,female,0,1,0,2,1,no,fiber_optic,yes,no,no,yes,no,no,month-to-month,1,electronic_check,80.15,194.55,0
1262,6625-utxew,female,0,1,0,12,1,no,dsl,no,yes,no,no,no,no,month-to-month,1,electronic_check,51.25,612.1,0
1263,6818-wobhj,female,1,1,0,68,1,yes,fiber_optic,no,yes,no,no,no,yes,month-to-month,1,bank_transfer_(automatic),89.6,6127.6,1
1264,6244-besbm,male,0,1,1,69,1,no,fiber_optic,no,no,no,yes,yes,yes,two_year,1,credit_card_(automatic),95.2,6671.7,0
1265,1004-noznr,male,1,0,1,56,1,no,fiber_optic,yes,no,no,no,yes,yes,one_year,0,credit_card_(automatic),94.8,5264.3,0
1266,1251-stysz,female,1,0,0,4,1,yes,fiber_optic,yes,no,no,no,no,no,month-to-month,1,electronic_check,80.25,303.7,0
1267,2612-phgox,male,0,1,0,64,1,yes,dsl,no,yes,yes,yes,yes,no,two_year,1,bank_transfer_(automatic),76.1,4818.8,0
1268,2408-tzmjl,male,0,1,0,59,1,yes,fiber_optic,yes,yes,yes,no,yes,yes,one_year,1,electronic_check,110.15,6448.05,1
1269,8480-pponv,male,0,1,1,62,1,yes,fiber_optic,yes,yes,yes,yes,yes,yes,two_year,0,bank_transfer_(automatic),115.55,7159.05,0
1270,8780-ihcrn,male,0,1,1,63,1,yes,no,no_internet_service,no_internet_service,no_internet_service,no_internet_service,no_internet_service,no_internet_service,two_year,0,credit_card_(automatic),24.65,1574.5,0
1271,4598-zadck,female,0,0,0,53,0,no_phone_service,dsl,yes,yes,yes,yes,yes,no,one_year,1,electronic_check,53.6,2879.2,0
1272,1257-sxuxq,male,0,1,1,5,1,no,no,no_internet_service,no_internet_service,no_internet_service,no_internet_service,no_internet_service,no_internet_service,month-to-month,0,mailed_check,19.45,86.05,0
1273,9681-kygyb,male,1,1,0,49,1,yes,fiber_optic,yes,yes,yes,no,no,no,month-to-month,1,electronic_check,88.2,4159.45,0
1274,7182-ovlbj,female,0,1,1,62,1,yes,fiber_optic,yes,no,no,no,yes,yes,two_year,1,bank_transfer_(automatic),101.15,6638.35,0
1275,5095-etbrj,female,0,1,0,55,1,no,dsl,yes,yes,no,yes,no,no,two_year,0,mailed_check,56.8,3112.05,0
1276,7005-cyuil,female,1,1,0,71,1,no,fiber_optic,yes,yes,yes,yes,yes,no,two_year,1,electronic_check,99.4,7168.25,0
1277,4821-wqoyn,female,0,1,1,72,1,no,no,no_internet_service,no_internet_service,no_internet_service,no_internet_service,no_internet_service,no_internet_service,two_year,1,credit_card_(automatic),20.1,1326.25,0
1278,4730-awnau,male,0,1,1,36,0,no_phone_service,dsl,yes,no,yes,yes,yes,yes,one_year,0,credit_card_(automatic),60.7,2234.55,0
1279,3452-flhyd,male,0,1,0,25,1,no,no,no_internet_service,no_internet_service,no_internet_service,no_internet_service,no_internet_service,no_internet_service,one_year,1,bank_transfer_(automatic),20.95,495.15,0
1280,2388-laesq,female,1,1,0,72,1,yes,fiber_optic,yes,yes,yes,yes,yes,yes,two_year,1,bank_transfer_(automatic),114.85,8317.95,0
1281,9531-nsbmr,female,0,0,0,36,1,no,no,no_internet_service,no_internet_service,no_internet_service,no_internet_service,no_internet_service,no_internet_service,one_year,1,bank_transfer_(automatic),19.25,679.8,0
1282,6260-onulr,male,0,0,0,1,1,no,dsl,no,no,no,no,yes,yes,month-to-month,1,mailed_check,62.8,62.8,0
1283,4389-uefcz,female,0,1,0,72,1,yes,fiber_optic,yes,no,yes,no,yes,yes,two_year,1,electronic_check,105.5,7544.0,0
1284,8711-lobky,male,0,1,1,59,1,no,no,no_internet_service,no_internet_service,no_internet_service,no_internet_service,no_internet_service,no_internet_service,two_year,0,mailed_check,19.85,1188.25,0
1285,9134-ceqmf,male,1,1,0,7,1,no,fiber_optic,no,no,no,no,yes,yes,month-to-month,1,electronic_check,89.5,676.7,1
1286,8985-oopos,female,0,0,0,1,1,no,dsl,no,no,yes,yes,yes,yes,one_year,0,credit_card_(automatic),74.1,74.1,0
1287,8800-zkrfw,female,0,1,1,30,1,yes,fiber_optic,no,yes,yes,yes,yes,yes,month-to-month,1,electronic_check,107.5,3242.5,0
1288,2616-flvqc,male,0,0,0,64,1,no,no,no_internet_service,no_internet_service,no_internet_service,no_internet_service,no_internet_service,no_internet_service,two_year,0,mailed_check,19.55,1240.15,0
1289,9968-ffvvh,male,0,0,0,63,1,yes,dsl,yes,yes,yes,yes,no,no,one_year,0,bank_transfer_(automatic),68.8,4111.35,0
1290,3108-pccgg,male,1,1,0,72,1,yes,dsl,yes,yes,yes,no,yes,yes,two_year,0,credit_card_(automatic),84.45,5899.85,0
1291,7993-pykof,male,0,1,0,8,1,no,fiber_optic,yes,no,no,no,no,no,month-to-month,0,electronic_check,75.0,632.95,1
1292,8390-fesfv,female,0,0,0,62,1,yes,dsl,no,yes,yes,yes,yes,yes,two_year,0,bank_transfer_(automatic),84.5,5193.2,0
1293,3022-bexhz,male,0,1,1,67,1,yes,fiber_optic,no,yes,yes,yes,yes,yes,two_year,1,bank_transfer_(automatic),111.2,7530.8,0
1294,5027-xwqha,male,0,0,0,6,1,no,dsl,no,no,no,no,no,no,month-to-month,0,electronic_check,44.75,270.95,1
1295,6248-tkcqv,female,0,1,1,70,1,yes,dsl,yes,no,no,yes,yes,yes,two_year,1,bank_transfer_(automatic),80.6,5460.2,0
1296,6729-gdngc,female,1,0,0,20,1,no,fiber_optic,no,no,no,no,yes,no,month-to-month,0,bank_transfer_(automatic),80.7,1614.2,0
1297,6198-zfioj,female,0,0,0,5,1,yes,fiber_optic,no,no,no,no,no,no,month-to-month,0,electronic_check,75.6,402.5,0
1298,5989-omnje,female,0,1,1,24,0,no_phone_service,dsl,yes,yes,yes,no,yes,yes,one_year,0,electronic_check,57.6,1367.75,0
1299,4566-qvrrw,female,0,1,0,11,1,no,dsl,no,no,no,no,no,no,month-to-month,1,electronic_check,44.05,483.7,1
1300,1291-cuocy,male,0,1,0,72,1,yes,fiber_optic,no,yes,yes,yes,yes,yes,two_year,1,credit_card_(automatic),110.6,7962.2,0
1301,9795-shuhb,female,0,1,1,66,1,no,dsl,yes,yes,no,yes,no,no,two_year,1,credit_card_(automatic),58.2,3810.8,0
1302,3230-iualn,female,0,1,1,45,1,no,dsl,yes,no,yes,yes,yes,yes,two_year,1,mailed_check,81.0,3533.6,0
1303,0042-rlhyp,female,0,1,1,69,1,no,no,no_internet_service,no_internet_service,no_internet_service,no_internet_service,no_internet_service,no_internet_service,two_year,0,bank_transfer_(automatic),19.7,1396.9,0
1304,8519-imdhu,male,1,1,0,15,1,yes,fiber_optic,no,no,no,no,no,yes,month-to-month,1,bank_transfer_(automatic),85.6,1345.55,1
1305,4945-rvmte,female,0,0,0,28,1,no,dsl,no,no,yes,no,yes,no,month-to-month,1,bank_transfer_(automatic),59.55,1646.45,0
1306,0201-oamxr,female,0,0,0,70,1,yes,fiber_optic,yes,yes,yes,yes,yes,yes,one_year,0,credit_card_(automatic),115.55,8127.6,1
1307,1866-nxpsp,female,0,0,0,36,1,no,dsl,yes,yes,yes,yes,no,yes,one_year,1,mailed_check,75.55,2680.15,0
1308,3372-kwfbm,male,1,0,0,16,1,yes,fiber_optic,no,no,no,no,yes,no,month-to-month,1,electronic_check,86.6,1281.0,1
1309,7831-qgoxh,female,0,0,0,18,1,yes,fiber_optic,no,no,no,no,yes,no,month-to-month,1,electronic_check,85.2,1553.9,1
1310,6393-wryze,female,0,1,0,34,1,yes,fiber_optic,no,no,no,no,yes,yes,month-to-month,1,electronic_check,97.65,3207.55,1
1311,3941-xtskm,male,0,1,1,42,0,no_phone_service,dsl,no,yes,yes,no,no,yes,one_year,1,credit_card_(automatic),45.1,2049.05,0
1312,1661-czbau,male,0,0,0,48,1,yes,dsl,yes,no,no,yes,no,yes,one_year,1,bank_transfer_(automatic),70.95,3629.2,0
1313,6599-rclcj,male,0,1,0,47,1,yes,fiber_optic,no,yes,yes,yes,yes,yes,month-to-month,1,electronic_check,109.55,5124.55,1
1314,9831-bpfri,female,0,1,1,39,1,yes,fiber_optic,no,yes,yes,yes,no,no,one_year,1,electronic_check,89.55,3474.45,1
1315,5158-rivop,female,0,1,1,11,1,no,no,no_internet_service,no_internet_service,no_internet_service,no_internet_service,no_internet_service,no_internet_service,two_year,0,credit_card_(automatic),20.9,202.3,0
1316,9788-ytfge,male,0,0,0,7,1,no,no,no_internet_service,no_internet_service,no_internet_service,no_internet_service,no_internet_service,no_internet_service,month-to-month,1,mailed_check,19.95,147.5,0
1317,9277-joomo,female,0,0,0,3,1,yes,no,no_internet_service,no_internet_service,no_internet_service,no_internet_service,no_internet_service,no_internet_service,month-to-month,0,mailed_check,24.6,86.35,0
1318,1907-ylnyw,male,0,0,0,8,1,no,dsl,yes,no,yes,no,no,yes,month-to-month,1,electronic_check,66.7,579.0,0
1319,1725-mimxw,male,0,0,1,1,1,no,no,no_internet_service,no_internet_service,no_internet_service,no_internet_service,no_internet_service,no_internet_service,month-to-month,1,mailed_check,19.45,19.45,1
1320,8947-yrtdv,male,0,1,1,32,1,no,fiber_optic,yes,yes,yes,no,no,yes,one_year,0,mailed_check,94.8,3131.55,0
1321,3161-onrwk,male,0,1,1,60,1,no,dsl,yes,yes,yes,yes,no,no,one_year,1,bank_transfer_(automatic),65.85,3928.3,0
1322,0114-rsrrw,female,0,1,0,10,1,no,no,no_internet_service,no_internet_service,no_internet_service,no_internet_service,no_internet_service,no_internet_service,month-to-month,1,bank_transfer_(automatic),19.95,187.75,0
1323,4565-nlzbv,female,0,1,0,71,1,yes,no,no_internet_service,no_internet_service,no_internet_service,no_internet_service,no_internet_service,no_internet_service,two_year,1,bank_transfer_(automatic),24.65,1710.15,0
1324,0031-pvlzi,female,0,1,1,4,1,no,no,no_internet_service,no_internet_service,no_internet_service,no_internet_service,no_internet_service,no_internet_service,month-to-month,0,mailed_check,20.35,76.35,1
1325,7206-gzcdc,female,1,0,0,1,1,no,fiber_optic,no,no,no,no,no,no,month-to-month,1,electronic_check,69.25,69.25,1
1326,6682-vcixc,female,0,1,1,43,0,no_phone_service,dsl,yes,yes,no,yes,yes,no,one_year,1,bank_transfer_(automatic),51.25,2151.6,0
1327,4791-qrgmf,male,0,1,0,59,1,yes,fiber_optic,no,no,yes,no,yes,yes,one_year,1,bank_transfer_(automatic),99.5,5961.1,1
1328,6475-vhuiz,female,0,1,0,23,1,no,dsl,no,no,yes,yes,no,no,month-to-month,0,electronic_check,54.25,1221.55,0
1329,3910-mrqoy,female,0,1,0,72,1,no,no,no_internet_service,no_internet_service,no_internet_service,no_internet_service,no_internet_service,no_internet_service,two_year,0,bank_transfer_(automatic),19.4,1496.45,0
1330,0661-wcqnq,male,0,1,0,22,1,no,dsl,yes,no,no,yes,no,no,one_year,1,credit_card_(automatic),56.25,1292.2,0
1331,7537-rbwea,female,0,0,0,1,0,no_phone_service,dsl,no,no,no,no,no,no,month-to-month,1,mailed_check,25.15,25.15,0
1332,4656-caurt,male,0,0,0,69,1,yes,no,no_internet_service,no_internet_service,no_internet_service,no_internet_service,no_internet_service,no_internet_service,two_year,0,bank_transfer_(automatic),23.95,1713.1,0
1333,0121-snyrk,male,0,0,0,50,0,no_phone_service,dsl,yes,no,no,yes,no,no,one_year,1,mailed_check,35.4,1748.9,0
1334,1768-zaifu,female,1,0,0,1,0,no_phone_service,dsl,no,no,no,no,no,no,month-to-month,1,electronic_check,25.2,25.2,1
1335,4671-lxrdq,male,0,0,0,2,1,no,dsl,no,no,no,no,no,no,month-to-month,1,mailed_check,45.0,96.45,1
1336,3733-lsyce,female,0,1,0,15,1,no,fiber_optic,no,yes,no,no,no,no,month-to-month,0,bank_transfer_(automatic),75.35,1114.55,0
1337,6265-frmtq,male,0,0,0,31,1,no,no,no_internet_service,no_internet_service,no_internet_service,no_internet_service,no_internet_service,no_internet_service,two_year,0,bank_transfer_(automatic),20.4,609.1,0
1338,1934-sjvjk,male,0,0,0,1,1,no,no,no_internet_service,no_internet_service,no_internet_service,no_internet_service,no_internet_service,no_internet_service,month-to-month,0,mailed_check,20.15,20.15,1
1339,3838-ozurd,male,0,1,0,66,1,yes,fiber_optic,no,yes,yes,no,yes,yes,month-to-month,1,credit_card_(automatic),105.0,7133.25,1
1340,1371-dwpaz,female,0,1,1,0,0,no_phone_service,dsl,yes,yes,yes,yes,yes,no,two_year,0,credit_card_(automatic),56.05,1397.475,0
1341,9269-cqool,male,0,0,1,3,1,no,dsl,no,no,no,no,yes,no,month-to-month,1,credit_card_(automatic),54.7,169.45,1
1342,2017-ccblh,female,0,0,0,8,1,no,no,no_internet_service,no_internet_service,no_internet_service,no_internet_service,no_internet_service,no_internet_service,two_year,0,mailed_check,20.0,141.6,0
1343,7690-kpncu,male,0,1,1,64,1,no,dsl,yes,no,yes,no,yes,yes,one_year,1,credit_card_(automatic),73.05,4688.65,0
1344,0536-bgfmz,female,0,1,0,28,1,no,no,no_internet_service,no_internet_service,no_internet_service,no_internet_service,no_internet_service,no_internet_service,month-to-month,0,mailed_check,20.5,563.05,0
1345,2293-ijwps,female,0,1,0,57,1,yes,fiber_optic,no,no,yes,no,yes,yes,one_year,1,credit_card_(automatic),100.75,5985.0,0
1346,2845-hsjcy,female,0,1,1,14,1,yes,fiber_optic,no,no,yes,no,no,yes,month-to-month,1,electronic_check,87.25,1258.6,1
1347,5469-nujur,male,0,0,0,19,1,no,no,no_internet_service,no_internet_service,no_internet_service,no_internet_service,no_internet_service,no_internet_service,two_year,1,mailed_check,19.95,373.5,0
1348,1184-pjvdb,male,0,1,0,10,1,no,fiber_optic,no,no,no,no,yes,no,month-to-month,1,electronic_check,79.95,857.2,1
1349,2625-trczq,female,0,1,0,51,0,no_phone_service,dsl,no,yes,no,no,yes,yes,month-to-month,1,electronic_check,49.65,2553.35,0
1350,4102-hlenu,female,0,1,0,67,1,yes,dsl,yes,yes,yes,no,no,no,two_year,0,mailed_check,65.65,4322.85,0
1351,7266-gssjx,male,0,1,1,11,1,no,no,no_internet_service,no_internet_service,no_internet_service,no_internet_service,no_internet_service,no_internet_service,month-to-month,1,electronic_check,20.45,250.8,0
1352,7722-vjrqd,male,0,1,1,72,0,no_phone_service,dsl,yes,no,yes,yes,yes,yes,two_year,0,bank_transfer_(automatic),60.95,4549.05,0
1353,7073-qetqy,male,0,1,1,66,1,no,no,no_internet_service,no_internet_service,no_internet_service,no_internet_service,no_internet_service,no_internet_service,one_year,1,electronic_check,20.35,1359.5,0
1354,9415-dpews,female,0,0,0,18,1,yes,fiber_optic,no,no,no,yes,yes,no,month-to-month,1,electronic_check,88.35,1639.3,1
1355,5624-ryamh,female,0,0,0,9,1,no,no,no_internet_service,no_internet_service,no_internet_service,no_internet_service,no_internet_service,no_internet_service,month-to-month,1,electronic_check,19.5,178.85,0
1356,0196-jtuqi,female,0,0,0,9,1,yes,fiber_optic,no,no,no,no,no,no,month-to-month,1,credit_card_(automatic),75.2,633.85,0
1357,7130-yxbro,male,0,1,0,48,1,yes,fiber_optic,yes,yes,yes,no,yes,yes,month-to-month,1,bank_transfer_(automatic),111.45,5315.1,0
1358,9272-lsvyh,male,0,0,0,10,1,no,fiber_optic,no,no,no,no,no,no,month-to-month,0,mailed_check,70.15,735.5,0
1359,7943-rqchr,female,0,0,0,9,1,yes,fiber_optic,no,no,no,no,yes,yes,month-to-month,1,electronic_check,94.75,889.9,1
1360,3793-mmfuh,female,1,0,0,13,1,yes,fiber_optic,no,no,no,no,yes,yes,month-to-month,1,electronic_check,95.05,1290.0,1
1361,3249-zpqrg,male,0,0,0,4,1,yes,fiber_optic,no,yes,no,no,no,no,month-to-month,0,electronic_check,78.45,330.05,1
1362,2568-brgyx,male,0,0,0,4,1,no,fiber_optic,no,no,no,no,no,no,month-to-month,1,electronic_check,70.2,237.95,1
1363,3084-dowle,female,0,1,0,72,1,yes,dsl,yes,yes,yes,yes,yes,yes,two_year,0,bank_transfer_(automatic),92.0,6474.4,0
1364,1084-mnsmj,female,0,1,1,51,1,no,dsl,yes,yes,yes,yes,yes,yes,two_year,0,credit_card_(automatic),85.5,4421.95,0
1365,7721-jxeaw,male,0,1,0,59,0,no_phone_service,dsl,no,yes,no,no,no,yes,month-to-month,1,bank_transfer_(automatic),41.05,2452.7,1
1366,7249-wbiyx,male,0,1,0,10,1,yes,fiber_optic,no,no,no,no,yes,no,month-to-month,1,electronic_check,85.6,813.85,1
1367,4238-hfhsn,male,1,1,0,61,1,yes,fiber_optic,no,yes,no,no,no,no,month-to-month,1,electronic_check,82.15,4904.85,0
1368,6250-cggun,male,0,0,0,54,1,no,fiber_optic,yes,no,yes,yes,no,no,one_year,0,electronic_check,84.4,4484.05,0
1369,5478-jjvzk,female,0,0,0,33,1,yes,dsl,yes,yes,no,no,no,no,month-to-month,1,mailed_check,60.9,2033.85,0
1370,7596-iiwyc,female,0,0,0,27,1,no,no,no_internet_service,no_internet_service,no_internet_service,no_internet_service,no_internet_service,no_internet_service,two_year,1,bank_transfer_(automatic),20.25,538.2,0
1371,6567-hoopw,female,1,0,0,1,1,no,fiber_optic,no,no,no,no,yes,no,month-to-month,1,electronic_check,79.2,79.2,1
1372,9793-wecqc,male,0,0,0,23,1,no,fiber_optic,no,yes,no,no,yes,yes,month-to-month,0,mailed_check,95.3,2192.9,0
1373,4291-hpaxl,male,0,0,1,1,1,no,no,no_internet_service,no_internet_service,no_internet_service,no_internet_service,no_internet_service,no_internet_service,month-to-month,0,mailed_check,19.85,19.85,0
1374,8999-ypybv,male,0,1,1,45,1,no,dsl,yes,yes,yes,yes,yes,yes,two_year,1,mailed_check,84.35,3858.05,0
1375,1839-fbnfr,female,0,1,1,39,1,no,no,no_internet_service,no_internet_service,no_internet_service,no_internet_service,no_internet_service,no_internet_service,two_year,1,bank_transfer_(automatic),19.85,854.8,0
1376,3164-aalrn,male,0,0,0,5,1,no,dsl,no,no,yes,no,yes,yes,one_year,1,mailed_check,70.0,347.4,1
1377,3071-mvjcd,male,0,1,1,72,1,yes,dsl,yes,yes,yes,yes,yes,no,two_year,0,bank_transfer_(automatic),82.3,5815.15,0
1378,1697-bcshv,female,0,1,1,58,1,yes,dsl,no,yes,no,no,yes,no,month-to-month,1,bank_transfer_(automatic),66.8,3970.4,0
1379,0562-kbdvm,female,0,0,0,70,0,no_phone_service,dsl,yes,yes,yes,yes,no,no,two_year,1,bank_transfer_(automatic),44.6,3058.15,0
1380,1131-suekt,male,0,1,1,61,1,no,fiber_optic,no,yes,no,yes,yes,yes,one_year,1,bank_transfer_(automatic),98.45,6145.2,0
1381,3717-oeauq,male,0,0,0,2,1,no,fiber_optic,no,no,no,no,no,no,month-to-month,0,mailed_check,70.7,129.2,0
1382,4538-wntmj,female,0,1,1,46,1,yes,no,no_internet_service,no_internet_service,no_internet_service,no_internet_service,no_internet_service,no_internet_service,one_year,0,mailed_check,24.95,1165.9,0
1383,3334-cthol,female,0,0,0,1,1,yes,dsl,no,no,no,no,no,no,month-to-month,1,bank_transfer_(automatic),49.95,49.95,1
1384,4704-eryfc,female,0,1,0,22,1,no,fiber_optic,no,no,no,no,no,no,month-to-month,1,electronic_check,69.25,1554.0,1
1385,9432-ruvsl,female,0,0,0,48,1,no,fiber_optic,yes,no,yes,yes,yes,yes,two_year,1,credit_card_(automatic),102.5,4904.25,0
1386,8060-hiwjj,male,0,0,0,64,1,yes,dsl,no,yes,yes,yes,yes,yes,two_year,0,credit_card_(automatic),86.55,5632.55,0
1387,7684-xsziy,male,0,1,1,72,1,yes,no,no_internet_service,no_internet_service,no_internet_service,no_internet_service,no_internet_service,no_internet_service,two_year,0,bank_transfer_(automatic),24.3,1643.25,0
1388,9089-uowjg,female,0,1,1,12,1,no,dsl,no,no,yes,no,yes,no,month-to-month,1,credit_card_(automatic),58.35,740.55,0
1389,8621-mnihh,female,1,1,0,34,1,yes,fiber_optic,no,yes,yes,no,no,yes,month-to-month,1,electronic_check,94.25,3217.55,1
1390,8039-aclpl,female,0,1,1,72,1,no,dsl,yes,yes,yes,no,no,yes,two_year,0,credit_card_(automatic),68.75,4888.2,0
1391,9885-aibvb,male,0,1,0,29,1,yes,fiber_optic,no,yes,yes,no,no,no,month-to-month,1,electronic_check,85.8,2440.25,0
1392,1934-mkpxs,male,0,1,1,33,1,no,no,no_internet_service,no_internet_service,no_internet_service,no_internet_service,no_internet_service,no_internet_service,one_year,0,credit_card_(automatic),20.1,620.55,0
1393,2592-ykdif,female,0,0,0,1,1,no,no,no_internet_service,no_internet_service,no_internet_service,no_internet_service,no_internet_service,no_internet_service,month-to-month,0,mailed_check,20.35,20.35,0
1394,2272-jkmsi,female,0,1,1,62,1,yes,fiber_optic,no,yes,yes,yes,yes,yes,one_year,1,electronic_check,110.8,6840.95,0
1395,0471-lvhgk,male,0,1,0,41,1,yes,dsl,no,no,yes,no,yes,yes,one_year,1,electronic_check,73.0,3001.2,1
1396,9518-rwhzl,female,0,0,0,64,1,yes,fiber_optic,no,no,yes,no,yes,yes,one_year,1,credit_card_(automatic),100.05,6254.2,1
1397,8714-ctzjw,female,0,0,0,4,1,no,fiber_optic,no,no,yes,no,no,yes,month-to-month,1,credit_card_(automatic),82.85,319.6,0
1398,3569-edbpq,female,0,0,0,24,1,yes,fiber_optic,yes,no,no,yes,no,no,month-to-month,1,electronic_check,84.35,1938.05,0
1399,3131-nwvfj,female,0,1,1,14,1,no,no,no_internet_service,no_internet_service,no_internet_service,no_internet_service,no_internet_service,no_internet_service,one_year,0,mailed_check,19.55,294.5,0
1400,7521-yxvzy,male,0,0,1,3,1,no,no,no_internet_service,no_internet_service,no_internet_service,no_internet_service,no_internet_service,no_internet_service,month-to-month,0,mailed_check,19.95,58.3,0
1401,5419-conwx,female,1,0,0,4,1,no,fiber_optic,no,yes,yes,no,yes,yes,month-to-month,1,credit_card_(automatic),99.8,442.85,1
1402,6240-eurks,female,0,0,1,18,0,no_phone_service,dsl,no,no,no,no,no,yes,month-to-month,1,electronic_check,35.0,553.0,1
1403,2373-ntkod,male,0,0,0,8,1,no,dsl,no,no,no,no,yes,yes,month-to-month,1,electronic_check,66.25,546.45,0
1404,1970-kkfwl,female,0,0,0,35,1,yes,no,no_internet_service,no_internet_service,no_internet_service,no_internet_service,no_internet_service,no_internet_service,two_year,0,bank_transfer_(automatic),23.3,797.1,0
1405,6960-hvyxr,female,0,0,0,1,1,yes,fiber_optic,no,no,no,no,no,no,month-to-month,0,electronic_check,76.0,76.0,1
1406,9337-srrni,male,0,0,1,66,1,yes,no,no_internet_service,no_internet_service,no_internet_service,no_internet_service,no_internet_service,no_internet_service,two_year,1,credit_card_(automatic),25.3,1673.8,0
1407,0895-uadgo,male,0,0,1,8,0,no_phone_service,dsl,yes,no,no,yes,no,yes,two_year,1,mailed_check,44.55,343.45,0
1408,5678-vfneq,female,0,1,0,71,1,yes,fiber_optic,yes,no,yes,no,yes,yes,one_year,1,credit_card_(automatic),104.1,7412.25,0
1409,5977-ckhon,female,0,1,1,43,1,yes,fiber_optic,no,no,yes,no,no,yes,month-to-month,1,bank_transfer_(automatic),92.55,4039.0,0
1410,7024-ohcck,female,1,0,0,2,1,yes,fiber_optic,no,no,no,no,yes,yes,month-to-month,1,electronic_check,93.85,170.85,1
1411,2692-bucfv,male,1,0,0,29,1,no,fiber_optic,no,yes,yes,no,yes,yes,month-to-month,1,bank_transfer_(automatic),101.45,2948.6,0
1412,7861-uvuft,female,0,1,0,15,1,no,fiber_optic,no,no,yes,no,yes,no,month-to-month,1,electronic_check,84.3,1308.4,1
1413,1830-ggfnm,male,0,1,1,65,1,yes,fiber_optic,yes,yes,yes,yes,no,no,two_year,0,credit_card_(automatic),94.55,6078.75,0
1414,5302-bdjnt,male,0,0,0,35,1,yes,fiber_optic,no,no,yes,yes,yes,no,month-to-month,0,electronic_check,95.5,3418.2,0
1415,5223-uzavk,male,0,0,0,64,1,no,fiber_optic,yes,yes,no,no,yes,yes,one_year,1,credit_card_(automatic),100.3,6603.8,0
1416,4859-zsrdz,female,0,1,1,58,0,no_phone_service,dsl,no,no,yes,yes,yes,yes,two_year,1,credit_card_(automatic),55.5,3166.9,0
1417,5651-wyiph,female,1,0,0,18,1,no,dsl,no,yes,no,no,no,no,month-to-month,1,credit_card_(automatic),49.85,865.75,0
1418,9350-vlhmb,male,0,1,1,67,1,yes,fiber_optic,no,yes,no,no,no,yes,month-to-month,1,bank_transfer_(automatic),89.55,6373.1,0
1419,3498-lzgqz,male,0,1,1,63,1,no,no,no_internet_service,no_internet_service,no_internet_service,no_internet_service,no_internet_service,no_internet_service,two_year,1,mailed_check,19.15,1177.05,0
1420,8785-cjshh,female,0,1,0,60,1,yes,fiber_optic,no,yes,no,no,yes,yes,month-to-month,1,electronic_check,99.8,5985.75,0
1421,5357-tzhpp,male,1,0,0,9,1,yes,fiber_optic,no,no,no,no,no,yes,month-to-month,1,credit_card_(automatic),84.4,732.5,1
1422,3870-spzsi,female,0,1,1,70,1,yes,fiber_optic,yes,yes,yes,yes,yes,yes,two_year,1,credit_card_(automatic),113.05,7869.05,0
1423,0680-dfnny,male,0,1,0,15,1,yes,fiber_optic,no,no,yes,no,yes,yes,month-to-month,1,electronic_check,101.1,1504.05,1
1424,7560-qrbxh,female,0,0,1,48,1,no,no,no_internet_service,no_internet_service,no_internet_service,no_internet_service,no_internet_service,no_internet_service,one_year,0,mailed_check,19.95,936.7,0
1425,7077-xjmet,male,0,1,0,12,1,no,dsl,no,no,yes,yes,yes,yes,month-to-month,1,electronic_check,74.15,741.4,0
1426,8752-ghjfu,male,1,1,0,71,1,yes,fiber_optic,yes,yes,yes,yes,no,no,one_year,1,electronic_check,92.0,6585.2,0
1427,6896-srvyq,male,1,0,0,44,1,no,fiber_optic,no,no,yes,no,no,no,month-to-month,0,electronic_check,73.85,3122.4,0
1428,7767-uxagj,male,0,0,0,1,1,yes,dsl,no,no,no,no,no,no,month-to-month,1,electronic_check,50.45,50.45,1
1429,4652-odevh,male,0,1,1,45,1,yes,no,no_internet_service,no_internet_service,no_internet_service,no_internet_service,no_internet_service,no_internet_service,two_year,0,mailed_check,24.45,1088.25,0
1430,6510-upnks,female,0,0,0,23,1,yes,no,no_internet_service,no_internet_service,no_internet_service,no_internet_service,no_internet_service,no_internet_service,one_year,0,credit_card_(automatic),24.8,615.35,0
1431,6718-bdghg,female,0,1,0,43,1,yes,dsl,no,no,no,yes,yes,no,one_year,1,bank_transfer_(automatic),64.85,2908.2,0
1432,9046-dqmtp,male,0,0,0,35,1,no,no,no_internet_service,no_internet_service,no_internet_service,no_internet_service,no_internet_service,no_internet_service,month-to-month,0,bank_transfer_(automatic),20.75,739.9,0
1433,6439-lajxl,male,0,1,0,9,1,no,dsl,yes,yes,no,yes,yes,no,month-to-month,1,mailed_check,68.95,593.85,0
1434,1571-savhk,male,0,0,0,12,1,yes,fiber_optic,no,no,no,yes,yes,yes,month-to-month,1,mailed_check,99.95,1132.75,1
1435,9052-vkduw,female,1,1,0,65,1,yes,fiber_optic,yes,yes,yes,no,yes,yes,month-to-month,1,credit_card_(automatic),109.4,7227.45,0
1436,9546-cqjsu,female,0,0,0,2,1,yes,fiber_optic,no,no,yes,no,yes,no,month-to-month,1,electronic_check,91.4,193.6,1
1437,1666-jzpzt,male,0,0,0,27,1,yes,dsl,no,no,no,no,no,no,month-to-month,0,mailed_check,49.0,1291.35,0
1438,5777-kjirb,female,0,0,0,40,1,no,dsl,no,no,yes,no,no,no,one_year,1,mailed_check,50.25,2023.55,0
1439,0506-lvngn,female,1,0,0,5,1,no,fiber_optic,no,no,yes,no,no,no,month-to-month,1,credit_card_(automatic),75.55,349.65,1
1440,7677-sjjjk,male,0,1,1,8,1,no,no,no_internet_service,no_internet_service,no_internet_service,no_internet_service,no_internet_service,no_internet_service,one_year,0,credit_card_(automatic),19.9,153.95,0
1441,2480-ejwyp,female,1,1,0,58,1,yes,fiber_optic,no,yes,no,no,yes,yes,one_year,1,bank_transfer_(automatic),97.8,5458.8,0
1442,3253-hkokl,female,0,1,1,52,1,no,fiber_optic,yes,no,yes,no,yes,yes,one_year,0,electronic_check,100.3,5244.45,0
1443,7055-hneoj,male,0,1,0,3,1,no,dsl,no,no,yes,yes,no,no,month-to-month,1,mailed_check,55.8,154.55,0
1444,5514-yqent,male,0,0,1,41,1,no,fiber_optic,yes,yes,yes,yes,yes,yes,two_year,1,electronic_check,111.15,4507.15,0
1445,3211-aapkx,male,0,0,0,20,1,yes,fiber_optic,no,no,no,yes,yes,yes,month-to-month,1,mailed_check,98.55,2031.95,0
1446,8445-dnbae,male,0,0,1,1,1,yes,dsl,no,no,no,no,no,no,month-to-month,1,electronic_check,50.05,50.05,0
1447,2951-qoqtk,male,0,0,1,4,1,yes,fiber_optic,no,no,no,yes,no,no,month-to-month,0,credit_card_(automatic),80.8,332.45,1
1448,2958-nhpps,male,0,0,0,23,1,no,no,no_internet_service,no_internet_service,no_internet_service,no_internet_service,no_internet_service,no_internet_service,month-to-month,0,electronic_check,20.85,473.9,0
1449,6806-ydeul,female,1,0,0,6,1,no,no,no_internet_service,no_internet_service,no_internet_service,no_internet_service,no_internet_service,no_internet_service,month-to-month,0,bank_transfer_(automatic),19.5,106.8,0
1450,1735-xmjvh,male,0,1,1,8,1,no,no,no_internet_service,no_internet_service,no_internet_service,no_internet_service,no_internet_service,no_internet_service,month-to-month,1,mailed_check,19.35,152.6,0
1451,6890-pfrqx,male,0,0,0,18,1,yes,dsl,yes,no,yes,no,yes,no,month-to-month,0,mailed_check,69.5,1199.4,0
1452,0222-cnvpt,male,1,0,0,52,0,no_phone_service,dsl,yes,no,no,no,yes,yes,month-to-month,1,credit_card_(automatic),48.8,2555.05,0
1453,5899-ouvkv,male,0,0,0,31,1,no,fiber_optic,no,yes,no,no,yes,yes,month-to-month,1,electronic_check,94.5,2979.2,0
1454,8681-icons,male,0,1,1,29,1,no,no,no_internet_service,no_internet_service,no_internet_service,no_internet_service,no_internet_service,no_internet_service,month-to-month,1,mailed_check,20.65,654.85,0
1455,1621-yncjh,female,0,1,0,36,1,yes,fiber_optic,yes,yes,yes,yes,no,yes,two_year,1,credit_card_(automatic),106.05,3834.4,0
1456,3473-xiiit,female,0,1,0,16,1,yes,fiber_optic,no,yes,no,no,yes,yes,month-to-month,1,electronic_check,100.0,1534.75,1
1457,6362-qhafm,male,0,1,0,42,1,yes,fiber_optic,no,no,yes,yes,yes,yes,one_year,1,electronic_check,108.3,4586.15,0
1458,7893-ixhrq,male,0,0,0,1,1,no,no,no_internet_service,no_internet_service,no_internet_service,no_internet_service,no_internet_service,no_internet_service,month-to-month,0,electronic_check,20.55,20.55,1
1459,3070-bdoqc,female,0,0,0,60,1,no,fiber_optic,no,yes,yes,no,yes,yes,two_year,1,electronic_check,99.65,5941.05,0
1460,2952-qayzf,male,0,0,0,5,1,yes,fiber_optic,no,yes,yes,no,no,no,month-to-month,1,electronic_check,85.3,424.15,1
1461,6234-pfpxl,male,0,1,0,22,1,yes,fiber_optic,yes,no,no,yes,yes,no,month-to-month,0,credit_card_(automatic),95.9,2234.95,0
1462,9824-qcjpk,male,0,1,0,36,1,no,no,no_internet_service,no_internet_service,no_internet_service,no_internet_service,no_internet_service,no_internet_service,one_year,0,mailed_check,20.0,666.75,0
1463,4763-pgdpo,female,0,0,0,4,1,no,fiber_optic,no,no,no,no,no,no,month-to-month,0,electronic_check,70.4,281.0,1
1464,4283-ivyci,male,0,0,0,9,1,no,dsl,yes,no,no,yes,no,yes,month-to-month,0,mailed_check,64.95,547.8,0
1465,1866-obpnr,male,0,1,1,1,1,no,fiber_optic,no,yes,no,no,no,no,month-to-month,0,credit_card_(automatic),74.6,74.6,0
1466,8205-mqugy,male,0,1,1,12,1,no,dsl,yes,no,no,no,no,no,month-to-month,1,electronic_check,49.2,571.15,0
1467,8970-anwxo,female,0,0,0,23,1,yes,dsl,no,no,no,yes,yes,yes,one_year,1,mailed_check,73.75,1756.6,0
1468,9480-bqjei,male,0,0,0,62,1,yes,fiber_optic,yes,yes,no,no,no,yes,one_year,1,bank_transfer_(automatic),92.3,5731.45,0
1469,5394-svgjv,male,0,0,0,37,1,yes,fiber_optic,no,no,no,yes,yes,yes,month-to-month,0,bank_transfer_(automatic),98.8,3475.55,1
1470,6979-tndeu,female,0,0,0,8,1,no,no,no_internet_service,no_internet_service,no_internet_service,no_internet_service,no_internet_service,no_internet_service,month-to-month,0,mailed_check,19.2,156.85,0
1471,9777-wjjpr,male,0,1,0,31,1,yes,fiber_optic,no,no,yes,no,yes,no,month-to-month,0,credit_card_(automatic),88.65,2683.2,0
1472,9283-lzqoh,male,0,1,1,13,1,yes,fiber_optic,no,no,no,no,no,no,month-to-month,1,credit_card_(automatic),74.4,896.75,1
1473,7079-qrcbc,female,0,0,0,24,1,yes,fiber_optic,no,no,yes,no,yes,yes,month-to-month,1,electronic_check,98.75,2407.3,1
1474,9495-sklkd,male,0,1,1,45,1,yes,fiber_optic,no,yes,yes,no,no,yes,month-to-month,1,bank_transfer_(automatic),95.95,4456.65,0
1475,6048-uwkal,female,1,1,0,69,1,yes,fiber_optic,no,yes,no,yes,yes,yes,two_year,0,credit_card_(automatic),105.4,6998.95,0
1476,5067-dgxll,male,0,0,0,2,1,no,no,no_internet_service,no_internet_service,no_internet_service,no_internet_service,no_internet_service,no_internet_service,month-to-month,0,mailed_check,20.25,36.8,0
1477,5469-ctcwn,male,0,1,1,61,1,yes,fiber_optic,yes,yes,no,no,yes,yes,one_year,1,electronic_check,106.0,6547.7,1
1478,9851-qxeeq,male,0,0,0,41,1,yes,fiber_optic,no,yes,yes,no,yes,yes,month-to-month,1,electronic_check,104.7,4346.4,1
1479,6281-fkews,female,0,0,0,44,0,no_phone_service,dsl,no,no,yes,no,yes,yes,one_year,1,electronic_check,49.05,2265.0,0
1480,8898-kascd,male,0,0,0,39,0,no_phone_service,dsl,no,no,yes,yes,no,no,one_year,0,mailed_check,35.55,1309.15,0
1481,9242-tkfsv,male,0,1,1,72,0,no_phone_service,dsl,yes,yes,yes,yes,yes,yes,two_year,1,credit_card_(automatic),65.1,4754.3,0
1482,9290-shcmb,female,1,0,0,13,1,no,fiber_optic,no,no,yes,no,yes,yes,month-to-month,1,electronic_check,96.85,1235.55,0
1483,0743-hnpfg,female,0,1,1,51,1,no,dsl,yes,yes,no,yes,no,yes,one_year,1,credit_card_(automatic),69.75,3562.5,0
1484,2277-bkjkn,female,1,1,0,71,1,no,fiber_optic,no,yes,yes,no,yes,yes,two_year,1,electronic_check,99.2,7213.75,0
1485,9809-imgcq,male,1,0,0,22,1,yes,fiber_optic,no,no,no,no,yes,yes,month-to-month,1,electronic_check,96.7,2082.95,1
1486,5208-hfsbt,female,0,0,0,2,1,no,dsl,no,yes,no,yes,no,no,month-to-month,1,credit_card_(automatic),55.05,102.75,1
1487,5035-pgzxh,female,0,0,0,56,1,yes,fiber_optic,no,yes,yes,no,yes,yes,one_year,1,electronic_check,106.8,5914.4,0
1488,8695-wdyea,male,0,0,0,1,1,no,dsl,yes,no,no,no,no,no,month-to-month,0,mailed_check,51.25,51.25,0
1489,6543-jxsoo,female,0,1,1,23,1,no,dsl,yes,yes,no,yes,no,no,one_year,1,mailed_check,57.75,1282.85,0
1490,8016-zmgmo,female,1,1,0,66,1,yes,dsl,no,yes,yes,no,yes,no,one_year,1,bank_transfer_(automatic),70.85,4738.85,0
1491,8605-ituld,female,0,0,0,1,1,no,no,no_internet_service,no_internet_service,no_internet_service,no_internet_service,no_internet_service,no_internet_service,month-to-month,0,mailed_check,19.55,19.55,0
1492,3254-yrilk,male,1,0,0,19,1,yes,fiber_optic,no,yes,no,no,yes,no,month-to-month,1,electronic_check,88.2,1775.8,1
1493,6416-yjttb,male,0,0,0,11,1,no,fiber_optic,yes,no,yes,no,no,no,month-to-month,1,bank_transfer_(automatic),79.5,795.65,0
1494,2667-wylwj,female,0,1,1,8,1,no,no,no_internet_service,no_internet_service,no_internet_service,no_internet_service,no_internet_service,no_internet_service,one_year,1,mailed_check,19.75,145.0,1
1495,4472-vesgy,female,0,1,1,52,1,yes,fiber_optic,yes,yes,yes,no,no,yes,month-to-month,0,bank_transfer_(automatic),98.15,4993.4,0
1496,3195-tqdzx,male,0,0,0,3,1,no,no,no_internet_service,no_internet_service,no_internet_service,no_internet_service,no_internet_service,no_internet_service,month-to-month,1,electronic_check,20.25,61.45,0
1497,3128-yovtd,female,0,1,1,51,1,no,fiber_optic,yes,yes,no,no,no,no,month-to-month,1,bank_transfer_(automatic),79.15,4018.55,0
1498,0529-onker,male,1,0,0,15,1,yes,fiber_optic,no,no,no,no,no,no,month-to-month,0,electronic_check,75.65,1146.65,1
1499,1728-cxqbe,male,1,1,0,64,1,yes,fiber_optic,no,yes,yes,no,no,yes,month-to-month,1,electronic_check,94.25,6081.4,0
1500,7041-txqjh,female,0,0,0,37,0,no_phone_service,dsl,no,no,yes,no,no,yes,month-to-month,1,credit_card_(automatic),40.2,1478.85,0
1501,5014-gsouq,male,0,0,0,13,1,no,no,no_internet_service,no_internet_service,no_internet_service,no_internet_service,no_internet_service,no_internet_service,two_year,0,mailed_check,19.95,243.65,0
1502,5724-bidbu,male,0,1,0,49,1,yes,dsl,yes,no,no,no,no,no,one_year,1,electronic_check,55.35,2633.95,0
1503,0481-sumcb,female,1,0,0,45,1,yes,fiber_optic,no,no,yes,no,yes,yes,one_year,1,bank_transfer_(automatic),102.15,4735.35,0
1504,1769-gruik,female,0,0,0,18,1,no,fiber_optic,no,no,no,no,no,no,month-to-month,1,electronic_check,71.1,1247.75,0
1505,5240-ijoqt,male,1,0,0,1,1,yes,fiber_optic,no,no,no,no,no,no,month-to-month,1,electronic_check,74.7,74.7,1
1506,8819-wfggj,male,0,1,0,68,0,no_phone_service,dsl,yes,no,yes,no,yes,yes,two_year,1,bank_transfer_(automatic),54.1,3794.5,0
1507,7427-aufpy,male,0,0,0,54,1,no,no,no_internet_service,no_internet_service,no_internet_service,no_internet_service,no_internet_service,no_internet_service,two_year,0,credit_card_(automatic),19.65,1008.7,0
1508,2811-povex,female,1,1,1,23,1,no,fiber_optic,no,yes,yes,no,no,yes,month-to-month,1,bank_transfer_(automatic),88.45,2130.55,0
1509,1092-ganhu,male,0,0,0,17,1,no,fiber_optic,no,no,yes,no,no,no,month-to-month,1,electronic_check,76.65,1313.55,1
1510,7898-pdwqe,male,0,1,0,71,1,yes,dsl,yes,yes,yes,yes,no,yes,two_year,0,credit_card_(automatic),80.4,5727.15,0
1511,9972-ewrjs,female,0,1,1,67,1,no,no,no_internet_service,no_internet_service,no_internet_service,no_internet_service,no_internet_service,no_internet_service,two_year,1,bank_transfer_(automatic),19.25,1372.9,0
1512,9314-ijwsq,female,0,1,1,14,1,yes,fiber_optic,no,no,no,no,yes,no,month-to-month,1,electronic_check,84.8,1203.9,0
1513,0661-xeyan,female,1,0,0,1,0,no_phone_service,dsl,no,no,no,no,no,no,month-to-month,1,mailed_check,25.8,25.8,1
1514,5799-jrczo,female,0,0,1,63,1,no,no,no_internet_service,no_internet_service,no_internet_service,no_internet_service,no_internet_service,no_internet_service,two_year,0,credit_card_(automatic),19.5,1215.1,0
1515,1921-kysay,female,0,0,0,41,1,yes,dsl,no,no,yes,yes,no,yes,one_year,1,electronic_check,68.6,2877.05,0
1516,6198-rtpmf,female,0,1,0,17,1,yes,fiber_optic,no,no,no,no,yes,yes,month-to-month,0,electronic_check,92.6,1579.7,0
1517,2924-khuvi,male,0,1,0,56,1,yes,fiber_optic,yes,no,no,no,yes,yes,one_year,1,electronic_check,100.55,5514.95,0
1518,1925-gmvbw,female,0,0,0,5,1,no,no,no_internet_service,no_internet_service,no_internet_service,no_internet_service,no_internet_service,no_internet_service,month-to-month,0,credit_card_(automatic),20.55,96.1,0
1519,7881-evuad,female,0,0,0,2,0,no_phone_service,dsl,yes,yes,no,no,no,yes,month-to-month,1,electronic_check,42.6,72.4,1
1520,6184-dyuob,female,0,1,0,3,1,no,no,no_internet_service,no_internet_service,no_internet_service,no_internet_service,no_internet_service,no_internet_service,month-to-month,1,mailed_check,19.6,55.25,0
1521,9207-zpanb,male,0,0,0,37,1,yes,dsl,yes,yes,yes,yes,no,no,one_year,0,electronic_check,67.45,2443.3,0
1522,5766-xqxmq,female,0,0,0,29,1,no,dsl,yes,yes,yes,no,no,yes,month-to-month,1,bank_transfer_(automatic),68.85,1970.5,1
1523,9327-qsded,male,0,0,0,8,1,no,dsl,no,no,no,no,no,no,month-to-month,0,mailed_check,43.55,335.4,0
1524,1656-drsmg,female,0,0,0,63,1,yes,fiber_optic,no,yes,yes,yes,yes,yes,month-to-month,1,credit_card_(automatic),109.85,7002.95,0
1525,3012-vffmn,female,0,1,1,7,1,no,no,no_internet_service,no_internet_service,no_internet_service,no_internet_service,no_internet_service,no_internet_service,month-to-month,0,mailed_check,20.65,158.95,0
1526,2984-afwnc,female,0,0,0,3,1,no,fiber_optic,no,yes,no,no,yes,yes,month-to-month,0,electronic_check,95.4,293.15,0
1527,0640-yjtpy,male,0,1,1,72,1,no,no,no_internet_service,no_internet_service,no_internet_service,no_internet_service,no_internet_service,no_internet_service,two_year,0,bank_transfer_(automatic),21.0,1493.75,0
1528,8096-loist,female,0,0,0,19,1,no,dsl,no,no,no,no,no,yes,month-to-month,1,electronic_check,56.2,1093.4,0
1529,9764-reaff,female,0,1,0,59,1,no,no,no_internet_service,no_internet_service,no_internet_service,no_internet_service,no_internet_service,no_internet_service,two_year,0,bank_transfer_(automatic),18.4,1057.85,0
1530,3703-vavcl,male,0,1,1,2,1,no,fiber_optic,no,no,yes,yes,no,yes,month-to-month,0,credit_card_(automatic),90.0,190.05,1
1531,7107-ubyky,female,0,1,1,35,1,yes,no,no_internet_service,no_internet_service,no_internet_service,no_internet_service,no_internet_service,no_internet_service,month-to-month,1,electronic_check,25.75,882.55,0
1532,4881-gqjtw,male,0,0,0,14,1,no,no,no_internet_service,no_internet_service,no_internet_service,no_internet_service,no_internet_service,no_internet_service,month-to-month,0,credit_card_(automatic),19.6,300.4,0
1533,8519-qjgjd,female,0,0,0,14,1,no,fiber_optic,no,no,yes,no,no,no,month-to-month,0,electronic_check,75.35,1025.95,1
1534,7876-dnyap,female,0,1,1,69,1,no,no,no_internet_service,no_internet_service,no_internet_service,no_internet_service,no_internet_service,no_internet_service,two_year,0,credit_card_(automatic),19.8,1436.95,0
1535,7905-njmxs,male,1,1,0,7,1,yes,dsl,yes,yes,no,yes,no,no,month-to-month,0,electronic_check,64.2,475.0,0
1536,2882-wdtba,male,0,1,1,69,1,no,dsl,yes,yes,yes,yes,yes,no,two_year,1,bank_transfer_(automatic),75.75,5388.15,0
1537,2091-gppiq,female,0,1,1,72,1,yes,dsl,no,yes,no,yes,yes,yes,two_year,1,electronic_check,78.95,5730.15,0
1538,6326-mttxk,male,0,0,0,8,1,yes,fiber_optic,no,yes,no,no,yes,yes,month-to-month,0,electronic_check,100.85,819.55,1
1539,5071-fbjfs,female,0,1,1,4,1,no,dsl,yes,no,no,no,no,no,month-to-month,0,electronic_check,50.3,217.1,0
1540,2796-uuzzo,male,0,1,1,63,1,no,fiber_optic,no,yes,yes,no,no,no,month-to-month,1,credit_card_(automatic),80.3,4896.35,0
1541,2429-aykko,male,0,0,0,72,1,no,no,no_internet_service,no_internet_service,no_internet_service,no_internet_service,no_internet_service,no_internet_service,two_year,0,bank_transfer_(automatic),19.85,1434.1,0
1542,9798-opfem,female,0,0,0,46,1,no,no,no_internet_service,no_internet_service,no_internet_service,no_internet_service,no_internet_service,no_internet_service,two_year,1,electronic_check,21.1,937.1,0
1543,0330-ivzha,female,0,1,0,5,1,no,fiber_optic,no,no,no,no,no,no,month-to-month,0,electronic_check,69.95,330.15,1
1544,3794-nfnch,male,0,1,0,30,1,no,dsl,no,no,yes,no,no,no,month-to-month,1,mailed_check,50.0,1474.9,0
1545,5193-qlvzb,male,0,0,0,63,1,yes,fiber_optic,no,yes,yes,no,yes,yes,two_year,1,bank_transfer_(automatic),104.75,6536.5,0
1546,7114-aeoze,female,0,0,0,60,1,no,no,no_internet_service,no_internet_service,no_internet_service,no_internet_service,no_internet_service,no_internet_service,two_year,0,bank_transfer_(automatic),19.85,1128.1,0
1547,2886-kefum,female,0,1,0,63,1,yes,fiber_optic,no,yes,yes,no,yes,yes,one_year,1,electronic_check,107.5,6873.75,1
1548,5522-nykpb,male,0,1,1,25,1,no,fiber_optic,no,no,no,yes,yes,no,month-to-month,0,electronic_check,85.9,2199.05,0
1549,4237-rlaqd,male,0,0,0,1,1,no,dsl,no,no,no,no,no,no,month-to-month,1,mailed_check,45.85,45.85,1
1550,9957-yodkz,male,1,1,0,6,1,yes,fiber_optic,no,no,yes,no,no,no,month-to-month,1,electronic_check,80.8,457.1,0
1551,6518-kzxcb,male,0,0,0,22,1,yes,no,no_internet_service,no_internet_service,no_internet_service,no_internet_service,no_internet_service,no_internet_service,two_year,0,mailed_check,25.25,566.5,0
1552,2245-adzfj,female,0,1,1,31,1,yes,dsl,no,yes,no,yes,yes,yes,two_year,0,bank_transfer_(automatic),80.55,2471.6,0
1553,7776-qgyjc,female,0,1,1,39,1,no,fiber_optic,no,no,yes,yes,no,no,month-to-month,1,bank_transfer_(automatic),81.5,3107.3,0
1554,9313-qoltz,male,0,0,0,26,1,no,no,no_internet_service,no_internet_service,no_internet_service,no_internet_service,no_internet_service,no_internet_service,month-to-month,0,mailed_check,20.9,518.3,0
1555,9651-gtsaq,female,0,1,0,53,1,no,fiber_optic,yes,yes,yes,no,yes,yes,one_year,1,bank_transfer_(automatic),106.1,5769.75,1
1556,3186-baxnb,female,0,0,0,1,1,no,fiber_optic,no,yes,no,yes,yes,no,month-to-month,0,electronic_check,91.7,91.7,1
1557,4672-fotsd,male,0,0,0,12,1,yes,dsl,yes,yes,no,yes,no,no,month-to-month,1,electronic_check,67.25,832.3,0
1558,0637-ylety,female,0,0,0,16,1,yes,fiber_optic,no,yes,yes,no,no,yes,month-to-month,1,credit_card_(automatic),95.6,1555.65,1
1559,9818-xqcuv,female,0,0,0,2,1,no,no,no_internet_service,no_internet_service,no_internet_service,no_internet_service,no_internet_service,no_internet_service,month-to-month,0,mailed_check,20.35,45.3,0
1560,7338-eriva,male,0,0,1,39,0,no_phone_service,dsl,yes,no,no,yes,yes,no,one_year,0,bank_transfer_(automatic),45.05,1790.6,0
1561,1157-bqcuw,male,0,0,0,1,1,yes,fiber_optic,no,no,no,no,no,no,month-to-month,1,electronic_check,74.95,74.95,1
1562,8259-nfjtv,female,0,1,1,7,0,no_phone_service,dsl,yes,no,no,yes,no,no,month-to-month,0,mailed_check,34.65,246.6,0
1563,3223-dwfio,male,1,0,0,4,1,no,fiber_optic,no,no,no,no,no,no,month-to-month,0,electronic_check,69.35,261.65,0
1564,2660-emubi,male,1,0,0,10,1,yes,fiber_optic,no,no,no,no,yes,yes,month-to-month,1,electronic_check,95.35,898.35,1
1565,6968-gmkpr,female,0,0,0,55,1,no,fiber_optic,no,yes,yes,no,no,no,month-to-month,1,electronic_check,81.55,4509.5,0
1566,4751-erman,male,0,1,1,72,1,no,dsl,no,yes,yes,no,yes,yes,two_year,1,bank_transfer_(automatic),75.4,5480.25,0
1567,1436-zmjan,female,0,1,0,10,1,no,dsl,no,no,yes,no,yes,yes,month-to-month,1,credit_card_(automatic),67.8,653.15,0
1568,3292-pbzej,male,1,0,0,11,1,yes,fiber_optic,no,yes,yes,yes,yes,yes,month-to-month,1,electronic_check,111.4,1183.05,0
1569,0799-ddihe,female,0,1,1,15,1,no,dsl,no,no,no,no,no,no,month-to-month,0,electronic_check,46.3,639.45,0
1570,3070-fnfzq,female,0,1,1,23,1,no,no,no_internet_service,no_internet_service,no_internet_service,no_internet_service,no_internet_service,no_internet_service,two_year,0,bank_transfer_(automatic),20.4,478.75,0
1571,2812-sfxmj,male,0,0,1,1,1,no,no,no_internet_service,no_internet_service,no_internet_service,no_internet_service,no_internet_service,no_internet_service,month-to-month,0,mailed_check,20.05,20.05,0
1572,7675-ozczg,female,1,0,0,3,1,no,dsl,no,no,no,no,no,no,month-to-month,0,electronic_check,45.0,127.1,1
1573,5014-wuqmg,male,0,1,1,47,1,no,fiber_optic,yes,yes,yes,no,no,yes,one_year,1,electronic_check,96.1,4391.45,0
1574,5312-tszvc,female,0,0,1,15,1,no,no,no_internet_service,no_internet_service,no_internet_service,no_internet_service,no_internet_service,no_internet_service,one_year,0,mailed_check,19.65,270.6,0
1575,2003-cklor,male,0,0,0,66,1,no,fiber_optic,no,yes,yes,no,yes,yes,month-to-month,0,electronic_check,99.5,6710.5,1
1576,0993-osgpt,female,1,1,0,68,1,no,dsl,no,yes,yes,yes,no,no,one_year,1,bank_transfer_(automatic),60.65,3975.9,0
1577,9254-rbfon,female,0,1,1,17,1,no,fiber_optic,no,no,yes,yes,yes,yes,one_year,0,bank_transfer_(automatic),98.6,1704.95,1
1578,1205-wnwpj,female,0,0,0,7,1,no,dsl,no,no,no,yes,yes,no,month-to-month,1,mailed_check,59.5,415.95,1
1579,9391-eoyli,male,1,1,0,12,1,no,fiber_optic,no,no,no,no,no,yes,month-to-month,1,electronic_check,80.45,950.2,1
1580,7108-dgvuu,female,1,1,0,21,1,yes,dsl,no,yes,yes,no,no,yes,one_year,0,bank_transfer_(automatic),71.7,1497.05,0
1581,2782-jeebu,male,0,0,0,21,0,no_phone_service,dsl,no,yes,no,yes,no,no,month-to-month,1,mailed_check,36.0,780.15,0
1582,5127-bzenz,female,0,1,1,56,1,yes,dsl,yes,no,no,no,yes,no,one_year,0,bank_transfer_(automatic),65.2,3512.15,0
1583,2720-fvbqp,female,0,1,1,6,1,yes,dsl,no,no,no,no,no,no,month-to-month,1,credit_card_(automatic),48.95,273.25,0
1584,9906-nhhvc,female,1,0,0,65,0,no_phone_service,dsl,no,yes,yes,no,yes,yes,two_year,1,bank_transfer_(automatic),53.5,3517.9,0
1585,4522-xrwwi,male,0,1,0,42,1,yes,dsl,yes,no,no,yes,yes,yes,one_year,0,credit_card_(automatic),80.45,3375.9,0
1586,3766-ejlfl,female,0,1,1,68,1,yes,fiber_optic,yes,no,yes,yes,yes,yes,two_year,1,bank_transfer_(automatic),109.05,7508.55,0
1587,5939-sxwhm,male,0,1,1,48,1,yes,no,no_internet_service,no_internet_service,no_internet_service,no_internet_service,no_internet_service,no_internet_service,two_year,0,bank_transfer_(automatic),26.3,1245.05,0
1588,8152-uobny,female,1,0,0,50,1,yes,fiber_optic,no,yes,no,yes,yes,yes,one_year,1,electronic_check,106.8,5347.95,0
1589,7351-kyhqh,female,1,0,0,7,1,no,dsl,no,yes,yes,no,yes,no,month-to-month,1,electronic_check,64.95,493.65,0
1590,7643-rchxs,female,0,1,1,63,1,no,no,no_internet_service,no_internet_service,no_internet_service,no_internet_service,no_internet_service,no_internet_service,two_year,0,electronic_check,19.35,1263.85,0
1591,8246-shfga,male,0,0,0,17,1,no,no,no_internet_service,no_internet_service,no_internet_service,no_internet_service,no_internet_service,no_internet_service,month-to-month,0,credit_card_(automatic),21.1,385.55,0
1592,8387-mojjt,female,0,1,1,42,1,no,fiber_optic,no,no,no,no,yes,no,month-to-month,1,credit_card_(automatic),77.95,3384.0,1
1593,0620-xefwh,male,0,1,1,4,1,no,no,no_internet_service,no_internet_service,no_internet_service,no_internet_service,no_internet_service,no_internet_service,month-to-month,0,mailed_check,18.85,84.2,0
1594,6485-qxwwe,female,0,0,1,62,1,yes,no,no_internet_service,no_internet_service,no_internet_service,no_internet_service,no_internet_service,no_internet_service,two_year,0,bank_transfer_(automatic),26.0,1638.7,0
1595,2761-ociax,male,1,0,0,2,1,no,fiber_optic,no,yes,no,no,no,no,month-to-month,1,electronic_check,74.7,165.4,1
1596,7321-vgnku,female,0,1,0,2,1,no,fiber_optic,no,no,no,no,no,no,month-to-month,1,electronic_check,70.35,120.25,0
1597,5327-cnluq,male,0,1,0,48,1,yes,fiber_optic,yes,yes,yes,no,yes,no,two_year,1,bank_transfer_(automatic),96.9,4473.45,0
1598,7552-keygt,male,0,1,0,27,1,no,no,no_internet_service,no_internet_service,no_internet_service,no_internet_service,no_internet_service,no_internet_service,two_year,0,bank_transfer_(automatic),19.55,520.55,0
1599,5816-jmlgy,female,0,1,1,70,1,no,dsl,no,yes,yes,yes,yes,yes,two_year,1,bank_transfer_(automatic),80.4,5717.85,0
1600,3068-omwza,male,1,0,0,1,1,yes,fiber_optic,no,no,yes,no,yes,no,month-to-month,1,electronic_check,88.8,88.8,1
1601,2927-qrrqv,male,0,1,0,46,1,yes,fiber_optic,no,yes,yes,no,yes,no,one_year,1,electronic_check,94.65,4312.5,0
1602,6032-krxxo,male,0,0,0,30,1,no,fiber_optic,no,no,no,no,yes,yes,month-to-month,1,electronic_check,90.25,2755.35,1
1603,7459-rrwqz,female,0,0,0,15,1,yes,dsl,yes,no,no,no,no,yes,month-to-month,1,bank_transfer_(automatic),64.65,994.55,1
1604,6265-sxwbu,male,0,1,1,69,1,yes,fiber_optic,no,yes,yes,no,yes,no,one_year,0,credit_card_(automatic),95.75,6511.25,0
1605,7941-rcjow,male,0,0,0,65,1,no,no,no_internet_service,no_internet_service,no_internet_service,no_internet_service,no_internet_service,no_internet_service,two_year,1,credit_card_(automatic),19.55,1218.65,0
1606,6374-ntqlp,male,1,1,1,72,1,no,fiber_optic,yes,no,yes,yes,yes,yes,two_year,1,credit_card_(automatic),104.1,7447.7,0
1607,4154-aqugt,male,1,1,0,13,1,no,fiber_optic,no,yes,no,yes,no,yes,month-to-month,1,bank_transfer_(automatic),89.05,1169.35,1
1608,2387-kdzqy,male,0,0,0,17,1,no,no,no_internet_service,no_internet_service,no_internet_service,no_internet_service,no_internet_service,no_internet_service,one_year,1,mailed_check,20.1,279.5,0
1609,3584-wkttw,male,0,1,0,51,1,yes,fiber_optic,yes,no,yes,yes,yes,yes,one_year,1,electronic_check,111.55,5720.35,0
1610,3399-bmlvw,male,0,1,1,51,1,no,dsl,yes,yes,no,yes,no,no,two_year,0,credit_card_(automatic),60.5,3121.45,0
1611,1971-dtczb,female,0,1,0,72,1,yes,dsl,yes,yes,yes,yes,yes,yes,two_year,1,bank_transfer_(automatic),90.95,6468.6,0
1612,3092-ighwf,male,0,1,1,67,1,yes,fiber_optic,no,yes,yes,no,no,no,one_year,0,electronic_check,87.4,5918.8,1
1613,3374-pzlxd,male,0,0,0,34,1,no,no,no_internet_service,no_internet_service,no_internet_service,no_internet_service,no_internet_service,no_internet_service,month-to-month,0,mailed_check,19.7,675.6,0
1614,3813-dhbbb,male,0,1,0,67,0,no_phone_service,dsl,yes,yes,no,yes,no,yes,two_year,1,bank_transfer_(automatic),50.95,3521.7,0
1615,2812-reyat,female,0,1,0,49,1,no,no,no_internet_service,no_internet_service,no_internet_service,no_internet_service,no_internet_service,no_internet_service,one_year,1,bank_transfer_(automatic),20.05,923.1,0
1616,6518-pplmz,male,0,1,1,53,1,no,no,no_internet_service,no_internet_service,no_internet_service,no_internet_service,no_internet_service,no_internet_service,two_year,1,mailed_check,19.4,1110.35,0
1617,4939-kyypy,male,0,0,0,27,1,yes,dsl,no,no,yes,yes,no,no,month-to-month,0,electronic_check,59.45,1611.65,0
1618,8017-lxhfa,female,1,0,0,23,1,no,fiber_optic,no,yes,no,no,yes,yes,month-to-month,1,electronic_check,94.75,2293.6,1
1619,5930-gbiwp,male,0,0,0,69,1,yes,dsl,yes,yes,yes,yes,no,yes,two_year,1,credit_card_(automatic),81.5,5553.25,0
1620,6022-kouqo,female,0,1,1,2,0,no_phone_service,dsl,no,no,no,yes,no,no,month-to-month,0,bank_transfer_(automatic),29.05,44.75,0
1621,6352-twcau,female,0,0,0,35,1,yes,fiber_optic,no,no,no,no,yes,no,month-to-month,1,electronic_check,86.45,3029.1,1
1622,2361-upsnd,female,0,1,0,46,1,no,dsl,yes,yes,no,yes,no,yes,one_year,0,mailed_check,70.6,3231.05,0
1623,6035-riiom,female,0,0,0,54,1,yes,fiber_optic,no,yes,no,no,yes,yes,two_year,1,bank_transfer_(automatic),97.2,5129.45,0
1624,2929-qnsrw,female,0,1,0,56,1,yes,fiber_optic,no,yes,no,no,yes,yes,one_year,1,electronic_check,98.25,5508.35,1
1625,1262-opmfy,female,0,1,0,9,1,no,fiber_optic,no,no,yes,no,no,no,month-to-month,1,bank_transfer_(automatic),75.75,655.9,1
1626,9504-dshwm,male,0,0,0,20,1,yes,dsl,yes,no,no,yes,no,no,month-to-month,0,bank_transfer_(automatic),59.2,1191.2,0
1627,5035-bvcxs,male,0,0,0,11,1,no,fiber_optic,no,yes,no,no,no,no,month-to-month,1,mailed_check,75.9,866.4,0
1628,6267-dcffz,female,1,1,0,30,1,yes,fiber_optic,no,yes,no,no,yes,no,month-to-month,1,electronic_check,90.05,2627.2,0
1629,3533-uvmom,male,0,1,0,68,1,no,dsl,yes,yes,yes,no,no,yes,two_year,0,bank_transfer_(automatic),70.95,4741.45,0
1630,2439-lypmq,male,1,1,0,38,1,yes,fiber_optic,no,yes,yes,no,yes,yes,month-to-month,1,electronic_check,102.6,4009.2,0
1631,4248-qpavc,female,1,1,0,17,1,yes,fiber_optic,yes,no,yes,no,no,no,month-to-month,1,bank_transfer_(automatic),85.35,1463.45,1
1632,1899-vxwxm,male,0,0,0,48,1,yes,fiber_optic,no,yes,yes,no,yes,yes,one_year,1,credit_card_(automatic),106.1,5082.8,1
1633,1478-vpoad,female,0,0,0,1,1,no,dsl,no,no,no,no,no,no,month-to-month,0,electronic_check,43.8,43.8,0
1634,9995-hotoh,male,0,1,1,63,0,no_phone_service,dsl,yes,yes,yes,no,yes,yes,two_year,0,electronic_check,59.0,3707.6,0
1635,2988-plahs,female,0,0,0,3,1,no,dsl,no,no,yes,no,yes,yes,one_year,1,electronic_check,69.95,220.45,0
1636,1371-ojcek,female,0,0,0,48,1,yes,no,no_internet_service,no_internet_service,no_internet_service,no_internet_service,no_internet_service,no_internet_service,one_year,0,bank_transfer_(automatic),24.35,1133.7,0
1637,4999-iezlt,male,0,0,0,66,0,no_phone_service,dsl,no,no,no,yes,no,no,one_year,0,credit_card_(automatic),29.45,1983.15,0
1638,8883-anodq,female,0,1,1,68,1,yes,fiber_optic,no,yes,yes,no,no,no,two_year,1,credit_card_(automatic),84.4,5746.75,0
1639,4690-llkua,male,1,0,0,17,1,no,dsl,no,no,no,no,no,no,month-to-month,1,electronic_check,45.05,770.6,1
1640,2351-rrbue,female,0,1,1,7,1,no,no,no_internet_service,no_internet_service,no_internet_service,no_internet_service,no_internet_service,no_internet_service,one_year,0,mailed_check,20.65,134.05,0
1641,5980-bdhpy,male,0,1,0,72,1,yes,dsl,yes,yes,yes,yes,yes,yes,two_year,1,bank_transfer_(automatic),87.1,6230.1,0
1642,1498-dqnrx,female,0,1,0,29,1,no,no,no_internet_service,no_internet_service,no_internet_service,no_internet_service,no_internet_service,no_internet_service,month-to-month,0,mailed_check,19.85,573.05,0
1643,9469-wejbt,male,0,1,0,37,1,no,fiber_optic,no,no,yes,yes,no,yes,month-to-month,1,electronic_check,90.35,3419.3,0
1644,3331-hqdtw,female,0,0,0,34,1,yes,fiber_optic,yes,yes,yes,no,yes,yes,month-to-month,1,mailed_check,109.8,3587.25,1
1645,9490-dfpmd,female,1,0,0,42,1,yes,fiber_optic,no,no,no,no,yes,no,month-to-month,1,electronic_check,84.65,3541.35,1
1646,2581-vkirt,female,0,1,1,59,1,yes,dsl,yes,yes,no,yes,no,no,one_year,0,mailed_check,65.5,3801.3,0
1647,5442-xsdcw,male,0,1,1,11,1,no,fiber_optic,no,no,no,no,yes,no,month-to-month,1,bank_transfer_(automatic),79.5,868.5,1
1648,7426-weijx,male,1,1,1,60,1,yes,fiber_optic,yes,no,no,no,no,no,month-to-month,1,electronic_check,80.95,4859.1,0
1649,2851-mmutz,female,0,0,0,27,1,no,dsl,no,yes,no,yes,no,no,month-to-month,1,mailed_check,56.15,1439.35,0
1650,3049-ndxfl,female,0,0,0,1,1,yes,fiber_optic,no,no,no,no,no,yes,month-to-month,0,mailed_check,85.8,85.8,1
1651,8580-aecuz,male,1,0,0,1,1,no,fiber_optic,no,no,no,no,yes,no,month-to-month,1,electronic_check,79.1,79.1,1
1652,3307-tlcud,male,0,1,0,17,0,no_phone_service,dsl,yes,no,yes,no,no,no,month-to-month,0,mailed_check,34.4,592.75,0
1653,6625-fleno,male,0,1,0,58,1,no,no,no_internet_service,no_internet_service,no_internet_service,no_internet_service,no_internet_service,no_internet_service,two_year,0,mailed_check,20.75,1185.95,0
1654,2967-mxrav,male,0,1,1,1,1,no,no,no_internet_service,no_internet_service,no_internet_service,no_internet_service,no_internet_service,no_internet_service,one_year,0,mailed_check,18.8,18.8,0
1655,7963-gqrmy,female,0,1,1,3,1,no,dsl,no,no,no,no,no,no,month-to-month,0,mailed_check,44.3,134.5,1
1656,8189-hbvrw,female,0,0,0,53,1,yes,fiber_optic,yes,yes,yes,no,no,no,month-to-month,0,electronic_check,90.8,4921.2,0
1657,4163-kiuhy,male,0,0,0,35,1,yes,no,no_internet_service,no_internet_service,no_internet_service,no_internet_service,no_internet_service,no_internet_service,month-to-month,1,electronic_check,25.6,901.25,0
1658,1228-fzfrv,male,0,1,1,50,1,yes,fiber_optic,yes,no,yes,no,yes,yes,month-to-month,0,credit_card_(automatic),105.95,5341.8,1
1659,3500-nsdoa,male,0,1,1,68,1,yes,dsl,no,yes,no,yes,no,yes,two_year,0,credit_card_(automatic),70.8,4859.95,0
1660,1171-tykur,male,0,1,0,47,1,yes,no,no_internet_service,no_internet_service,no_internet_service,no_internet_service,no_internet_service,no_internet_service,month-to-month,0,electronic_check,25.4,1139.2,0
1661,3761-flyzi,female,1,1,0,65,1,yes,fiber_optic,no,yes,yes,no,yes,yes,month-to-month,1,bank_transfer_(automatic),108.8,7082.45,0
1662,2058-dcjbe,male,0,0,0,5,1,no,fiber_optic,no,no,no,no,no,no,month-to-month,1,electronic_check,69.75,324.6,1
1663,5364-xyirr,male,0,1,0,51,1,yes,fiber_optic,no,no,no,no,yes,yes,month-to-month,1,electronic_check,94.65,4812.75,1
1664,4829-auoax,female,0,0,0,46,1,yes,fiber_optic,no,no,no,no,yes,yes,month-to-month,0,bank_transfer_(automatic),96.05,4399.5,1
1665,1219-nnddo,female,0,0,0,9,1,yes,fiber_optic,no,no,no,no,no,no,month-to-month,1,electronic_check,76.85,663.55,0
1666,8388-dmkae,female,0,0,0,8,1,no,no,no_internet_service,no_internet_service,no_internet_service,no_internet_service,no_internet_service,no_internet_service,two_year,0,mailed_check,20.25,174.65,0
1667,4403-bwpay,male,0,0,0,14,1,yes,no,no_internet_service,no_internet_service,no_internet_service,no_internet_service,no_internet_service,no_internet_service,one_year,1,credit_card_(automatic),24.8,321.7,0
1668,9659-qeqsy,female,0,0,0,45,1,yes,fiber_optic,yes,yes,yes,yes,yes,yes,month-to-month,1,electronic_check,115.65,5125.5,0
1669,5405-zmyxq,female,0,0,0,8,1,yes,fiber_optic,no,no,no,no,no,no,month-to-month,1,credit_card_(automatic),74.6,548.9,0
1670,5047-lhvly,male,1,0,1,1,1,no,dsl,no,no,yes,no,no,no,month-to-month,1,mailed_check,50.15,50.15,1
1671,1442-okrje,male,0,1,1,66,1,no,fiber_optic,yes,yes,yes,no,yes,yes,one_year,1,bank_transfer_(automatic),103.15,7031.3,0
1672,4737-aqcpu,male,0,1,1,72,1,yes,dsl,yes,yes,yes,yes,no,no,two_year,0,credit_card_(automatic),72.1,5016.65,0
1673,9158-vctqb,female,0,1,0,41,1,yes,fiber_optic,yes,yes,yes,yes,yes,yes,month-to-month,1,bank_transfer_(automatic),113.6,4594.95,1
1674,2808-chtdm,female,0,1,1,23,1,yes,no,no_internet_service,no_internet_service,no_internet_service,no_internet_service,no_internet_service,no_internet_service,two_year,0,mailed_check,25.1,611.45,0
1675,6311-ueume,female,0,0,0,29,1,no,fiber_optic,no,no,no,no,yes,no,month-to-month,1,electronic_check,78.9,2384.15,1
1676,0793-tweln,female,0,0,0,4,1,yes,fiber_optic,yes,no,no,no,no,no,month-to-month,1,electronic_check,80.15,319.85,0
1677,3283-wcwxt,male,0,1,1,6,1,yes,no,no_internet_service,no_internet_service,no_internet_service,no_internet_service,no_internet_service,no_internet_service,two_year,0,mailed_check,25.4,153.3,0
1678,1060-entof,female,1,1,0,67,1,yes,fiber_optic,yes,yes,yes,yes,no,yes,one_year,1,credit_card_(automatic),105.4,7035.6,0
1679,0999-qxnsa,male,1,0,1,7,1,no,dsl,no,no,no,no,no,no,month-to-month,1,mailed_check,45.75,344.2,0
1680,5451-mhqof,male,0,1,1,56,1,yes,no,no_internet_service,no_internet_service,no_internet_service,no_internet_service,no_internet_service,no_internet_service,one_year,1,mailed_check,24.45,1431.65,0
1681,4836-wnfno,female,0,1,0,72,1,yes,no,no_internet_service,no_internet_service,no_internet_service,no_internet_service,no_internet_service,no_internet_service,two_year,0,credit_card_(automatic),25.0,1849.2,0
1682,9225-bzlnz,male,0,1,0,72,1,yes,dsl,yes,yes,yes,no,yes,yes,two_year,1,electronic_check,85.25,6083.1,0
1683,0354-vxmjc,male,0,1,1,23,1,no,no,no_internet_service,no_internet_service,no_internet_service,no_internet_service,no_internet_service,no_internet_service,two_year,0,credit_card_(automatic),19.6,426.65,0
1684,4422-qvija,female,0,0,1,35,1,yes,dsl,no,no,no,no,no,no,month-to-month,0,mailed_check,50.15,1655.35,0
1685,9365-srsze,male,1,1,0,27,1,no,fiber_optic,no,no,no,no,no,no,month-to-month,1,electronic_check,70.55,1943.9,0
1686,6839-itvzj,female,0,1,1,26,1,yes,dsl,no,yes,no,yes,no,no,month-to-month,1,electronic_check,60.05,1616.15,1
1687,8332-osjdw,male,0,1,1,12,1,yes,no,no_internet_service,no_internet_service,no_internet_service,no_internet_service,no_internet_service,no_internet_service,one_year,0,mailed_check,26.4,314.95,0
1688,4735-bjkou,female,0,0,0,40,1,no,no,no_internet_service,no_internet_service,no_internet_service,no_internet_service,no_internet_service,no_internet_service,two_year,0,mailed_check,20.15,804.85,0
1689,0274-jkujr,male,0,1,1,7,0,no_phone_service,dsl,yes,yes,yes,no,yes,yes,month-to-month,0,mailed_check,58.85,465.7,0
1690,5740-yhgtw,male,0,1,1,70,1,yes,fiber_optic,yes,yes,no,no,yes,no,month-to-month,1,credit_card_(automatic),97.55,6669.05,0
1691,8917-szttj,male,0,1,1,60,1,no,no,no_internet_service,no_internet_service,no_internet_service,no_internet_service,no_internet_service,no_internet_service,two_year,0,credit_card_(automatic),19.65,1161.75,0
1692,1696-mzvau,male,0,1,1,39,0,no_phone_service,dsl,no,no,no,no,no,no,one_year,1,credit_card_(automatic),25.25,947.75,0
1693,7359-wwyjv,male,0,1,0,72,1,yes,fiber_optic,yes,yes,yes,yes,yes,yes,two_year,0,credit_card_(automatic),114.45,8375.05,0
1694,0375-hvgxo,female,0,0,0,1,0,no_phone_service,dsl,no,no,no,no,yes,no,month-to-month,1,electronic_check,34.7,34.7,1
1695,4906-zhgpk,male,0,1,1,54,1,yes,dsl,no,yes,no,yes,yes,no,one_year,1,electronic_check,70.7,3770.0,0
1696,8593-whyhv,male,0,0,0,3,1,yes,fiber_optic,no,no,no,no,no,yes,month-to-month,1,electronic_check,85.3,264.8,1
1697,3795-gwtrd,female,0,1,1,63,1,no,dsl,yes,yes,yes,yes,yes,no,two_year,0,credit_card_(automatic),75.55,4707.85,0
1698,1298-phbti,male,0,1,1,71,1,yes,fiber_optic,no,yes,no,yes,no,no,two_year,1,electronic_check,84.8,6152.4,0
1699,6223-dhjgv,female,0,0,0,42,1,no,no,no_internet_service,no_internet_service,no_internet_service,no_internet_service,no_internet_service,no_internet_service,one_year,1,mailed_check,20.65,958.1,0
1700,6961-mjkbo,male,0,0,0,47,1,no,no,no_internet_service,no_internet_service,no_internet_service,no_internet_service,no_internet_service,no_internet_service,two_year,0,bank_transfer_(automatic),20.45,943.0,0
1701,6097-eqisj,female,0,1,1,66,1,yes,fiber_optic,no,yes,yes,no,yes,yes,one_year,1,credit_card_(automatic),102.45,6615.15,1
1702,4423-ylhdv,female,0,1,0,21,1,yes,fiber_optic,yes,no,yes,no,yes,yes,month-to-month,1,bank_transfer_(automatic),104.4,2200.25,1
1703,8158-wpezg,male,0,0,0,11,0,no_phone_service,dsl,no,yes,no,yes,no,no,month-to-month,1,electronic_check,35.65,425.1,0
1704,0107-yhina,male,0,0,1,1,1,yes,fiber_optic,no,no,yes,no,yes,yes,month-to-month,1,electronic_check,99.75,99.75,1
1705,4918-fyjnt,female,1,1,0,55,1,yes,fiber_optic,no,yes,yes,yes,no,no,month-to-month,0,electronic_check,90.45,5044.8,0
1706,0727-bnrlg,male,0,0,0,69,1,yes,fiber_optic,no,yes,yes,yes,yes,no,two_year,1,credit_card_(automatic),97.65,6743.55,0
1707,4854-cidcf,female,1,0,0,3,1,no,fiber_optic,no,no,yes,no,no,no,month-to-month,0,electronic_check,73.85,196.4,0
1708,8640-sdgkb,male,0,0,0,4,1,no,dsl,no,no,yes,yes,yes,yes,month-to-month,1,electronic_check,74.4,299.7,1
1709,3280-mrdof,male,1,0,0,30,1,yes,dsl,no,no,yes,yes,yes,no,two_year,1,credit_card_(automatic),69.1,2093.9,0
1710,6435-srwbj,female,0,0,0,5,1,yes,fiber_optic,no,no,yes,yes,no,no,month-to-month,1,electronic_check,82.75,417.75,0
1711,9964-wbqdj,female,0,1,0,71,1,yes,no,no_internet_service,no_internet_service,no_internet_service,no_internet_service,no_internet_service,no_internet_service,two_year,1,credit_card_(automatic),24.4,1725.4,0
1712,6303-kfwsl,female,0,0,0,29,1,yes,dsl,no,yes,no,no,no,no,one_year,1,electronic_check,55.25,1620.2,0
1713,1702-ccfnj,male,0,1,0,52,1,yes,dsl,no,yes,no,yes,no,no,month-to-month,0,bank_transfer_(automatic),61.35,3169.55,0
1714,8932-czhrq,male,0,0,0,68,1,yes,dsl,yes,yes,yes,no,no,yes,one_year,0,credit_card_(automatic),76.75,5233.25,0
1715,0386-cwrgm,female,0,1,1,46,1,no,no,no_internet_service,no_internet_service,no_internet_service,no_internet_service,no_internet_service,no_internet_service,two_year,0,mailed_check,19.4,967.85,0
1716,5515-rugkn,male,0,0,0,8,1,no,dsl,no,no,no,no,no,yes,month-to-month,1,credit_card_(automatic),54.75,438.05,0
1717,0404-ahasp,male,0,1,0,72,1,no,no,no_internet_service,no_internet_service,no_internet_service,no_internet_service,no_internet_service,no_internet_service,two_year,0,credit_card_(automatic),19.7,1421.9,0
1718,7279-nmvjc,female,0,0,0,17,1,no,no,no_internet_service,no_internet_service,no_internet_service,no_internet_service,no_internet_service,no_internet_service,one_year,0,bank_transfer_(automatic),19.9,323.15,0
1719,2081-veyeh,male,0,0,0,3,1,no,fiber_optic,no,yes,yes,yes,yes,yes,month-to-month,1,electronic_check,107.95,318.6,0
1720,6407-utslv,female,1,0,0,2,1,no,fiber_optic,no,yes,no,no,yes,no,month-to-month,1,bank_transfer_(automatic),83.8,163.7,0
1721,4116-tzaqj,female,0,0,0,9,1,no,fiber_optic,yes,no,no,no,no,no,month-to-month,1,credit_card_(automatic),74.25,639.65,1
1722,9060-hjjrw,female,0,0,0,51,0,no_phone_service,dsl,no,yes,yes,no,yes,yes,one_year,1,credit_card_(automatic),56.4,2928.5,0
1723,2587-ynles,female,0,1,1,6,1,no,no,no_internet_service,no_internet_service,no_internet_service,no_internet_service,no_internet_service,no_internet_service,two_year,0,mailed_check,20.1,100.35,0
1724,7398-sknqz,female,0,1,0,3,1,yes,fiber_optic,no,no,no,no,yes,yes,month-to-month,0,electronic_check,94.9,273.2,0
1725,5935-fccnb,female,1,0,0,17,1,yes,fiber_optic,no,no,no,no,yes,yes,month-to-month,1,electronic_check,94.2,1608.15,0
1726,1958-rnrks,male,0,1,0,30,1,yes,dsl,no,no,no,no,no,no,month-to-month,0,electronic_check,49.9,1441.95,0
1727,5136-rgmzo,male,0,0,0,31,1,yes,dsl,no,yes,no,yes,yes,no,month-to-month,1,electronic_check,71.05,2168.15,0
1728,8345-mvdyc,female,0,0,0,45,1,no,dsl,yes,no,yes,yes,yes,yes,two_year,0,bank_transfer_(automatic),81.65,3618.7,0
1729,8226-bxges,male,0,1,0,64,1,yes,fiber_optic,yes,yes,yes,no,no,no,one_year,0,bank_transfer_(automatic),89.45,5692.65,0
1730,3877-jrjip,male,0,0,0,1,1,yes,dsl,no,no,no,no,yes,no,month-to-month,1,electronic_check,59.85,59.85,1
1731,8375-dkebr,female,1,0,0,1,1,no,fiber_optic,no,no,no,no,no,no,month-to-month,1,electronic_check,69.6,69.6,1
1732,9705-iovqq,male,1,1,1,61,1,yes,fiber_optic,no,yes,no,no,yes,yes,one_year,0,electronic_check,99.0,5969.3,0
1733,1015-owjki,male,0,0,0,1,1,no,no,no_internet_service,no_internet_service,no_internet_service,no_internet_service,no_internet_service,no_internet_service,month-to-month,0,mailed_check,19.05,19.05,0
1734,7511-ymxvq,male,0,0,0,9,0,no_phone_service,dsl,no,no,no,no,yes,yes,month-to-month,1,electronic_check,45.4,418.8,1
1735,2040-xbavj,male,0,1,1,72,1,yes,fiber_optic,yes,yes,yes,yes,yes,yes,two_year,0,bank_transfer_(automatic),114.45,8100.55,0
1736,7551-johti,female,0,0,0,1,1,no,no,no_internet_service,no_internet_service,no_internet_service,no_internet_service,no_internet_service,no_internet_service,month-to-month,0,mailed_check,19.5,19.5,1
1737,8887-ipqnc,female,0,1,0,7,1,no,dsl,no,no,no,no,no,no,month-to-month,1,mailed_check,44.25,313.45,0
1738,8646-jcoms,female,0,1,0,66,1,yes,fiber_optic,no,yes,yes,yes,no,no,one_year,1,bank_transfer_(automatic),90.55,6130.95,0
1739,9804-icwbg,male,0,0,0,1,1,no,fiber_optic,no,no,no,no,no,no,month-to-month,1,electronic_check,69.9,69.9,1
1740,1222-kjnzd,male,0,1,1,40,1,no,no,no_internet_service,no_internet_service,no_internet_service,no_internet_service,no_internet_service,no_internet_service,month-to-month,1,bank_transfer_(automatic),20.4,745.3,0
1741,0106-ghrqr,male,0,0,0,16,1,yes,dsl,no,yes,yes,no,no,yes,month-to-month,1,bank_transfer_(automatic),71.4,1212.1,0
1742,5318-ixuzf,female,0,0,0,2,1,no,fiber_optic,no,yes,no,no,yes,no,month-to-month,1,bank_transfer_(automatic),87.15,183.75,1
1743,3768-vhxqo,male,0,1,0,67,1,yes,no,no_internet_service,no_internet_service,no_internet_service,no_internet_service,no_internet_service,no_internet_service,two_year,0,credit_card_(automatic),24.85,1583.5,0
1744,8952-wcvcd,female,0,1,0,41,1,no,fiber_optic,yes,yes,yes,no,yes,yes,one_year,1,bank_transfer_(automatic),104.45,4162.05,0
1745,2418-tpeun,female,0,1,1,56,1,no,no,no_internet_service,no_internet_service,no_internet_service,no_internet_service,no_internet_service,no_internet_service,two_year,1,credit_card_(automatic),19.8,1119.9,0
1746,3963-ryfns,female,0,0,0,72,1,yes,fiber_optic,yes,yes,yes,yes,yes,yes,two_year,1,bank_transfer_(automatic),116.45,8013.55,0
1747,3198-velrd,female,0,1,1,3,1,yes,fiber_optic,no,no,no,no,no,yes,month-to-month,1,bank_transfer_(automatic),84.75,264.85,1
1748,8540-zqgea,female,0,1,0,54,1,no,no,no_internet_service,no_internet_service,no_internet_service,no_internet_service,no_internet_service,no_internet_service,two_year,0,credit_card_(automatic),20.05,1102.4,0
1749,1320-rehcs,male,1,0,0,52,1,yes,fiber_optic,no,yes,yes,yes,yes,yes,month-to-month,1,electronic_check,110.75,5832.0,0
1750,4137-jophl,female,0,0,0,50,1,no,fiber_optic,no,no,yes,yes,no,yes,two_year,1,bank_transfer_(automatic),89.7,4304.5,0
1751,9436-zbzct,male,0,0,0,14,1,yes,fiber_optic,no,no,no,yes,yes,no,month-to-month,1,electronic_check,89.95,1178.4,1
1752,7801-cednv,male,0,1,0,27,1,no,dsl,yes,no,no,no,no,no,one_year,0,credit_card_(automatic),48.7,1421.75,0
1753,2057-boykm,female,1,1,0,72,1,yes,fiber_optic,yes,yes,yes,yes,no,no,two_year,1,bank_transfer_(automatic),96.6,6827.5,0
1754,3658-qqjyd,male,0,0,0,62,1,no,dsl,yes,yes,no,no,yes,yes,one_year,1,credit_card_(automatic),74.3,4698.05,0
1755,1803-bgnbd,female,0,0,0,12,1,no,dsl,no,yes,no,yes,no,no,month-to-month,1,electronic_check,54.3,654.5,0
1756,0134-xwxce,female,1,0,0,44,1,no,dsl,no,no,yes,yes,yes,yes,one_year,0,bank_transfer_(automatic),74.85,3268.05,0
1757,6950-twmyb,male,0,1,1,54,1,no,fiber_optic,no,yes,no,yes,no,no,two_year,1,bank_transfer_(automatic),79.95,4362.05,0
1758,5848-fhrfc,female,0,0,0,68,1,no,no,no_internet_service,no_internet_service,no_internet_service,no_internet_service,no_internet_service,no_internet_service,two_year,0,bank_transfer_(automatic),20.05,1386.9,0
1759,2243-fnmmi,male,0,0,0,20,1,no,no,no_internet_service,no_internet_service,no_internet_service,no_internet_service,no_internet_service,no_internet_service,month-to-month,0,mailed_check,19.4,415.4,0
1760,2511-morqy,male,0,1,1,50,1,yes,dsl,no,no,yes,no,no,no,one_year,0,bank_transfer_(automatic),54.9,2614.1,0
1761,5356-kzckt,male,0,0,0,58,1,yes,no,no_internet_service,no_internet_service,no_internet_service,no_internet_service,no_internet_service,no_internet_service,two_year,1,credit_card_(automatic),24.45,1513.6,0
1762,9470-xccem,male,0,1,1,35,1,yes,fiber_optic,no,yes,no,no,yes,no,month-to-month,1,bank_transfer_(automatic),89.65,3161.6,0
1763,6519-cfdbx,female,0,0,0,2,1,no,dsl,no,no,no,no,no,no,month-to-month,1,electronic_check,45.4,80.95,0
1764,3902-mivle,male,0,1,1,63,1,yes,dsl,yes,no,yes,yes,no,yes,two_year,0,mailed_check,75.7,4676.7,0
1765,0409-wtmpl,female,0,1,0,58,1,yes,fiber_optic,yes,yes,yes,no,yes,yes,one_year,1,credit_card_(automatic),110.65,6526.65,0
1766,8763-kiafh,female,0,1,1,27,1,no,no,no_internet_service,no_internet_service,no_internet_service,no_internet_service,no_internet_service,no_internet_service,one_year,1,mailed_check,20.55,583.3,0
1767,3669-whafy,female,0,1,0,71,1,yes,fiber_optic,yes,yes,yes,yes,yes,yes,two_year,1,credit_card_(automatic),115.15,8078.1,0
1768,3055-vtcgs,female,0,0,0,63,1,no,dsl,no,no,yes,no,no,yes,one_year,0,credit_card_(automatic),58.55,3503.5,0
1769,3144-kmtwz,male,0,1,0,71,1,yes,fiber_optic,no,yes,yes,no,no,yes,month-to-month,1,bank_transfer_(automatic),93.25,6669.45,0
1770,7279-buywn,female,1,0,0,41,1,yes,fiber_optic,yes,yes,yes,no,yes,yes,month-to-month,1,electronic_check,113.2,4689.5,1
1771,7156-mhugy,male,1,0,0,13,1,no,fiber_optic,no,no,no,no,yes,yes,month-to-month,1,electronic_check,90.5,1201.15,1
1772,7198-glxtc,male,0,0,0,2,1,no,fiber_optic,no,no,no,no,yes,no,month-to-month,0,electronic_check,79.0,143.65,1
1773,2007-qvgaw,female,0,1,1,68,1,no,no,no_internet_service,no_internet_service,no_internet_service,no_internet_service,no_internet_service,no_internet_service,two_year,1,bank_transfer_(automatic),19.35,1292.65,0
1774,5207-plstk,male,0,1,1,1,1,no,dsl,yes,no,no,no,no,no,month-to-month,1,mailed_check,48.75,48.75,0
1775,2307-fynnl,male,1,0,0,65,1,yes,fiber_optic,yes,no,yes,yes,yes,yes,two_year,1,electronic_check,109.05,7108.2,0
1776,5605-xnwen,male,1,1,0,72,1,yes,no,no_internet_service,no_internet_service,no_internet_service,no_internet_service,no_internet_service,no_internet_service,two_year,1,bank_transfer_(automatic),25.0,1802.55,0
1777,2155-amqrx,female,0,0,0,28,1,yes,dsl,no,no,no,yes,no,no,month-to-month,1,credit_card_(automatic),54.9,1505.15,0
1778,6181-axxyf,male,0,1,1,72,1,yes,no,no_internet_service,no_internet_service,no_internet_service,no_internet_service,no_internet_service,no_internet_service,two_year,0,credit_card_(automatic),24.75,1859.1,0
1779,5091-hfazw,female,0,0,0,2,1,no,fiber_optic,yes,yes,no,no,yes,no,month-to-month,1,electronic_check,91.15,168.5,0
1780,0516-vrybw,female,0,0,1,18,1,no,no,no_internet_service,no_internet_service,no_internet_service,no_internet_service,no_internet_service,no_internet_service,one_year,0,bank_transfer_(automatic),20.15,390.85,1
1781,2519-lbnql,male,1,1,0,60,1,yes,fiber_optic,no,yes,yes,no,yes,yes,one_year,1,electronic_check,104.35,6339.45,0
1782,8623-ulfnq,female,1,0,0,26,1,yes,dsl,no,no,no,yes,no,yes,month-to-month,1,electronic_check,66.05,1652.4,0
1783,8380-pefpe,male,0,0,1,1,1,no,fiber_optic,no,no,no,no,no,no,month-to-month,1,electronic_check,71.65,71.65,1
1784,5687-dkdtv,female,0,0,0,4,1,no,no,no_internet_service,no_internet_service,no_internet_service,no_internet_service,no_internet_service,no_internet_service,month-to-month,0,mailed_check,20.35,77.5,1
1785,1568-ljszu,male,0,1,1,68,1,yes,dsl,yes,yes,yes,yes,yes,yes,two_year,1,credit_card_(automatic),92.2,6392.85,0
1786,7530-hdyds,female,0,0,0,38,1,no,fiber_optic,no,yes,yes,yes,no,no,month-to-month,1,credit_card_(automatic),84.25,3264.5,1
1787,7789-hksbs,female,1,1,0,42,1,yes,fiber_optic,yes,no,yes,no,yes,yes,one_year,1,bank_transfer_(automatic),105.2,4599.15,0
1788,7416-cktep,female,0,1,0,57,1,no,no,no_internet_service,no_internet_service,no_internet_service,no_internet_service,no_internet_service,no_internet_service,two_year,1,bank_transfer_(automatic),19.6,1134.25,0
1789,2586-cwxvv,male,0,1,0,54,0,no_phone_service,dsl,no,yes,no,no,no,no,month-to-month,0,electronic_check,30.4,1621.35,0
1790,3096-izetn,female,0,0,0,12,1,no,fiber_optic,no,no,no,no,no,yes,month-to-month,0,bank_transfer_(automatic),78.1,947.3,1
1791,2348-kcjlt,female,0,1,0,44,1,no,dsl,yes,yes,yes,no,no,no,one_year,1,mailed_check,61.5,2722.2,0
1792,8401-emuwf,male,0,1,1,42,1,yes,dsl,yes,yes,no,no,yes,no,month-to-month,1,bank_transfer_(automatic),69.4,3058.3,0
1793,4193-ibksw,male,0,1,1,72,1,yes,no,no_internet_service,no_internet_service,no_internet_service,no_internet_service,no_internet_service,no_internet_service,two_year,0,bank_transfer_(automatic),24.75,1769.6,0
1794,5377-ndtou,female,0,1,1,71,1,yes,dsl,yes,yes,yes,yes,yes,yes,two_year,0,mailed_check,91.05,6293.75,0
1795,5922-abdvo,female,0,1,0,19,1,yes,fiber_optic,no,no,yes,no,no,yes,month-to-month,0,mailed_check,89.65,1761.05,1
1796,2474-lcnue,female,0,1,0,23,1,yes,dsl,no,no,no,yes,yes,yes,month-to-month,1,credit_card_(automatic),73.65,1642.75,0
1797,0839-qnxme,female,0,0,0,30,1,no,no,no_internet_service,no_internet_service,no_internet_service,no_internet_service,no_internet_service,no_internet_service,two_year,0,credit_card_(automatic),19.4,578.5,0
1798,3506-ovlkd,male,0,0,0,35,1,yes,no,no_internet_service,no_internet_service,no_internet_service,no_internet_service,no_internet_service,no_internet_service,one_year,0,bank_transfer_(automatic),26.2,954.9,0
1799,9172-ancrx,female,0,0,0,10,1,yes,fiber_optic,yes,no,no,no,yes,yes,month-to-month,1,electronic_check,98.7,973.25,1
1800,6650-vjonk,male,0,0,0,1,1,no,dsl,no,no,no,no,no,no,month-to-month,1,bank_transfer_(automatic),43.85,43.85,0
1801,2178-pmgcj,male,0,0,0,22,1,no,fiber_optic,no,no,no,no,no,no,month-to-month,1,mailed_check,69.7,1490.4,0
1802,7492-tafjd,male,0,1,1,7,0,no_phone_service,dsl,yes,yes,yes,no,no,no,two_year,0,mailed_check,38.55,280.0,0
1803,2773-madbq,female,0,0,0,36,0,no_phone_service,dsl,yes,yes,yes,yes,no,yes,two_year,1,mailed_check,53.1,1901.25,0
1804,6016-lvtjq,female,0,1,1,34,1,no,no,no_internet_service,no_internet_service,no_internet_service,no_internet_service,no_internet_service,no_internet_service,month-to-month,0,mailed_check,20.65,716.4,0
1805,7860-ksugx,male,0,1,1,72,1,yes,dsl,yes,yes,yes,no,no,no,two_year,0,credit_card_(automatic),64.45,4720.0,0
1806,8966-kzxxa,male,0,1,1,36,1,yes,no,no_internet_service,no_internet_service,no_internet_service,no_internet_service,no_internet_service,no_internet_service,two_year,0,credit_card_(automatic),25.1,930.95,0
1807,6910-hadcm,female,0,0,0,1,1,no,fiber_optic,no,no,yes,no,no,no,month-to-month,0,electronic_check,76.35,76.35,1
1808,4816-lxzyw,female,0,0,0,23,1,yes,fiber_optic,no,yes,no,no,no,no,month-to-month,1,electronic_check,79.15,1676.95,1
1809,9606-pbkbq,male,1,1,0,32,1,yes,fiber_optic,no,no,no,no,no,yes,month-to-month,1,electronic_check,85.0,2642.05,1
1810,5149-qyttu,female,0,1,1,71,1,yes,fiber_optic,yes,yes,yes,yes,no,no,one_year,1,credit_card_(automatic),95.15,6770.85,0
1811,2070-xymfh,female,1,0,0,23,1,yes,fiber_optic,no,no,yes,no,no,no,month-to-month,1,mailed_check,79.35,1835.3,0
1812,2085-bojki,male,0,1,0,17,1,no,fiber_optic,no,no,yes,no,yes,yes,one_year,1,bank_transfer_(automatic),96.65,1588.25,0
1813,0817-hsuse,male,0,0,0,1,1,no,dsl,no,no,yes,yes,yes,yes,month-to-month,1,electronic_check,75.5,75.5,0
1814,5442-pptjy,male,0,1,1,12,1,no,no,no_internet_service,no_internet_service,no_internet_service,no_internet_service,no_internet_service,no_internet_service,two_year,0,mailed_check,19.7,258.35,0
1815,1927-qewmy,female,0,1,0,72,1,no,no,no_internet_service,no_internet_service,no_internet_service,no_internet_service,no_internet_service,no_internet_service,two_year,0,credit_card_(automatic),20.5,1502.25,0
1816,1663-mhlhe,male,0,0,0,1,1,no,no,no_internet_service,no_internet_service,no_internet_service,no_internet_service,no_internet_service,no_internet_service,month-to-month,0,mailed_check,19.2,19.2,0
1817,5663-qbgis,male,1,1,0,72,1,yes,fiber_optic,no,yes,no,no,yes,yes,two_year,0,bank_transfer_(automatic),98.35,6929.4,0
1818,4450-mdzfx,male,0,1,1,60,1,yes,fiber_optic,no,no,no,no,no,no,month-to-month,0,bank_transfer_(automatic),74.35,4453.3,0
1819,6701-dhkwq,female,0,1,1,61,0,no_phone_service,dsl,no,yes,yes,yes,yes,no,two_year,0,credit_card_(automatic),51.35,3244.4,0
1820,7554-akdqf,female,0,1,0,6,1,no,dsl,no,no,no,no,no,no,month-to-month,0,mailed_check,45.65,323.45,0
1821,3536-iqctx,male,1,1,0,32,1,yes,fiber_optic,no,no,no,no,no,yes,month-to-month,0,electronic_check,85.3,2661.1,1
1822,4911-banwh,female,0,0,1,31,1,yes,fiber_optic,no,no,no,no,yes,no,month-to-month,1,credit_card_(automatic),86.55,2697.4,1
1823,8496-ejaui,male,0,0,0,19,1,no,fiber_optic,no,yes,no,no,no,no,month-to-month,1,credit_card_(automatic),73.85,1424.5,1
1824,0794-yvsge,male,0,1,1,72,1,no,no,no_internet_service,no_internet_service,no_internet_service,no_internet_service,no_internet_service,no_internet_service,two_year,0,bank_transfer_(automatic),20.3,1401.15,0
1825,5423-bhixo,female,0,0,0,32,1,yes,dsl,no,yes,no,no,no,no,month-to-month,1,electronic_check,54.2,1739.6,0
1826,6908-vvyhm,male,0,1,0,65,1,yes,fiber_optic,no,yes,no,no,no,yes,month-to-month,1,electronic_check,90.65,5931.0,0
1827,2959-eexwb,female,0,1,1,45,0,no_phone_service,dsl,yes,no,no,no,yes,yes,month-to-month,1,bank_transfer_(automatic),50.9,2333.85,0
1828,1839-umack,male,0,0,0,42,1,yes,no,no_internet_service,no_internet_service,no_internet_service,no_internet_service,no_internet_service,no_internet_service,one_year,0,electronic_check,25.05,949.85,0
1829,3030-ydnrm,male,0,0,0,8,1,yes,fiber_optic,no,no,no,no,no,no,month-to-month,1,electronic_check,74.85,572.45,0
1830,7321-kksdu,male,0,0,1,32,1,no,no,no_internet_service,no_internet_service,no_internet_service,no_internet_service,no_internet_service,no_internet_service,two_year,0,mailed_check,20.5,696.8,0
1831,3402-xriuo,female,1,1,0,22,1,yes,dsl,yes,yes,no,yes,no,no,month-to-month,1,mailed_check,63.55,1381.8,0
1832,3132-tvfdz,male,1,1,0,57,0,no_phone_service,dsl,no,no,no,no,yes,yes,month-to-month,1,electronic_check,44.85,2572.95,1
1833,8286-afuyi,male,0,0,0,1,1,no,dsl,yes,no,no,no,no,no,month-to-month,0,electronic_check,47.95,47.95,0
1834,8080-ddemj,male,1,0,0,1,1,no,dsl,no,no,no,no,no,no,month-to-month,0,electronic_check,45.1,45.1,1
1835,8356-wuaoj,female,0,1,0,1,1,no,dsl,no,no,no,no,no,no,month-to-month,1,electronic_check,45.0,45.0,0
1836,6365-mtgzx,male,0,0,0,24,1,no,fiber_optic,no,no,no,yes,yes,yes,month-to-month,1,electronic_check,96.0,2122.45,1
1837,1349-wxngg,male,0,0,0,1,1,no,no,no_internet_service,no_internet_service,no_internet_service,no_internet_service,no_internet_service,no_internet_service,month-to-month,0,bank_transfer_(automatic),20.05,20.05,1
1838,8058-dmyru,male,1,0,0,54,1,yes,fiber_optic,no,yes,no,no,no,yes,month-to-month,1,electronic_check,90.05,4931.8,0
1839,9350-zxyjc,female,0,0,0,4,1,yes,no,no_internet_service,no_internet_service,no_internet_service,no_internet_service,no_internet_service,no_internet_service,two_year,1,credit_card_(automatic),25.3,116.95,0
1840,6990-ynrio,male,0,1,1,65,1,yes,fiber_optic,yes,no,yes,yes,yes,yes,two_year,0,bank_transfer_(automatic),108.65,6937.95,1
1841,8958-jptrr,female,0,1,0,56,1,yes,no,no_internet_service,no_internet_service,no_internet_service,no_internet_service,no_internet_service,no_internet_service,one_year,0,electronic_check,24.3,1261.7,0
1842,6959-gqegv,male,0,0,0,45,1,no,dsl,yes,no,yes,no,yes,yes,month-to-month,1,electronic_check,75.95,3273.8,0
1843,3173-wssue,female,0,1,1,71,1,no,no,no_internet_service,no_internet_service,no_internet_service,no_internet_service,no_internet_service,no_internet_service,two_year,0,credit_card_(automatic),19.7,1415.85,0
1844,1265-hvpzb,male,0,1,0,59,1,no,dsl,yes,yes,yes,no,yes,no,one_year,0,credit_card_(automatic),66.4,3958.2,0
1845,4115-umjfq,male,0,0,0,69,0,no_phone_service,dsl,no,yes,yes,no,no,no,one_year,1,bank_transfer_(automatic),35.75,2492.25,0
1846,7369-trpfd,male,0,0,0,19,1,no,no,no_internet_service,no_internet_service,no_internet_service,no_internet_service,no_internet_service,no_internet_service,one_year,0,mailed_check,18.8,279.2,0
1847,1098-kfqec,female,0,1,1,55,1,no,no,no_internet_service,no_internet_service,no_internet_service,no_internet_service,no_internet_service,no_internet_service,two_year,0,credit_card_(automatic),19.4,1083.0,0
1848,7190-xhtwj,female,0,0,0,38,1,no,no,no_internet_service,no_internet_service,no_internet_service,no_internet_service,no_internet_service,no_internet_service,one_year,0,mailed_check,19.3,755.5,0
1849,0621-twiem,male,0,0,0,10,1,no,dsl,no,no,no,no,no,no,month-to-month,1,electronic_check,45.55,402.6,1
1850,3537-rybhh,female,1,1,0,47,1,yes,dsl,yes,yes,yes,no,no,no,month-to-month,1,credit_card_(automatic),67.45,3252.0,0
1851,2485-itvkb,female,0,1,0,2,0,no_phone_service,dsl,no,no,no,no,no,yes,month-to-month,1,electronic_check,35.1,68.75,1
1852,3669-oysji,male,0,0,0,1,1,no,dsl,no,no,no,no,no,no,month-to-month,0,credit_card_(automatic),46.2,46.2,1
1853,1612-eohdh,female,0,0,0,1,1,no,dsl,no,no,no,no,no,no,month-to-month,0,electronic_check,45.15,45.15,1
1854,6702-ohfwr,male,1,0,0,1,0,no_phone_service,dsl,no,yes,yes,no,no,yes,month-to-month,1,electronic_check,43.3,43.3,1
1855,5296-bfcyd,male,0,1,1,46,1,no,no,no_internet_service,no_internet_service,no_internet_service,no_internet_service,no_internet_service,no_internet_service,two_year,1,mailed_check,20.1,936.85,0
1856,4510-pyush,female,1,0,0,38,1,no,dsl,yes,yes,no,no,no,no,month-to-month,1,credit_card_(automatic),57.15,2250.65,1
1857,9359-janws,female,0,1,0,65,1,no,dsl,yes,no,yes,yes,no,no,two_year,0,credit_card_(automatic),58.9,3857.1,0
1858,7517-sawmo,female,0,1,0,19,1,no,fiber_optic,yes,no,no,no,no,no,month-to-month,1,electronic_check,73.2,1441.1,1
1859,4143-hhpmk,male,0,0,0,52,1,no,fiber_optic,no,yes,no,no,no,yes,month-to-month,1,electronic_check,85.35,4338.6,1
1860,3279-dyzqm,male,0,1,1,71,1,no,no,no_internet_service,no_internet_service,no_internet_service,no_internet_service,no_internet_service,no_internet_service,two_year,0,mailed_check,19.45,1378.45,0
1861,7054-lgeqw,female,0,0,0,1,1,no,dsl,no,no,no,no,no,no,month-to-month,0,mailed_check,45.95,45.95,1
1862,0523-vngtf,female,1,0,0,52,0,no_phone_service,dsl,no,yes,yes,yes,yes,no,month-to-month,1,electronic_check,50.5,2566.3,0
1863,9575-iwcaz,male,0,1,0,6,1,yes,no,no_internet_service,no_internet_service,no_internet_service,no_internet_service,no_internet_service,no_internet_service,one_year,0,mailed_check,25.1,171.0,0
1864,7105-mxjll,female,1,1,0,26,1,no,dsl,no,no,yes,no,no,yes,one_year,0,mailed_check,60.7,1597.4,0
1865,7064-frrsw,male,1,0,0,48,1,yes,fiber_optic,no,yes,no,no,yes,yes,one_year,1,electronic_check,99.0,4744.35,0
1866,7940-uqqug,female,0,1,1,64,1,yes,fiber_optic,yes,no,no,yes,yes,yes,one_year,1,bank_transfer_(automatic),104.4,6721.6,0
1867,0923-pnfub,female,0,0,0,3,1,no,fiber_optic,no,yes,no,no,yes,no,month-to-month,0,electronic_check,83.75,247.25,1
1868,3961-sxaxy,male,0,0,0,1,1,no,dsl,no,no,no,no,no,no,month-to-month,1,bank_transfer_(automatic),44.05,44.05,0
1869,7010-brbuu,male,0,1,1,72,1,yes,no,no_internet_service,no_internet_service,no_internet_service,no_internet_service,no_internet_service,no_internet_service,two_year,0,credit_card_(automatic),24.1,1734.65,0
1870,3566-hjgpk,male,0,0,0,1,1,no,dsl,no,no,no,no,no,no,month-to-month,1,mailed_check,45.55,45.55,0
1871,3062-icyzq,female,0,1,1,51,1,yes,fiber_optic,yes,yes,no,no,no,yes,month-to-month,1,electronic_check,93.8,4539.35,0
1872,9938-prcvk,female,0,1,1,41,1,no,no,no_internet_service,no_internet_service,no_internet_service,no_internet_service,no_internet_service,no_internet_service,two_year,0,bank_transfer_(automatic),19.7,804.25,0
1873,0973-kyvnf,female,0,1,1,72,1,no,dsl,yes,yes,yes,no,yes,no,two_year,1,credit_card_(automatic),70.65,5011.15,0
1874,5129-hhmzc,female,0,1,0,43,1,yes,dsl,yes,yes,no,yes,yes,yes,two_year,0,credit_card_(automatic),86.45,3574.5,0
1875,9637-cdtkz,male,0,1,0,72,1,yes,fiber_optic,yes,yes,yes,yes,yes,yes,two_year,1,credit_card_(automatic),114.1,8086.4,0
1876,3946-jewrq,male,0,1,0,47,1,yes,fiber_optic,no,no,no,no,yes,yes,one_year,1,credit_card_(automatic),95.2,4563.0,0
1877,7873-cvmaw,male,0,0,0,72,1,yes,dsl,yes,yes,yes,yes,yes,yes,two_year,0,credit_card_(automatic),88.55,6362.35,0
1878,0463-wzzko,male,0,0,0,3,1,no,no,no_internet_service,no_internet_service,no_internet_service,no_internet_service,no_internet_service,no_internet_service,month-to-month,1,credit_card_(automatic),20.75,67.1,0
1879,3494-jchrq,male,0,0,0,1,1,no,fiber_optic,no,no,no,no,no,no,month-to-month,1,electronic_check,70.05,70.05,1
1880,6474-fvjlc,male,0,0,0,2,1,yes,fiber_optic,no,no,no,no,no,yes,month-to-month,1,electronic_check,86.0,165.45,1
1881,4524-qcssm,male,0,0,0,26,0,no_phone_service,dsl,yes,yes,no,no,no,yes,month-to-month,1,bank_transfer_(automatic),44.65,1156.55,0
1882,5832-exgtt,male,0,1,1,29,1,no,dsl,yes,no,no,no,no,yes,month-to-month,1,mailed_check,60.2,1834.15,0
1883,8840-dqlgn,female,1,1,0,35,1,yes,fiber_optic,yes,yes,no,yes,yes,no,month-to-month,1,bank_transfer_(automatic),100.5,3653.35,1
1884,2039-jondj,male,0,0,0,27,1,no,dsl,yes,yes,no,no,no,no,one_year,0,bank_transfer_(automatic),55.45,1477.65,0
1885,7217-jyhoq,male,0,1,1,24,1,no,dsl,yes,yes,no,yes,no,yes,month-to-month,1,credit_card_(automatic),70.3,1706.45,0
1886,6695-frvec,male,0,1,1,67,1,no,dsl,yes,no,yes,yes,no,no,two_year,1,bank_transfer_(automatic),60.4,3953.7,0
1887,4547-lytdd,female,0,0,0,16,1,yes,fiber_optic,no,no,no,no,no,no,month-to-month,0,electronic_check,72.65,1194.3,1
1888,9894-qmimj,female,0,0,0,23,1,no,dsl,no,yes,yes,no,no,no,one_year,0,bank_transfer_(automatic),55.8,1327.85,0
1889,8069-yqqaj,male,0,0,0,14,0,no_phone_service,dsl,no,yes,no,no,no,no,month-to-month,1,mailed_check,31.1,419.7,0
1890,6770-xuagn,female,0,1,1,1,1,no,no,no_internet_service,no_internet_service,no_internet_service,no_internet_service,no_internet_service,no_internet_service,month-to-month,1,electronic_check,21.0,21.0,1
1891,4193-orfcl,female,1,0,0,1,1,no,dsl,no,no,no,no,no,no,month-to-month,0,mailed_check,45.1,45.1,1
1892,1636-ntnco,male,1,0,0,4,0,no_phone_service,dsl,no,yes,no,no,yes,yes,month-to-month,1,credit_card_(automatic),50.95,207.35,0
1893,3466-waesx,male,0,0,1,16,1,yes,dsl,yes,yes,no,no,no,yes,month-to-month,1,electronic_check,69.1,1083.7,0
1894,9281-pkkze,female,0,1,0,46,0,no_phone_service,dsl,no,no,no,no,yes,yes,month-to-month,1,electronic_check,43.95,2007.85,0
1895,3638-vbzta,male,0,0,1,68,1,yes,dsl,yes,yes,no,yes,yes,yes,two_year,1,bank_transfer_(automatic),86.5,5882.75,0
1896,7459-imvyu,male,0,0,0,38,1,yes,dsl,yes,yes,yes,yes,no,no,month-to-month,0,electronic_check,69.95,2657.55,0
1897,7776-qwnfx,male,1,1,0,30,1,no,dsl,no,yes,no,no,no,no,month-to-month,1,bank_transfer_(automatic),50.4,1527.5,1
1898,6689-tczhq,female,1,0,0,5,1,no,fiber_optic,no,no,no,no,no,yes,month-to-month,0,electronic_check,78.95,378.4,1
1899,8563-oymqy,male,0,0,0,17,1,no,fiber_optic,no,yes,yes,no,no,yes,month-to-month,1,credit_card_(automatic),90.95,1612.2,0
1900,0754-eebdc,male,0,1,1,4,1,no,no,no_internet_service,no_internet_service,no_internet_service,no_internet_service,no_internet_service,no_internet_service,two_year,0,mailed_check,19.9,76.65,0
1901,5777-zpqnc,female,0,0,0,12,1,no,no,no_internet_service,no_internet_service,no_internet_service,no_internet_service,no_internet_service,no_internet_service,one_year,0,electronic_check,20.15,260.7,0
1902,1951-ieyxm,male,0,1,1,72,1,yes,dsl,yes,yes,yes,yes,yes,yes,two_year,1,credit_card_(automatic),90.6,6441.85,0
1903,3318-nmqxl,male,0,0,0,3,1,no,fiber_optic,no,no,no,no,yes,yes,month-to-month,1,electronic_check,92.0,266.8,0
1904,3143-ildal,male,0,0,0,56,1,yes,fiber_optic,no,yes,no,yes,no,yes,month-to-month,1,electronic_check,94.45,5124.6,1
1905,1022-rkxdr,female,0,0,0,41,1,yes,no,no_internet_service,no_internet_service,no_internet_service,no_internet_service,no_internet_service,no_internet_service,one_year,1,mailed_check,24.85,962.25,0
1906,2361-fjwno,male,0,0,0,40,0,no_phone_service,dsl,no,yes,no,yes,no,no,one_year,0,credit_card_(automatic),36.0,1382.9,0
1907,2272-uoini,female,0,0,0,7,1,no,dsl,yes,yes,no,yes,yes,yes,month-to-month,1,electronic_check,78.5,571.05,0
1908,8232-utfoz,male,0,0,0,69,1,no,no,no_internet_service,no_internet_service,no_internet_service,no_internet_service,no_internet_service,no_internet_service,two_year,0,credit_card_(automatic),19.95,1399.35,0
1909,3750-yhryo,male,0,1,1,7,1,no,no,no_internet_service,no_internet_service,no_internet_service,no_internet_service,no_internet_service,no_internet_service,one_year,0,mailed_check,20.65,150.0,0
1910,6637-kyrcv,female,0,1,1,5,0,no_phone_service,dsl,no,yes,no,no,no,no,month-to-month,1,electronic_check,30.5,167.2,0
1911,5668-meisb,female,0,1,1,72,1,yes,fiber_optic,yes,yes,yes,yes,yes,no,two_year,0,credit_card_(automatic),106.1,7657.4,0
1912,0129-qmpdr,male,0,1,1,44,1,no,no,no_internet_service,no_internet_service,no_internet_service,no_internet_service,no_internet_service,no_internet_service,one_year,1,bank_transfer_(automatic),20.5,865.05,0
1913,7188-cbbba,female,0,0,0,65,1,yes,fiber_optic,no,yes,yes,no,yes,no,one_year,1,electronic_check,95.5,6153.85,0
1914,5356-csvsq,female,0,0,0,3,1,yes,dsl,no,no,no,yes,yes,no,month-to-month,0,electronic_check,64.6,174.2,0
1915,3221-cjmsg,male,0,0,0,24,1,no,dsl,no,no,no,yes,no,no,month-to-month,1,credit_card_(automatic),51.1,1269.6,0
1916,4720-vstsi,female,0,0,0,44,1,yes,fiber_optic,no,yes,yes,no,no,no,month-to-month,1,bank_transfer_(automatic),84.8,3862.55,1
1917,3219-jqrsl,female,1,1,0,72,1,yes,dsl,yes,yes,yes,yes,yes,yes,two_year,0,credit_card_(automatic),89.1,6352.4,0
1918,2801-nisei,male,0,0,0,24,1,no,dsl,yes,no,no,yes,no,no,month-to-month,0,electronic_check,54.95,1348.5,0
1919,3946-mhczw,male,0,0,0,1,1,no,dsl,no,no,yes,no,no,no,month-to-month,0,mailed_check,50.9,50.9,1
1920,4623-zkhly,male,0,1,0,22,1,no,no,no_internet_service,no_internet_service,no_internet_service,no_internet_service,no_internet_service,no_internet_service,month-to-month,1,bank_transfer_(automatic),20.45,471.55,0
1921,6732-vaile,male,0,1,1,70,1,yes,dsl,no,yes,yes,yes,yes,yes,two_year,1,credit_card_(automatic),85.95,5931.75,0
1922,8201-aaxcb,male,0,1,1,25,1,yes,dsl,no,no,no,no,yes,no,month-to-month,0,electronic_check,60.35,1404.65,0
1923,7696-cftat,male,0,1,1,37,1,no,no,no_internet_service,no_internet_service,no_internet_service,no_internet_service,no_internet_service,no_internet_service,two_year,0,bank_transfer_(automatic),19.8,726.1,0
1924,1845-csbrz,female,1,1,1,22,1,yes,fiber_optic,no,no,no,no,yes,no,month-to-month,0,bank_transfer_(automatic),85.35,1961.6,0
1925,2123-vscot,female,0,1,1,59,1,yes,dsl,no,no,yes,yes,yes,no,two_year,1,bank_transfer_(automatic),72.1,4194.85,0
1926,6651-azvtj,male,0,1,1,49,1,yes,fiber_optic,no,no,yes,no,yes,yes,month-to-month,1,electronic_check,99.8,4872.45,1
1927,4566-goluk,male,0,1,1,47,1,yes,fiber_optic,no,no,yes,yes,yes,yes,month-to-month,1,bank_transfer_(automatic),107.35,5118.95,1
1928,2484-dgxpz,female,0,1,1,31,1,no,no,no_internet_service,no_internet_service,no_internet_service,no_internet_service,no_internet_service,no_internet_service,month-to-month,1,mailed_check,19.55,658.95,1
1929,2018-qkygt,male,0,1,1,1,1,no,fiber_optic,no,no,no,no,no,yes,month-to-month,1,electronic_check,81.05,81.05,0
1930,2792-vppet,male,0,0,0,3,1,no,no,no_internet_service,no_internet_service,no_internet_service,no_internet_service,no_internet_service,no_internet_service,month-to-month,1,electronic_check,20.5,76.95,0
1931,7409-jurkq,female,0,1,0,53,1,yes,fiber_optic,no,yes,yes,yes,yes,yes,one_year,1,bank_transfer_(automatic),111.8,5809.75,0
1932,3247-mhjkm,male,0,0,0,1,1,no,no,no_internet_service,no_internet_service,no_internet_service,no_internet_service,no_internet_service,no_internet_service,month-to-month,0,mailed_check,20.2,20.2,0
1933,1964-svlea,male,0,0,0,20,1,no,no,no_internet_service,no_internet_service,no_internet_service,no_internet_service,no_internet_service,no_internet_service,one_year,1,mailed_check,19.7,415.9,0
1934,4587-nukox,female,0,0,0,3,1,no,fiber_optic,yes,yes,no,no,no,no,month-to-month,1,electronic_check,79.1,246.5,1
1935,7297-dvyga,female,0,0,0,51,1,no,no,no_internet_service,no_internet_service,no_internet_service,no_internet_service,no_internet_service,no_internet_service,one_year,1,bank_transfer_(automatic),19.85,996.95,0
1936,2239-cgbuz,female,0,1,0,51,1,no,dsl,yes,yes,no,yes,no,no,one_year,1,bank_transfer_(automatic),60.5,3145.15,0
1937,0854-uyhzd,female,0,1,1,13,1,no,no,no_internet_service,no_internet_service,no_internet_service,no_internet_service,no_internet_service,no_internet_service,two_year,0,mailed_check,19.55,265.3,0
1938,7243-lcggz,female,0,0,0,1,1,no,no,no_internet_service,no_internet_service,no_internet_service,no_internet_service,no_internet_service,no_internet_service,month-to-month,0,mailed_check,20.9,20.9,0
1939,8267-kfgyd,male,0,0,1,1,1,no,no,no_internet_service,no_internet_service,no_internet_service,no_internet_service,no_internet_service,no_internet_service,month-to-month,1,mailed_check,21.05,21.05,0
1940,4890-vmuav,male,0,0,0,63,1,yes,dsl,yes,yes,yes,yes,no,no,one_year,0,electronic_check,71.5,4576.3,0
1941,9261-wdcaf,male,0,0,0,3,1,no,dsl,no,no,no,no,no,yes,month-to-month,0,mailed_check,54.65,189.1,0
1942,3764-mnmoi,male,0,0,0,46,1,no,no,no_internet_service,no_internet_service,no_internet_service,no_internet_service,no_internet_service,no_internet_service,two_year,0,credit_card_(automatic),19.2,908.15,0
1943,7442-ygzfk,male,0,0,0,1,1,yes,dsl,no,no,no,no,no,no,month-to-month,1,credit_card_(automatic),49.8,49.8,0
1944,0420-bwtpw,male,0,0,1,8,0,no_phone_service,dsl,no,no,no,no,no,no,month-to-month,0,mailed_check,25.5,215.2,1
1945,8229-bujhx,female,0,1,1,71,1,no,no,no_internet_service,no_internet_service,no_internet_service,no_internet_service,no_internet_service,no_internet_service,two_year,0,bank_transfer_(automatic),20.5,1500.95,0
1946,7449-hvpiv,male,0,1,1,55,1,yes,fiber_optic,no,no,yes,no,yes,no,month-to-month,1,credit_card_(automatic),90.4,5099.15,0
1947,5504-wsiur,female,0,0,0,70,1,yes,fiber_optic,no,yes,yes,yes,no,no,one_year,1,bank_transfer_(automatic),90.25,6385.95,0
1948,8183-onmxc,female,0,0,0,2,1,no,fiber_optic,no,no,no,no,no,yes,month-to-month,0,electronic_check,80.75,159.45,1
1949,8466-pzblh,male,0,1,1,67,1,yes,fiber_optic,yes,no,no,yes,yes,yes,two_year,0,bank_transfer_(automatic),104.6,6885.75,0
1950,9614-rmgha,male,0,1,0,65,1,yes,fiber_optic,no,yes,no,no,yes,no,month-to-month,1,bank_transfer_(automatic),91.85,5940.85,1
1951,8735-ijjeg,male,0,1,0,14,1,no,dsl,no,no,yes,no,no,no,month-to-month,0,credit_card_(automatic),50.2,668.85,0
1952,0564-muuqk,female,0,1,1,20,1,yes,fiber_optic,no,no,yes,yes,no,yes,month-to-month,1,bank_transfer_(automatic),95.5,1916.2,0
1953,5054-iexzt,male,0,0,1,1,1,no,fiber_optic,no,yes,no,no,no,no,month-to-month,1,electronic_check,75.35,75.35,1
1954,5834-aspwa,male,0,0,0,1,1,yes,fiber_optic,no,no,no,no,no,no,month-to-month,1,electronic_check,75.45,75.45,1
1955,0701-rfgfi,female,0,1,1,49,1,yes,fiber_optic,no,no,no,no,yes,yes,month-to-month,1,bank_transfer_(automatic),95.4,4613.95,0
1956,0019-efaep,female,0,0,0,72,1,yes,fiber_optic,yes,yes,yes,no,yes,no,two_year,1,bank_transfer_(automatic),101.3,7261.25,0
1957,5619-ptmik,female,0,1,0,46,1,yes,dsl,yes,no,no,no,no,no,month-to-month,0,electronic_check,53.1,2459.8,0
1958,3737-xbqdd,male,0,0,0,24,1,yes,fiber_optic,no,yes,yes,no,no,no,month-to-month,1,bank_transfer_(automatic),84.85,2048.8,0
1959,5882-cmazq,female,0,1,1,5,0,no_phone_service,dsl,no,yes,no,yes,no,no,month-to-month,0,electronic_check,34.25,163.55,0
1960,5846-qfdfi,female,0,1,1,33,1,yes,fiber_optic,no,yes,yes,yes,no,no,month-to-month,0,credit_card_(automatic),88.6,2888.7,0
1961,4445-kwokw,female,0,0,0,42,1,yes,dsl,yes,yes,no,no,no,no,one_year,1,bank_transfer_(automatic),60.15,2421.6,0
1962,3511-appbj,male,0,0,0,23,1,no,fiber_optic,yes,no,yes,no,yes,yes,one_year,1,credit_card_(automatic),99.95,2292.75,0
1963,7967-hycde,male,0,0,0,8,1,no,fiber_optic,no,no,no,no,no,no,month-to-month,0,bank_transfer_(automatic),70.7,553.4,0
1964,2430-rryuw,male,0,0,0,66,1,no,dsl,yes,yes,no,no,no,no,one_year,1,mailed_check,54.8,3465.7,0
1965,3948-xhgna,male,0,0,0,24,1,no,dsl,yes,no,no,no,no,no,month-to-month,1,bank_transfer_(automatic),49.55,1210.4,1
1966,3723-bfbgr,male,1,0,0,24,1,yes,dsl,no,yes,no,no,no,no,month-to-month,0,credit_card_(automatic),54.8,1291.3,0
1967,0565-iycgt,male,0,0,0,69,1,yes,dsl,yes,yes,yes,yes,no,yes,one_year,1,credit_card_(automatic),78.6,5356.45,1
1968,5447-wzafp,female,0,0,0,53,1,no,fiber_optic,no,yes,yes,no,yes,yes,one_year,1,mailed_check,100.3,5200.8,0
1969,5110-chopy,female,0,0,0,60,0,no_phone_service,dsl,yes,no,yes,no,yes,yes,two_year,0,electronic_check,53.6,3237.05,0
1970,5445-utodq,female,0,1,0,7,1,no,fiber_optic,no,no,no,no,yes,no,month-to-month,1,electronic_check,81.1,576.65,1
1971,4425-owhwb,female,0,0,0,20,1,no,no,no_internet_service,no_internet_service,no_internet_service,no_internet_service,no_internet_service,no_internet_service,one_year,1,credit_card_(automatic),19.35,433.75,0
1972,7892-qvykw,female,0,1,1,23,1,yes,fiber_optic,no,no,no,no,no,yes,month-to-month,0,electronic_check,85.6,1868.4,0
1973,9675-icxct,male,0,1,1,72,1,no,dsl,yes,no,yes,yes,yes,yes,two_year,1,electronic_check,80.8,5728.55,0
1974,1024-vrzhf,male,0,1,0,11,1,yes,fiber_optic,no,no,no,no,no,no,month-to-month,1,electronic_check,74.95,825.7,1
1975,4703-mqykt,male,0,0,0,21,1,no,no,no_internet_service,no_internet_service,no_internet_service,no_internet_service,no_internet_service,no_internet_service,two_year,0,mailed_check,19.6,390.4,0
1976,9497-qcmms,male,1,0,0,1,1,yes,fiber_optic,no,no,no,no,yes,yes,month-to-month,1,electronic_check,93.55,93.55,1
1977,5692-icxlw,male,1,0,0,31,1,yes,fiber_optic,no,yes,no,no,yes,no,month-to-month,1,electronic_check,90.7,2845.15,0
1978,0602-dduml,female,0,0,0,57,1,no,dsl,no,yes,yes,yes,yes,no,two_year,0,mailed_check,69.75,3894.4,0
1979,2208-mpxio,female,0,1,1,45,1,no,no,no_internet_service,no_internet_service,no_internet_service,no_internet_service,no_internet_service,no_internet_service,two_year,1,bank_transfer_(automatic),20.0,886.4,0
1980,1960-uycnn,male,0,0,0,10,1,yes,fiber_optic,no,yes,yes,no,no,yes,month-to-month,1,electronic_check,95.25,1021.55,0
1981,0348-sdkol,female,0,1,0,58,1,yes,fiber_optic,no,no,yes,yes,yes,yes,month-to-month,1,credit_card_(automatic),102.1,5885.4,1
1982,3190-fzatl,male,0,0,1,14,1,no,no,no_internet_service,no_internet_service,no_internet_service,no_internet_service,no_internet_service,no_internet_service,month-to-month,0,mailed_check,19.95,268.4,0
1983,7336-rllrh,male,0,1,0,27,1,yes,dsl,yes,no,no,yes,yes,yes,one_year,0,mailed_check,80.85,2204.35,0
1984,4373-mavjg,female,0,1,1,14,1,yes,fiber_optic,no,yes,no,no,no,yes,month-to-month,1,bank_transfer_(automatic),90.9,1259.0,1
1985,8901-hjxtf,female,0,1,1,12,0,no_phone_service,dsl,no,yes,no,no,no,no,month-to-month,0,mailed_check,29.2,309.1,1
1986,7710-jsyoa,female,0,1,1,69,1,yes,fiber_optic,no,yes,no,yes,no,yes,two_year,1,bank_transfer_(automatic),93.3,6398.05,0
1987,5419-klxbn,female,0,1,1,25,1,no,fiber_optic,no,yes,yes,no,yes,no,month-to-month,1,bank_transfer_(automatic),89.15,2257.75,1
1988,3424-nmnbo,male,1,1,0,58,1,yes,fiber_optic,yes,yes,yes,no,yes,yes,one_year,1,electronic_check,108.85,6287.25,1
1989,9885-mfvsu,female,0,1,1,35,0,no_phone_service,dsl,yes,no,no,yes,yes,no,two_year,1,credit_card_(automatic),46.35,1662.05,0
1990,4514-gfcfi,female,1,0,0,16,1,yes,fiber_optic,no,no,no,no,yes,no,month-to-month,1,electronic_check,84.75,1350.15,1
1991,0607-mvmgc,male,0,1,1,45,1,yes,dsl,no,yes,yes,no,yes,yes,one_year,0,credit_card_(automatic),78.75,3600.65,0
1992,3365-saigs,female,0,0,0,17,1,no,fiber_optic,no,yes,no,no,yes,no,month-to-month,1,electronic_check,83.55,1329.15,0
1993,9828-aoqlm,female,0,1,1,1,1,no,dsl,no,no,no,no,no,no,month-to-month,1,electronic_check,45.7,45.7,1
1994,8022-becsi,male,0,0,0,22,1,no,no,no_internet_service,no_internet_service,no_internet_service,no_internet_service,no_internet_service,no_internet_service,one_year,0,mailed_check,19.6,422.5,0
1995,8000-reiqb,female,1,0,0,1,1,no,fiber_optic,no,no,no,no,no,no,month-to-month,1,electronic_check,69.95,69.95,1
1996,9993-lhieb,male,0,1,1,67,1,no,dsl,yes,no,yes,yes,no,yes,two_year,0,mailed_check,67.85,4627.65,0
1997,0266-clzkz,female,0,1,1,67,1,yes,fiber_optic,no,no,yes,yes,yes,yes,two_year,1,bank_transfer_(automatic),105.65,6717.9,0
1998,7615-esmyf,female,0,1,0,2,0,no_phone_service,dsl,no,no,no,no,yes,yes,month-to-month,0,electronic_check,44.6,97.1,1
1999,3858-vobet,male,0,0,0,23,1,yes,fiber_optic,no,no,no,no,no,no,month-to-month,1,electronic_check,74.95,1710.45,1
2000,7020-ozkxz,female,1,0,0,9,1,no,fiber_optic,no,no,yes,no,no,no,month-to-month,0,credit_card_(automatic),75.5,637.4,0
2001,3977-qcrsl,female,0,0,0,5,1,no,no,no_internet_service,no_internet_service,no_internet_service,no_internet_service,no_internet_service,no_internet_service,month-to-month,0,mailed_check,20.15,117.95,0
2002,0017-dinoc,male,0,0,0,54,0,no_phone_service,dsl,yes,no,no,yes,yes,no,two_year,0,credit_card_(automatic),45.2,2460.55,0
2003,1447-pjgga,female,0,0,0,57,1,no,fiber_optic,no,no,yes,no,yes,yes,two_year,1,electronic_check,95.25,5464.65,1
2004,8565-clbzw,male,0,0,0,24,1,yes,fiber_optic,no,no,yes,no,yes,no,month-to-month,1,mailed_check,89.85,2165.05,1
2005,9139-wqqdy,female,0,1,1,49,1,yes,fiber_optic,no,yes,no,no,yes,yes,one_year,0,mailed_check,100.45,4941.8,1
2006,0224-hjapt,male,0,0,0,5,1,yes,dsl,no,no,no,no,no,no,month-to-month,0,electronic_check,47.15,223.15,1
2007,8086-ovpwv,male,0,0,0,2,1,no,fiber_optic,no,no,no,no,no,yes,month-to-month,1,electronic_check,80.2,181.1,1
2008,9430-frqoc,female,0,0,1,4,1,yes,fiber_optic,no,no,yes,yes,no,no,month-to-month,1,mailed_check,87.1,341.45,1
2009,7639-oplng,male,0,1,1,70,1,yes,dsl,yes,yes,yes,yes,yes,no,two_year,1,bank_transfer_(automatic),79.25,5731.85,0
2010,3074-gqwyx,male,0,0,0,5,1,yes,fiber_optic,no,no,no,no,no,no,month-to-month,1,bank_transfer_(automatic),75.9,357.75,1
2011,1492-qgclu,male,0,1,1,53,1,yes,dsl,yes,no,yes,yes,yes,yes,month-to-month,0,electronic_check,85.7,4616.1,0
2012,6845-rgtys,female,0,1,0,47,1,yes,fiber_optic,yes,yes,yes,no,yes,no,month-to-month,1,electronic_check,98.75,4533.7,1
2013,7328-owmom,female,0,0,1,31,1,no,no,no_internet_service,no_internet_service,no_internet_service,no_internet_service,no_internet_service,no_internet_service,one_year,0,credit_card_(automatic),20.1,589.25,0
2014,4418-lzmsv,male,0,1,1,13,1,no,dsl,no,yes,yes,yes,no,no,month-to-month,0,bank_transfer_(automatic),61.8,750.1,0
2015,5155-azqpb,female,0,1,1,28,1,yes,dsl,no,no,no,no,no,no,month-to-month,0,mailed_check,49.9,1410.25,0
2016,8861-hggkb,female,0,0,0,10,1,yes,fiber_optic,no,no,no,no,no,yes,month-to-month,0,electronic_check,86.45,830.85,1
2017,1087-gruyi,male,0,1,0,38,1,no,no,no_internet_service,no_internet_service,no_internet_service,no_internet_service,no_internet_service,no_internet_service,two_year,0,bank_transfer_(automatic),20.4,743.5,0
2018,7065-yunry,female,0,0,0,1,1,no,dsl,no,no,no,no,no,no,month-to-month,1,mailed_check,45.3,45.3,1
2019,7694-vlbwq,male,0,1,0,67,1,yes,fiber_optic,no,yes,yes,no,yes,yes,one_year,0,electronic_check,104.1,7040.85,1
2020,2546-kzaat,male,0,1,0,52,1,no,dsl,yes,yes,no,no,yes,yes,one_year,1,mailed_check,75.4,3865.45,0
2021,0181-ritdd,male,0,1,1,62,1,no,fiber_optic,yes,yes,yes,yes,yes,yes,two_year,0,mailed_check,108.15,6825.65,0
2022,5989-pgkjb,female,0,0,0,16,1,no,fiber_optic,no,yes,no,no,no,yes,month-to-month,1,electronic_check,86.25,1340.1,0
2023,4795-ktrth,female,1,1,0,5,1,yes,fiber_optic,no,yes,no,no,no,no,month-to-month,1,electronic_check,81.0,371.65,1
2024,8272-onjlv,male,0,0,0,12,1,no,fiber_optic,no,no,yes,no,yes,yes,one_year,0,electronic_check,95.7,1184.0,0
2025,1488-pbljn,female,0,1,1,72,1,yes,fiber_optic,yes,yes,yes,yes,yes,yes,two_year,1,bank_transfer_(automatic),116.85,8477.7,0
2026,0308-giqjt,male,1,0,0,71,1,yes,fiber_optic,no,yes,no,yes,yes,yes,one_year,0,bank_transfer_(automatic),105.75,7382.85,0
2027,3778-foaqw,female,0,1,0,24,1,no,no,no_internet_service,no_internet_service,no_internet_service,no_internet_service,no_internet_service,no_internet_service,one_year,0,mailed_check,20.15,456.85,0
2028,4452-rohmo,female,0,0,0,15,1,no,no,no_internet_service,no_internet_service,no_internet_service,no_internet_service,no_internet_service,no_internet_service,two_year,0,mailed_check,19.6,331.6,0
2029,6481-ogdoo,male,0,1,0,67,1,no,fiber_optic,yes,yes,no,no,no,yes,one_year,1,credit_card_(automatic),90.6,6056.15,1
2030,3090-letty,male,0,0,1,2,1,yes,dsl,yes,yes,no,no,no,no,month-to-month,0,bank_transfer_(automatic),60.95,134.6,0
2031,5349-azpew,female,0,1,1,5,0,no_phone_service,dsl,no,no,no,no,no,no,month-to-month,0,mailed_check,25.05,125.5,0
2032,3753-tsemp,female,0,1,0,15,1,no,fiber_optic,no,no,no,no,yes,yes,month-to-month,0,electronic_check,88.15,1390.6,1
2033,8305-vhzbz,male,0,0,0,1,1,no,no,no_internet_service,no_internet_service,no_internet_service,no_internet_service,no_internet_service,no_internet_service,month-to-month,1,mailed_check,20.2,20.2,1
2034,9720-jjjor,male,0,1,1,41,1,no,dsl,yes,yes,yes,no,no,no,one_year,1,bank_transfer_(automatic),60.3,2511.3,0
2035,8100-hzzlj,female,0,0,1,43,1,no,dsl,yes,yes,no,no,no,yes,month-to-month,1,electronic_check,63.95,2737.05,0
2036,8775-erlnb,male,1,1,0,1,1,yes,fiber_optic,no,no,no,no,no,no,month-to-month,0,electronic_check,74.3,74.3,0
2037,8309-ieyjd,female,1,0,0,1,1,no,fiber_optic,no,no,no,no,no,no,month-to-month,1,mailed_check,70.6,70.6,0
2038,9172-jitsm,female,0,1,1,26,1,no,fiber_optic,no,no,no,no,yes,yes,month-to-month,1,electronic_check,90.8,2361.8,1
2039,6298-qdfnh,male,0,0,0,22,1,yes,fiber_optic,no,yes,no,no,no,no,month-to-month,1,electronic_check,79.35,1730.35,1
2040,7398-hpyzq,male,0,1,0,71,1,yes,dsl,yes,yes,yes,yes,yes,yes,two_year,0,bank_transfer_(automatic),90.55,6404.0,0
2041,3546-gheae,male,0,0,0,7,1,no,no,no_internet_service,no_internet_service,no_internet_service,no_internet_service,no_internet_service,no_internet_service,two_year,0,mailed_check,19.45,165.35,0
2042,7361-ypxfs,female,1,0,0,28,1,yes,dsl,no,yes,yes,yes,no,no,month-to-month,0,bank_transfer_(automatic),64.45,1867.6,0
2043,6557-bzxlq,male,1,0,0,16,1,no,fiber_optic,no,no,no,no,no,no,month-to-month,0,electronic_check,69.65,1043.3,0
2044,2550-qhzgp,male,0,0,0,7,1,no,no,no_internet_service,no_internet_service,no_internet_service,no_internet_service,no_internet_service,no_internet_service,one_year,0,mailed_check,19.5,128.6,0
2045,7519-jtwqh,female,0,0,0,69,1,yes,fiber_optic,no,yes,yes,yes,yes,yes,two_year,1,bank_transfer_(automatic),110.5,7455.45,0
2046,2538-oimxf,female,0,0,1,1,0,no_phone_service,dsl,no,no,no,no,no,no,month-to-month,0,mailed_check,24.7,24.7,0
2047,8543-msdmf,male,0,0,0,3,1,no,dsl,yes,no,yes,no,yes,yes,month-to-month,1,electronic_check,77.4,206.15,0
2048,9961-jbnmk,male,1,0,0,21,1,no,fiber_optic,no,no,yes,no,yes,yes,month-to-month,1,bank_transfer_(automatic),96.8,2030.3,1
2049,1170-sasml,female,0,1,0,69,1,yes,fiber_optic,no,yes,yes,no,no,no,month-to-month,1,bank_transfer_(automatic),85.4,5869.4,0
2050,4872-jcvca,female,0,1,0,71,0,no_phone_service,dsl,yes,yes,yes,yes,no,no,two_year,1,bank_transfer_(automatic),47.6,3377.8,0
2051,5346-bzchp,female,0,1,1,69,1,no,no,no_internet_service,no_internet_service,no_internet_service,no_internet_service,no_internet_service,no_internet_service,two_year,0,mailed_check,19.4,1346.2,0
2052,2038-llmlm,female,0,0,0,48,1,yes,fiber_optic,no,no,yes,yes,yes,yes,month-to-month,1,electronic_check,103.85,4946.05,0
2053,6173-itpwd,male,0,1,0,47,1,yes,fiber_optic,no,yes,yes,no,no,no,month-to-month,1,bank_transfer_(automatic),83.35,4065.0,1
2054,9734-uyxqi,female,0,0,0,2,1,yes,dsl,no,no,no,no,no,no,month-to-month,1,electronic_check,49.4,106.55,1
2055,1216-bgtsp,male,0,0,0,45,1,yes,fiber_optic,yes,no,yes,yes,yes,yes,month-to-month,1,credit_card_(automatic),108.45,4964.7,0
2056,4138-naxed,male,0,0,0,51,1,yes,fiber_optic,no,yes,no,no,no,no,month-to-month,0,bank_transfer_(automatic),81.0,4085.75,0
2057,2189-uxtky,female,0,1,0,22,1,yes,dsl,yes,no,no,yes,yes,yes,month-to-month,1,electronic_check,79.2,1742.75,1
2058,0744-bikkf,male,0,0,0,72,1,yes,dsl,yes,yes,yes,yes,yes,yes,two_year,0,bank_transfer_(automatic),86.65,6224.8,0
2059,7483-iqwib,male,0,1,1,37,1,yes,fiber_optic,no,yes,yes,no,yes,no,month-to-month,1,electronic_check,92.95,3415.25,0
2060,5248-kwlar,male,0,1,1,71,1,yes,dsl,yes,yes,yes,yes,yes,yes,two_year,0,electronic_check,90.35,6325.25,0
2061,4958-gzwiy,male,0,1,1,7,1,no,dsl,no,no,yes,no,no,no,month-to-month,0,electronic_check,48.7,340.25,1
2062,7996-mhxlw,female,0,0,0,66,1,yes,no,no_internet_service,no_internet_service,no_internet_service,no_internet_service,no_internet_service,no_internet_service,two_year,1,credit_card_(automatic),25.15,1683.6,0
2063,7833-pkihd,male,0,1,1,51,1,no,dsl,yes,no,no,yes,yes,yes,one_year,1,bank_transfer_(automatic),76.4,3966.3,0
2064,7061-ovmim,female,0,1,1,30,1,no,no,no_internet_service,no_internet_service,no_internet_service,no_internet_service,no_internet_service,no_internet_service,one_year,0,bank_transfer_(automatic),19.55,608.5,0
2065,5153-rthkf,female,0,0,0,34,1,yes,fiber_optic,no,no,no,no,yes,no,month-to-month,0,electronic_check,85.35,2896.6,0
2066,1852-qswcd,male,0,1,1,64,1,yes,no,no_internet_service,no_internet_service,no_internet_service,no_internet_service,no_internet_service,no_internet_service,two_year,1,mailed_check,24.8,1514.85,0
2067,4832-vrbmr,male,1,1,0,65,1,yes,fiber_optic,no,yes,yes,no,yes,yes,one_year,1,bank_transfer_(automatic),103.15,6792.45,0
2068,9079-lwtfd,male,0,0,0,47,1,yes,fiber_optic,yes,yes,no,yes,yes,no,month-to-month,0,mailed_check,100.75,4669.2,0
2069,6356-elrkd,female,0,0,0,1,1,no,fiber_optic,yes,no,no,no,yes,yes,month-to-month,1,electronic_check,95.6,95.6,1
2070,8624-giout,female,0,0,0,49,1,yes,dsl,yes,yes,no,no,no,no,month-to-month,1,credit_card_(automatic),59.75,2934.3,1
2071,3392-ehmnk,female,0,1,1,67,1,yes,fiber_optic,no,yes,no,yes,yes,no,two_year,0,credit_card_(automatic),94.1,6302.8,0
2072,5986-wwxdv,male,0,0,1,39,1,no,no,no_internet_service,no_internet_service,no_internet_service,no_internet_service,no_internet_service,no_internet_service,one_year,0,bank_transfer_(automatic),19.35,779.2,0
2073,3061-bckyi,male,0,0,0,14,1,no,no,no_internet_service,no_internet_service,no_internet_service,no_internet_service,no_internet_service,no_internet_service,month-to-month,0,mailed_check,19.9,283.75,0
2074,6179-gjpso,female,1,0,0,43,1,no,fiber_optic,yes,yes,no,yes,yes,yes,month-to-month,1,credit_card_(automatic),108.15,4600.7,1
2075,7901-tbkjx,male,1,0,0,56,1,yes,fiber_optic,no,no,yes,no,yes,yes,month-to-month,1,electronic_check,101.05,5594.0,0
2076,7228-paqpd,female,0,0,0,14,1,no,dsl,no,no,no,yes,no,yes,one_year,0,credit_card_(automatic),59.1,772.85,0
2077,3177-lasxd,female,0,0,0,1,1,no,fiber_optic,no,no,no,no,no,no,month-to-month,0,electronic_check,71.35,71.35,1
2078,7746-qyvco,male,0,1,1,16,1,no,dsl,yes,yes,no,no,no,no,one_year,1,mailed_check,55.85,857.8,0
2079,5804-hyiez,male,0,1,1,70,1,yes,fiber_optic,yes,yes,no,no,yes,yes,month-to-month,1,electronic_check,106.05,7554.05,0
2080,9919-fzded,male,1,1,0,72,1,yes,dsl,yes,yes,yes,no,yes,yes,two_year,1,credit_card_(automatic),84.1,5981.65,0
2081,5934-tssau,female,0,1,1,23,1,no,fiber_optic,no,no,yes,no,no,no,month-to-month,1,credit_card_(automatic),75.3,1702.9,0
2082,3486-khmli,male,0,0,1,21,1,yes,no,no_internet_service,no_internet_service,no_internet_service,no_internet_service,no_internet_service,no_internet_service,month-to-month,0,mailed_check,24.7,467.15,0
2083,4897-qsuyc,female,0,0,0,1,1,no,no,no_internet_service,no_internet_service,no_internet_service,no_internet_service,no_internet_service,no_internet_service,month-to-month,1,mailed_check,20.15,20.15,1
2084,1084-uqchv,male,0,0,1,1,1,no,fiber_optic,no,no,no,no,no,no,month-to-month,0,bank_transfer_(automatic),69.75,69.75,1
2085,8290-ywkhz,female,1,1,0,32,1,yes,fiber_optic,no,no,no,no,yes,yes,month-to-month,1,electronic_check,93.2,2931.0,1
2086,2955-bjzhg,male,0,1,1,17,1,no,fiber_optic,no,no,no,no,yes,no,month-to-month,0,electronic_check,80.85,1400.85,1
2087,3806-dxqom,female,0,0,0,4,0,no_phone_service,dsl,yes,yes,no,no,no,no,month-to-month,1,electronic_check,33.65,137.85,1
2088,6784-xyjae,female,0,0,0,36,1,yes,dsl,no,no,yes,no,no,no,one_year,0,electronic_check,55.8,1941.5,0
2089,3933-dqpwx,female,0,0,0,50,0,no_phone_service,dsl,no,yes,yes,yes,no,no,two_year,0,credit_card_(automatic),39.7,1932.75,0
2090,6661-eipzc,female,0,1,1,48,0,no_phone_service,dsl,no,no,no,yes,no,no,month-to-month,1,credit_card_(automatic),29.5,1423.05,0
2091,8957-thmoa,female,0,0,1,50,1,no,no,no_internet_service,no_internet_service,no_internet_service,no_internet_service,no_internet_service,no_internet_service,two_year,0,credit_card_(automatic),20.15,970.85,0
2092,2251-pylpb,male,0,1,0,72,1,yes,dsl,yes,yes,yes,yes,no,yes,two_year,0,credit_card_(automatic),79.55,5810.9,0
2093,5555-rnpgt,male,0,0,1,10,1,yes,no,no_internet_service,no_internet_service,no_internet_service,no_internet_service,no_internet_service,no_internet_service,month-to-month,0,credit_card_(automatic),24.8,223.9,0
2094,1057-foglz,female,0,0,0,18,1,no,no,no_internet_service,no_internet_service,no_internet_service,no_internet_service,no_internet_service,no_internet_service,month-to-month,0,mailed_check,19.65,391.7,0
2095,9300-rendd,male,0,0,0,1,1,no,fiber_optic,no,no,no,no,yes,no,month-to-month,1,electronic_check,79.95,79.95,1
2096,0761-aetcs,female,0,0,0,1,1,no,no,no_internet_service,no_internet_service,no_internet_service,no_internet_service,no_internet_service,no_internet_service,month-to-month,0,electronic_check,19.3,19.3,1
2097,8087-lgyhq,male,0,0,0,9,1,no,fiber_optic,no,no,yes,no,yes,yes,month-to-month,1,electronic_check,94.05,811.65,0
2098,4137-btikl,male,0,0,0,2,1,yes,fiber_optic,yes,no,no,no,no,yes,month-to-month,0,mailed_check,90.75,174.75,0
2099,2190-bcxec,female,0,1,0,40,1,yes,fiber_optic,no,no,no,yes,no,no,month-to-month,1,credit_card_(automatic),78.85,3126.85,0
2100,6227-fbdxh,male,0,1,0,69,1,yes,fiber_optic,no,no,yes,no,yes,yes,one_year,0,bank_transfer_(automatic),99.5,6841.45,0
2101,2153-mrefk,female,0,1,0,37,1,yes,fiber_optic,yes,no,yes,yes,no,yes,one_year,1,electronic_check,99.2,3754.6,1
2102,2911-wdxmv,male,0,0,1,18,1,yes,fiber_optic,no,no,yes,no,no,no,month-to-month,1,credit_card_(automatic),80.55,1406.65,0
2103,7206-pqbbz,male,1,1,0,11,1,no,fiber_optic,no,no,no,no,no,no,month-to-month,1,electronic_check,70.2,834.7,0
2104,3106-ulwfw,female,0,1,0,8,1,yes,fiber_optic,no,no,no,no,no,yes,month-to-month,1,credit_card_(automatic),85.2,627.4,1
2105,0925-vydlg,female,0,0,0,3,1,yes,fiber_optic,no,no,no,no,no,no,month-to-month,0,electronic_check,75.25,242.0,1
2106,4547-fzjwe,male,0,1,1,55,1,no,dsl,yes,no,no,no,no,yes,one_year,0,credit_card_(automatic),59.45,3157.0,0
2107,7422-wnbty,male,0,1,0,33,1,yes,fiber_optic,no,yes,yes,no,no,yes,month-to-month,1,electronic_check,93.35,3092.0,0
2108,0842-iwycp,female,0,0,0,46,1,no,dsl,no,no,no,no,no,no,month-to-month,0,bank_transfer_(automatic),44.95,2168.9,0
2109,3521-htqtv,male,0,0,0,34,1,yes,no,no_internet_service,no_internet_service,no_internet_service,no_internet_service,no_internet_service,no_internet_service,two_year,0,bank_transfer_(automatic),26.1,980.35,0
2110,3744-zbhon,female,0,0,0,3,1,no,no,no_internet_service,no_internet_service,no_internet_service,no_internet_service,no_internet_service,no_internet_service,month-to-month,0,electronic_check,20.2,65.95,0
2111,3373-diuun,male,0,1,1,30,1,no,no,no_internet_service,no_internet_service,no_internet_service,no_internet_service,no_internet_service,no_internet_service,two_year,0,mailed_check,21.25,711.9,0
2112,8383-sghju,female,0,0,0,33,1,yes,dsl,yes,no,no,yes,no,no,one_year,0,electronic_check,59.4,1952.8,0
2113,7607-qkktj,male,0,1,1,45,1,yes,fiber_optic,no,yes,yes,no,no,yes,one_year,1,credit_card_(automatic),95.0,4368.85,0
2114,7707-pybbh,male,0,0,0,40,1,no,dsl,yes,yes,no,yes,no,no,month-to-month,1,mailed_check,61.9,2647.1,0
2115,8984-hpemb,female,0,0,0,71,1,yes,fiber_optic,yes,yes,yes,yes,yes,yes,two_year,1,electronic_check,118.65,8477.6,0
2116,4349-gfqhk,male,0,0,0,1,1,yes,dsl,no,no,yes,no,no,no,month-to-month,0,electronic_check,54.35,54.35,1
2117,4139-detxs,female,0,1,1,72,0,no_phone_service,dsl,yes,yes,yes,yes,yes,yes,two_year,0,bank_transfer_(automatic),64.45,4528.0,0
2118,9779-dpnej,female,0,1,1,22,1,no,fiber_optic,no,no,no,no,no,yes,month-to-month,1,electronic_check,80.15,1790.65,0
2119,9805-filkb,male,0,1,1,46,1,no,no,no_internet_service,no_internet_service,no_internet_service,no_internet_service,no_internet_service,no_internet_service,one_year,1,bank_transfer_(automatic),20.2,845.6,0
2120,5793-yoljn,female,0,1,1,55,1,no,no,no_internet_service,no_internet_service,no_internet_service,no_internet_service,no_internet_service,no_internet_service,two_year,0,mailed_check,21.0,1210.3,0
2121,0673-iguqo,male,0,0,0,1,1,no,no,no_internet_service,no_internet_service,no_internet_service,no_internet_service,no_internet_service,no_internet_service,month-to-month,0,mailed_check,20.45,20.45,0
2122,4123-fcvcb,female,0,0,0,12,1,yes,dsl,no,no,no,yes,yes,yes,one_year,1,mailed_check,75.85,854.45,0
2123,8819-imisp,male,0,0,0,31,1,yes,fiber_optic,no,yes,no,no,no,no,month-to-month,1,electronic_check,80.45,2429.1,0
2124,7802-efkny,male,0,1,0,5,0,no_phone_service,dsl,no,no,no,no,no,no,month-to-month,1,electronic_check,24.95,100.4,1
2125,8311-ueuab,female,0,1,1,67,1,yes,dsl,yes,no,no,no,yes,yes,two_year,1,electronic_check,75.5,5229.45,0
2126,5858-eafcz,male,0,0,0,1,1,no,dsl,no,no,no,no,no,no,month-to-month,0,mailed_check,44.45,44.45,0
2127,8035-buyvg,male,0,1,0,40,0,no_phone_service,dsl,yes,yes,yes,no,no,no,one_year,1,electronic_check,42.35,1716.45,1
2128,1163-onyey,male,0,1,1,41,1,yes,dsl,yes,yes,yes,no,yes,no,month-to-month,1,credit_card_(automatic),74.55,3023.55,0
2129,9787-xvqiu,male,0,0,0,1,1,yes,fiber_optic,no,no,no,no,no,no,month-to-month,1,electronic_check,75.3,75.3,1
2130,8945-muquf,male,0,0,0,51,1,yes,fiber_optic,yes,yes,no,no,yes,no,one_year,1,electronic_check,94.8,4837.6,1
2131,5656-mjefc,male,0,1,1,42,0,no_phone_service,dsl,yes,no,yes,yes,yes,no,two_year,0,credit_card_(automatic),48.15,2032.3,0
2132,6082-oqfba,male,0,1,1,23,1,no,no,no_internet_service,no_internet_service,no_internet_service,no_internet_service,no_internet_service,no_internet_service,one_year,0,mailed_check,19.65,436.9,0
2133,8051-hjrlt,female,1,0,0,1,1,no,fiber_optic,no,no,no,no,no,no,month-to-month,1,electronic_check,70.55,70.55,1
2134,8974-ovacp,female,0,0,0,1,1,no,no,no_internet_service,no_internet_service,no_internet_service,no_internet_service,no_internet_service,no_internet_service,month-to-month,0,mailed_check,20.15,20.15,0
2135,4010-ylmvt,female,0,0,0,56,1,yes,fiber_optic,yes,yes,no,no,yes,yes,month-to-month,1,credit_card_(automatic),106.6,5893.95,0
2136,1379-frveb,male,0,0,1,15,1,yes,fiber_optic,no,yes,no,no,yes,no,month-to-month,1,electronic_check,91.0,1430.05,0
2137,8612-gxidd,male,0,1,1,12,1,yes,no,no_internet_service,no_internet_service,no_internet_service,no_internet_service,no_internet_service,no_internet_service,two_year,1,bank_transfer_(automatic),25.4,313.0,0
2138,6288-chqjb,female,0,1,1,54,1,no,dsl,yes,no,yes,yes,no,yes,two_year,0,bank_transfer_(automatic),69.95,3871.85,0
2139,8160-howox,female,0,0,0,7,1,no,dsl,no,no,no,no,yes,yes,month-to-month,1,electronic_check,66.85,458.1,0
2140,3023-gflbr,female,0,1,1,33,1,yes,fiber_optic,no,no,no,no,no,yes,month-to-month,0,credit_card_(automatic),86.15,2745.7,1
2141,6648-inwps,male,0,1,1,16,1,no,no,no_internet_service,no_internet_service,no_internet_service,no_internet_service,no_internet_service,no_internet_service,month-to-month,0,electronic_check,20.15,341.35,0
2142,4223-bkeor,female,0,0,1,21,1,no,dsl,yes,no,yes,no,no,yes,one_year,0,mailed_check,64.85,1336.8,0
2143,4079-vtglk,male,1,1,0,30,1,yes,dsl,no,no,yes,no,yes,yes,two_year,0,electronic_check,74.85,2181.75,0
2144,1763-wqfuk,male,0,0,0,3,1,no,dsl,no,no,no,yes,no,no,month-to-month,1,mailed_check,50.5,147.75,0
2145,1391-ubdar,male,0,0,0,11,1,no,fiber_optic,no,no,yes,no,no,no,month-to-month,0,electronic_check,72.9,818.45,0
2146,8894-jvdcv,female,0,0,0,62,1,yes,fiber_optic,yes,yes,yes,yes,yes,yes,one_year,1,credit_card_(automatic),115.05,7133.45,0
2147,2023-vqfdl,male,0,0,0,18,1,no,no,no_internet_service,no_internet_service,no_internet_service,no_internet_service,no_internet_service,no_internet_service,month-to-month,0,electronic_check,19.0,348.8,0
2148,1345-gkdzz,male,0,0,1,6,1,no,no,no_internet_service,no_internet_service,no_internet_service,no_internet_service,no_internet_service,no_internet_service,month-to-month,0,mailed_check,19.55,128.6,0
2149,2014-mkgmh,female,0,0,0,46,1,yes,fiber_optic,no,no,yes,no,yes,yes,one_year,1,electronic_check,101.1,4674.4,0
2150,5628-fcgyg,male,0,0,0,21,1,yes,fiber_optic,no,no,no,no,no,yes,month-to-month,1,electronic_check,84.1,1737.45,0
2151,2560-wbwxf,male,0,0,0,68,1,yes,no,no_internet_service,no_internet_service,no_internet_service,no_internet_service,no_internet_service,no_internet_service,two_year,1,bank_transfer_(automatic),24.15,1498.85,0
2152,0248-ipdfw,female,0,0,0,1,1,yes,dsl,no,no,no,no,no,no,month-to-month,1,electronic_check,50.1,50.1,0
2153,7978-dkuqh,female,0,1,0,25,1,no,fiber_optic,no,no,yes,no,no,no,month-to-month,1,electronic_check,74.6,1797.75,0
2154,4335-upjsi,female,0,0,1,24,1,no,no,no_internet_service,no_internet_service,no_internet_service,no_internet_service,no_internet_service,no_internet_service,two_year,0,mailed_check,19.75,498.1,0
2155,0524-iavzo,female,0,1,0,30,1,yes,fiber_optic,no,no,no,no,no,yes,month-to-month,1,electronic_check,85.0,2624.25,1
2156,2737-yngyw,female,0,0,0,2,1,no,fiber_optic,no,no,no,no,no,yes,month-to-month,0,electronic_check,80.55,184.1,1
2157,1784-ezdkj,male,0,1,0,51,1,yes,fiber_optic,no,yes,yes,no,yes,yes,one_year,1,bank_transfer_(automatic),106.8,5498.8,0
2158,9297-fvvdh,female,0,1,1,57,1,yes,dsl,yes,no,yes,yes,yes,yes,two_year,1,electronic_check,84.5,4845.4,0
2159,8007-yypwd,female,0,0,0,15,1,yes,no,no_internet_service,no_internet_service,no_internet_service,no_internet_service,no_internet_service,no_internet_service,two_year,0,bank_transfer_(automatic),25.05,369.1,0
2160,7101-hrblj,female,0,1,1,72,1,no,dsl,yes,yes,yes,yes,yes,yes,two_year,1,bank_transfer_(automatic),83.7,6096.9,0
2161,5159-yfpkq,female,0,0,0,2,1,no,fiber_optic,no,no,yes,no,no,no,month-to-month,1,electronic_check,75.8,160.75,1
2162,6635-cpnun,male,0,1,0,28,1,yes,fiber_optic,no,yes,yes,no,yes,no,month-to-month,0,credit_card_(automatic),96.6,2684.35,0
2163,4021-rqsny,male,1,1,0,29,1,yes,fiber_optic,no,no,yes,no,yes,yes,month-to-month,1,electronic_check,98.5,3004.15,1
2164,5453-ybtwv,male,0,1,1,70,1,no,fiber_optic,yes,yes,yes,yes,yes,no,two_year,1,credit_card_(automatic),101.1,6994.8,0
2165,5039-lzrqt,female,0,0,0,13,1,no,no,no_internet_service,no_internet_service,no_internet_service,no_internet_service,no_internet_service,no_internet_service,one_year,0,mailed_check,20.2,273.25,0
2166,2931-vuvjn,female,1,1,0,59,1,yes,fiber_optic,yes,yes,yes,yes,no,no,one_year,1,electronic_check,94.05,5483.9,0
2167,9061-tihda,male,1,1,0,13,1,yes,fiber_optic,no,no,no,no,yes,yes,month-to-month,1,electronic_check,95.25,1233.65,1
2168,8699-asufo,male,1,1,0,7,1,yes,fiber_optic,no,no,no,no,no,no,month-to-month,1,mailed_check,74.4,527.9,1
2169,6418-piqsp,female,0,1,0,62,1,no,dsl,yes,no,yes,yes,yes,yes,two_year,0,mailed_check,81.0,4985.9,0
2170,8220-ocufy,female,0,0,0,21,1,no,dsl,yes,no,yes,yes,no,no,one_year,1,electronic_check,60.25,1258.35,0
2171,3995-wfcsm,female,0,0,0,2,1,no,dsl,no,no,yes,no,no,yes,month-to-month,0,electronic_check,60.85,111.4,0
2172,1895-qtkdo,female,0,0,0,1,1,no,dsl,no,no,no,no,no,no,month-to-month,0,credit_card_(automatic),43.95,43.95,0
2173,2038-oeqzh,male,0,0,0,4,1,no,fiber_optic,no,no,yes,no,no,yes,month-to-month,0,electronic_check,86.05,308.1,0
2174,1178-pzgab,female,0,0,0,19,1,no,no,no_internet_service,no_internet_service,no_internet_service,no_internet_service,no_internet_service,no_internet_service,one_year,0,credit_card_(automatic),20.25,383.65,0
2175,7927-auxbz,female,0,0,0,30,1,no,fiber_optic,no,no,no,yes,yes,no,month-to-month,0,electronic_check,85.15,2555.9,1
2176,2626-veewg,male,0,1,1,67,1,no,no,no_internet_service,no_internet_service,no_internet_service,no_internet_service,no_internet_service,no_internet_service,two_year,1,credit_card_(automatic),19.4,1284.2,0
2177,2878-rmwxy,male,1,1,0,72,1,yes,fiber_optic,yes,yes,yes,no,no,yes,two_year,1,credit_card_(automatic),102.65,7550.3,0
2178,1657-dymbm,male,0,1,0,53,1,no,no,no_internet_service,no_internet_service,no_internet_service,no_internet_service,no_internet_service,no_internet_service,two_year,0,credit_card_(automatic),19.9,1110.05,0
2179,7311-mqjch,female,0,0,0,5,1,no,no,no_internet_service,no_internet_service,no_internet_service,no_internet_service,no_internet_service,no_internet_service,one_year,0,electronic_check,19.55,99.6,0
2180,7375-wmvmt,male,1,1,0,71,1,no,fiber_optic,no,yes,yes,yes,no,yes,two_year,1,credit_card_(automatic),95.5,6707.15,0
2181,1136-xgequ,female,0,1,1,50,1,yes,dsl,no,yes,yes,yes,yes,yes,one_year,1,credit_card_(automatic),84.15,4164.4,0
2182,2530-fmfxo,male,0,1,1,56,1,yes,fiber_optic,no,no,yes,yes,yes,yes,two_year,1,electronic_check,103.2,5873.75,0
2183,6844-dzkrf,male,0,0,0,2,1,no,dsl,no,no,no,yes,no,no,month-to-month,1,credit_card_(automatic),50.2,109.25,0
2184,4695-wjzue,female,1,0,0,2,1,yes,fiber_optic,no,no,yes,no,no,yes,month-to-month,1,electronic_check,88.55,179.25,1
2185,7619-odsgn,male,0,1,1,24,1,yes,dsl,yes,no,no,no,no,no,month-to-month,0,electronic_check,54.75,1338.15,1
2186,5970-ghjaw,male,0,1,1,46,1,no,no,no_internet_service,no_internet_service,no_internet_service,no_internet_service,no_internet_service,no_internet_service,two_year,0,credit_card_(automatic),19.95,862.4,0
2187,8879-xuahx,male,0,1,0,71,1,yes,fiber_optic,yes,yes,yes,yes,yes,yes,two_year,1,electronic_check,116.25,8564.75,0
2188,3689-mozgr,female,0,0,0,29,0,no_phone_service,dsl,no,no,no,yes,no,no,month-to-month,1,electronic_check,31.2,926.2,0
2189,4195-pngzs,male,0,1,1,69,1,yes,no,no_internet_service,no_internet_service,no_internet_service,no_internet_service,no_internet_service,no_internet_service,two_year,0,bank_transfer_(automatic),24.45,1718.2,0
2190,5003-xzwwo,male,0,1,0,71,1,yes,dsl,no,yes,yes,yes,yes,yes,two_year,0,credit_card_(automatic),84.2,5956.85,0
2191,3988-rqixo,female,1,0,0,1,1,no,fiber_optic,no,no,no,no,yes,yes,month-to-month,1,electronic_check,91.3,91.3,1
2192,7622-fwgew,male,1,1,0,56,1,no,dsl,yes,yes,yes,yes,yes,yes,two_year,1,bank_transfer_(automatic),85.65,4824.45,0
2193,6922-ncedi,male,0,0,1,56,1,no,no,no_internet_service,no_internet_service,no_internet_service,no_internet_service,no_internet_service,no_internet_service,one_year,1,mailed_check,21.2,1238.65,0
2194,2514-ginmm,male,0,0,0,1,1,no,fiber_optic,no,no,no,no,yes,no,month-to-month,1,electronic_check,79.5,79.5,1
2195,9891-nqdbd,female,0,1,0,28,1,yes,no,no_internet_service,no_internet_service,no_internet_service,no_internet_service,no_internet_service,no_internet_service,one_year,0,mailed_check,25.55,672.2,0
2196,6131-iunxn,female,0,1,1,19,1,no,no,no_internet_service,no_internet_service,no_internet_service,no_internet_service,no_internet_service,no_internet_service,month-to-month,0,mailed_check,20.2,382.2,0
2197,8548-awofc,male,0,1,0,66,1,yes,dsl,no,no,no,yes,no,yes,month-to-month,0,electronic_check,63.85,4264.6,0
2198,9798-dryds,female,0,1,1,17,1,yes,dsl,no,no,yes,yes,no,no,one_year,1,mailed_check,61.95,1070.7,0
2199,8532-uefwh,male,0,1,1,52,1,yes,no,no_internet_service,no_internet_service,no_internet_service,no_internet_service,no_internet_service,no_internet_service,two_year,0,mailed_check,25.75,1345.85,0
2200,6296-ddoor,female,0,0,0,19,1,no,dsl,no,yes,no,no,yes,no,one_year,0,electronic_check,58.2,1045.25,0
2201,7951-vrdvk,female,0,0,0,36,1,no,dsl,yes,yes,yes,yes,yes,yes,one_year,0,bank_transfer_(automatic),85.85,3003.55,0
2202,5931-fljjf,male,1,1,0,7,1,no,fiber_optic,no,no,no,no,no,no,month-to-month,1,mailed_check,70.1,467.55,1
2203,4815-yosuk,male,0,1,1,72,1,yes,fiber_optic,yes,yes,yes,yes,no,yes,one_year,1,credit_card_(automatic),104.9,7537.5,0
2204,2659-vxmwz,male,0,1,1,67,1,yes,fiber_optic,yes,yes,yes,no,yes,yes,one_year,1,electronic_check,111.3,7482.1,1
2205,0380-neavx,male,1,0,0,34,1,no,fiber_optic,no,yes,yes,no,yes,yes,one_year,1,electronic_check,99.85,3343.15,0
2206,3207-oybwh,male,1,1,0,57,1,yes,fiber_optic,no,yes,yes,no,no,yes,month-to-month,1,bank_transfer_(automatic),95.25,5427.05,1
2207,4285-gyrqc,female,0,1,0,7,1,no,fiber_optic,no,no,yes,no,yes,no,month-to-month,1,electronic_check,86.25,587.1,1
2208,7216-ewtrs,female,1,1,0,1,1,yes,fiber_optic,no,no,yes,no,yes,yes,month-to-month,1,electronic_check,100.8,100.8,1
2209,4365-msdyn,male,0,1,0,8,1,no,no,no_internet_service,no_internet_service,no_internet_service,no_internet_service,no_internet_service,no_internet_service,month-to-month,1,bank_transfer_(automatic),19.55,161.15,0
2210,7036-tydec,female,0,0,0,69,1,yes,fiber_optic,no,no,yes,yes,yes,yes,two_year,0,electronic_check,104.0,7028.5,0
2211,5802-adbrc,female,0,1,0,50,1,yes,fiber_optic,yes,no,yes,no,yes,yes,one_year,1,mailed_check,104.4,5232.9,0
2212,8076-fezkj,male,0,0,0,10,1,no,no,no_internet_service,no_internet_service,no_internet_service,no_internet_service,no_internet_service,no_internet_service,one_year,0,mailed_check,19.5,225.85,0
2213,5197-ypybz,female,0,1,1,12,1,yes,no,no_internet_service,no_internet_service,no_internet_service,no_internet_service,no_internet_service,no_internet_service,two_year,0,credit_card_(automatic),25.25,274.7,0
2214,8337-mssxb,female,0,0,0,14,1,no,fiber_optic,no,yes,no,no,no,yes,month-to-month,1,electronic_check,86.3,1180.95,1
2215,4312-gvynh,female,0,1,0,70,0,no_phone_service,dsl,yes,no,yes,yes,no,yes,two_year,1,bank_transfer_(automatic),49.85,3370.2,0
2216,8495-ljdfo,female,1,0,0,64,1,yes,fiber_optic,yes,no,yes,yes,yes,yes,month-to-month,1,bank_transfer_(automatic),108.95,7111.3,0
2217,0839-jtcud,female,0,1,1,66,1,yes,dsl,yes,yes,yes,yes,yes,yes,two_year,0,credit_card_(automatic),89.9,5958.85,0
2218,5494-wozrz,female,0,1,1,71,1,no,dsl,yes,no,yes,yes,yes,yes,two_year,1,credit_card_(automatic),82.0,5999.85,0
2219,1302-uhbdd,male,1,0,0,20,1,no,fiber_optic,no,no,no,no,yes,yes,month-to-month,0,electronic_check,89.95,1648.45,0
2220,2234-eofpt,male,0,1,0,72,1,no,dsl,yes,yes,no,yes,yes,yes,two_year,1,bank_transfer_(automatic),79.35,5753.25,0
2221,8619-ijndk,female,0,1,1,71,1,no,dsl,yes,yes,yes,yes,no,no,two_year,0,credit_card_(automatic),64.05,4492.9,0
2222,8378-lkjaf,male,0,1,1,38,1,yes,fiber_optic,no,no,yes,no,yes,yes,month-to-month,1,credit_card_(automatic),101.15,3956.7,0
2223,8182-bjdsi,female,0,0,0,28,1,yes,fiber_optic,no,yes,no,no,no,yes,month-to-month,1,electronic_check,89.95,2625.55,1
2224,2528-hfyzx,male,1,1,0,17,1,no,fiber_optic,no,yes,no,no,no,no,month-to-month,1,electronic_check,76.45,1233.4,1
2225,1153-gnolc,male,0,0,0,33,0,no_phone_service,dsl,no,yes,no,no,yes,no,one_year,1,electronic_check,39.1,1309.0,0
2226,3298-qeica,female,0,1,1,23,0,no_phone_service,dsl,yes,no,no,yes,no,no,two_year,0,mailed_check,34.6,813.45,0
2227,0788-dxbfy,male,0,1,1,58,1,no,no,no_internet_service,no_internet_service,no_internet_service,no_internet_service,no_internet_service,no_internet_service,one_year,1,electronic_check,19.55,1108.8,0
2228,3597-yaszg,female,1,1,0,70,1,yes,fiber_optic,no,yes,no,yes,yes,yes,two_year,1,bank_transfer_(automatic),104.45,7349.35,0
2229,3496-lfszu,male,0,1,0,4,1,no,fiber_optic,no,no,no,no,no,no,month-to-month,0,electronic_check,70.5,294.2,0
2230,5242-uowhd,male,0,1,1,45,1,no,no,no_internet_service,no_internet_service,no_internet_service,no_internet_service,no_internet_service,no_internet_service,two_year,0,mailed_check,20.35,929.2,0
2231,2482-czgbb,male,0,0,0,10,1,no,fiber_optic,no,no,no,no,no,no,month-to-month,1,electronic_check,70.0,740.0,1
2232,6479-szplm,male,0,1,1,36,1,no,no,no_internet_service,no_internet_service,no_internet_service,no_internet_service,no_internet_service,no_internet_service,two_year,0,credit_card_(automatic),19.45,754.5,0
2233,8097-vbqtz,male,0,0,0,54,1,no,dsl,yes,yes,no,yes,yes,no,month-to-month,1,mailed_check,69.9,3883.3,0
2234,4500-hkann,male,0,1,1,23,1,yes,dsl,no,yes,no,yes,no,no,two_year,0,mailed_check,59.7,1414.2,0
2235,9917-kwrbe,female,0,1,1,41,1,yes,dsl,yes,yes,yes,no,yes,no,one_year,1,credit_card_(automatic),78.35,3211.2,0
2236,3420-zdbma,male,1,0,0,5,1,no,fiber_optic,no,no,no,no,no,no,month-to-month,1,mailed_check,71.45,371.6,0
2237,2212-lyask,male,0,1,1,27,0,no_phone_service,dsl,no,yes,yes,no,no,yes,one_year,1,credit_card_(automatic),45.85,1246.4,0
2238,1393-imkzg,female,0,0,0,1,1,no,fiber_optic,no,no,no,yes,yes,yes,month-to-month,1,electronic_check,95.85,95.85,0
2239,8069-rhuxk,female,0,1,1,67,0,no_phone_service,dsl,yes,no,no,yes,no,no,two_year,0,credit_card_(automatic),35.7,2545.7,0
2240,3398-gcpmu,female,1,1,1,72,1,yes,dsl,yes,yes,yes,yes,yes,yes,two_year,1,credit_card_(automatic),89.55,6448.85,0
2241,2908-wgaxl,female,0,1,1,56,1,yes,no,no_internet_service,no_internet_service,no_internet_service,no_internet_service,no_internet_service,no_internet_service,two_year,1,credit_card_(automatic),24.95,1468.9,0
2242,3378-ajrao,male,0,1,1,44,1,yes,no,no_internet_service,no_internet_service,no_internet_service,no_internet_service,no_internet_service,no_internet_service,one_year,0,electronic_check,24.85,1013.6,0
2243,1013-qcwam,female,1,1,0,66,1,yes,fiber_optic,no,yes,no,no,yes,yes,month-to-month,1,electronic_check,100.8,6690.75,0
2244,0866-qlsir,female,0,0,0,34,1,yes,dsl,yes,yes,no,yes,no,no,one_year,1,mailed_check,64.4,2088.75,1
2245,6050-ffxes,female,0,1,0,69,1,yes,fiber_optic,no,no,yes,yes,yes,yes,two_year,0,bank_transfer_(automatic),105.35,7240.65,0
2246,7181-bqybv,female,0,1,1,1,1,yes,fiber_optic,yes,no,yes,no,yes,yes,month-to-month,1,electronic_check,102.45,102.45,1
2247,0362-raoqo,female,0,0,0,40,1,no,no,no_internet_service,no_internet_service,no_internet_service,no_internet_service,no_internet_service,no_internet_service,two_year,0,credit_card_(automatic),19.65,830.25,0
2248,9554-dfkic,male,0,1,1,30,1,yes,dsl,yes,no,no,no,no,no,month-to-month,1,bank_transfer_(automatic),54.45,1588.7,0
2249,5527-achso,female,0,0,0,11,1,no,dsl,no,no,no,yes,yes,yes,month-to-month,0,mailed_check,70.5,829.3,0
2250,0829-ddvlk,female,0,0,0,15,1,no,no,no_internet_service,no_internet_service,no_internet_service,no_internet_service,no_internet_service,no_internet_service,one_year,0,credit_card_(automatic),20.1,302.45,0
2251,1399-ubqiu,male,0,0,0,11,1,no,dsl,no,no,yes,no,yes,yes,month-to-month,1,electronic_check,69.35,712.25,0
2252,1813-jlkwr,female,0,1,1,64,1,no,no,no_internet_service,no_internet_service,no_internet_service,no_internet_service,no_internet_service,no_internet_service,one_year,0,bank_transfer_(automatic),19.8,1336.65,0
2253,0336-pikei,male,1,1,0,72,1,no,dsl,yes,yes,yes,yes,yes,no,two_year,0,bank_transfer_(automatic),74.4,5360.75,0
2254,7322-ocwhc,male,1,1,0,72,1,yes,fiber_optic,yes,yes,yes,yes,no,no,two_year,1,bank_transfer_(automatic),93.05,6735.05,0
2255,9537-vhdta,female,0,0,1,1,1,no,dsl,yes,no,no,no,no,no,month-to-month,0,mailed_check,51.2,51.2,0
2256,4957-tialw,female,0,0,1,15,1,no,dsl,yes,yes,yes,yes,no,no,one_year,0,credit_card_(automatic),65.6,1010.0,0
2257,2054-pjock,female,0,0,0,60,1,yes,dsl,no,no,yes,yes,yes,yes,one_year,0,credit_card_(automatic),80.55,4847.05,0
2258,9150-hepmb,male,0,0,0,56,1,no,dsl,yes,no,yes,no,no,no,one_year,0,mailed_check,52.7,3019.7,0
2259,9030-qgznl,female,0,0,0,8,1,no,no,no_internet_service,no_internet_service,no_internet_service,no_internet_service,no_internet_service,no_internet_service,two_year,0,mailed_check,20.85,161.65,0
2260,6204-ieuxj,female,0,0,0,3,1,no,fiber_optic,no,no,yes,yes,no,no,month-to-month,0,credit_card_(automatic),80.1,217.55,1
2261,3126-wqmgh,female,0,1,0,49,1,yes,dsl,no,no,no,no,no,no,month-to-month,1,credit_card_(automatic),52.15,2583.75,0
2262,4529-ckbcl,female,0,0,0,2,1,no,fiber_optic,no,no,no,no,yes,no,month-to-month,1,electronic_check,80.2,146.05,1
2263,2506-clakw,female,0,0,0,6,1,no,fiber_optic,yes,yes,yes,yes,no,yes,month-to-month,1,bank_transfer_(automatic),98.15,567.45,1
2264,7176-wrtnx,male,0,0,0,70,1,yes,fiber_optic,yes,yes,yes,yes,yes,yes,two_year,1,bank_transfer_(automatic),114.95,7711.25,0
2265,1583-ihqze,male,0,0,0,12,1,yes,fiber_optic,no,yes,yes,yes,yes,yes,month-to-month,1,mailed_check,112.95,1384.75,1
2266,5732-ikgqh,male,1,1,0,52,1,no,fiber_optic,yes,no,yes,yes,yes,yes,one_year,1,bank_transfer_(automatic),104.45,5481.25,0
2267,9239-gzhze,female,0,1,0,72,1,yes,fiber_optic,yes,yes,yes,yes,yes,yes,two_year,1,credit_card_(automatic),113.65,8124.2,0
2268,7205-baiad,female,0,0,0,40,1,no,no,no_internet_service,no_internet_service,no_internet_service,no_internet_service,no_internet_service,no_internet_service,two_year,1,bank_transfer_(automatic),20.6,827.3,0
2269,0151-ontov,female,0,0,0,1,1,no,fiber_optic,no,no,no,no,no,no,month-to-month,0,mailed_check,70.9,70.9,1
2270,4140-muhug,female,1,0,0,3,1,no,fiber_optic,no,no,yes,no,yes,no,month-to-month,1,electronic_check,86.85,220.95,1
2271,0093-exyql,female,1,0,0,40,1,no,fiber_optic,no,no,no,no,yes,yes,month-to-month,1,electronic_check,91.55,3673.6,0
2272,8064-ravoh,male,0,0,1,1,1,no,dsl,no,no,yes,no,no,no,month-to-month,1,electronic_check,49.85,49.85,0
2273,0219-qaerp,male,0,1,0,30,1,no,no,no_internet_service,no_internet_service,no_internet_service,no_internet_service,no_internet_service,no_internet_service,one_year,0,credit_card_(automatic),19.8,576.65,0
2274,0320-jdnqg,male,0,1,1,23,1,no,fiber_optic,yes,no,no,yes,yes,yes,month-to-month,1,electronic_check,99.85,2331.3,1
2275,7180-pisog,male,0,1,1,1,1,yes,fiber_optic,no,no,no,no,no,no,month-to-month,1,electronic_check,74.5,74.5,1
2276,9168-inpsz,female,1,1,0,44,1,yes,fiber_optic,no,no,yes,yes,yes,yes,month-to-month,0,electronic_check,104.15,4495.65,0
2277,3571-rfhar,male,0,0,0,65,1,yes,fiber_optic,no,yes,yes,yes,yes,yes,month-to-month,1,electronic_check,109.15,6941.2,1
2278,0015-uocoj,female,1,0,0,7,1,no,dsl,yes,no,no,no,no,no,month-to-month,1,electronic_check,48.2,340.35,0
2279,5334-afqjb,male,1,0,0,72,1,yes,no,no_internet_service,no_internet_service,no_internet_service,no_internet_service,no_internet_service,no_internet_service,two_year,1,credit_card_(automatic),25.1,1789.9,0
2280,2754-sdjrd,female,1,0,0,8,1,yes,fiber_optic,no,no,no,yes,yes,yes,month-to-month,1,credit_card_(automatic),100.15,908.55,0
2281,9578-vrmnm,female,0,0,0,16,1,yes,dsl,no,no,yes,no,no,yes,month-to-month,1,credit_card_(automatic),65.2,1043.35,1
2282,1587-fklzb,male,1,1,1,66,1,yes,fiber_optic,no,no,yes,no,yes,yes,month-to-month,1,credit_card_(automatic),99.5,6822.15,1
2283,6140-qnrqq,male,0,0,0,1,1,no,fiber_optic,no,no,no,no,no,no,month-to-month,1,mailed_check,71.55,71.55,1
2284,8963-jlgjt,male,0,0,1,3,1,no,dsl,yes,no,yes,no,no,no,month-to-month,0,mailed_check,55.9,157.55,0
2285,4307-ktumw,male,0,1,0,53,1,yes,fiber_optic,yes,no,yes,no,no,yes,month-to-month,0,electronic_check,93.9,5029.2,1
2286,1465-lntlj,male,1,1,0,8,1,no,dsl,no,no,yes,yes,no,yes,month-to-month,1,credit_card_(automatic),64.4,581.7,0
2287,5440-flbqg,male,1,1,0,69,1,yes,fiber_optic,no,yes,yes,yes,yes,yes,two_year,1,bank_transfer_(automatic),108.4,7318.2,1
2288,2135-dqwaq,female,0,0,0,5,1,no,fiber_optic,no,yes,no,no,yes,no,month-to-month,1,mailed_check,85.3,420.45,0
2289,4056-qhxhz,female,0,1,1,72,1,yes,fiber_optic,yes,no,yes,yes,yes,yes,two_year,0,mailed_check,107.45,7576.7,0
2290,7470-mcqtk,female,0,1,0,13,0,no_phone_service,dsl,no,no,yes,no,yes,yes,month-to-month,1,bank_transfer_(automatic),48.75,633.4,1
2291,7488-mxjiv,female,0,0,0,4,1,yes,fiber_optic,no,no,no,no,yes,no,month-to-month,1,electronic_check,85.65,321.65,1
2292,7401-jixnm,female,0,1,1,54,1,yes,dsl,yes,yes,yes,yes,yes,yes,two_year,0,credit_card_(automatic),91.3,4965.0,0
2293,9339-fiijl,male,0,1,0,72,1,yes,dsl,no,yes,yes,yes,yes,yes,two_year,0,bank_transfer_(automatic),85.95,6151.9,0
2294,2027-feczv,male,0,0,0,12,1,yes,fiber_optic,no,yes,yes,no,yes,yes,month-to-month,1,electronic_check,106.7,1253.9,1
2295,2672-dzuoy,male,0,0,0,1,0,no_phone_service,dsl,no,no,no,no,no,no,month-to-month,1,electronic_check,25.15,25.15,1
2296,4706-dgahw,male,1,0,0,1,1,no,dsl,no,no,no,no,no,no,month-to-month,0,electronic_check,45.2,45.2,0
2297,3870-mqamg,female,0,1,0,54,1,yes,fiber_optic,no,yes,yes,yes,yes,yes,one_year,0,electronic_check,110.35,5893.15,1
2298,6670-mfrpk,male,0,1,1,69,1,yes,fiber_optic,no,no,yes,no,no,no,two_year,1,credit_card_(automatic),79.2,5420.65,0
2299,6177-pevra,female,0,0,0,48,1,no,dsl,yes,yes,no,no,no,no,two_year,0,credit_card_(automatic),55.5,2627.35,0
2300,4800-czmpc,female,0,1,1,48,1,yes,fiber_optic,yes,yes,no,no,yes,yes,one_year,1,credit_card_(automatic),103.25,5037.55,1
2301,4813-hqmgz,female,0,1,0,8,1,yes,fiber_optic,no,no,no,yes,no,yes,month-to-month,1,electronic_check,90.25,743.75,0
2302,7579-kkloe,male,0,1,1,71,1,yes,dsl,yes,yes,yes,yes,yes,yes,two_year,1,mailed_check,91.25,6589.6,0
2303,7377-dmmri,male,0,0,0,2,1,no,dsl,yes,no,no,no,no,no,month-to-month,1,electronic_check,47.8,92.45,1
2304,8402-eivqs,male,0,1,0,67,1,no,fiber_optic,yes,yes,no,no,yes,yes,one_year,1,credit_card_(automatic),100.9,6733.15,0
2305,4947-dsmxk,male,0,1,1,34,1,yes,fiber_optic,no,yes,no,no,yes,yes,month-to-month,1,bank_transfer_(automatic),97.7,3410.0,0
2306,7245-niiwq,female,0,0,0,3,1,no,fiber_optic,no,no,no,no,no,no,month-to-month,1,electronic_check,69.85,199.85,0
2307,0002-orfbo,female,0,1,1,9,1,no,dsl,no,yes,no,yes,yes,no,one_year,1,mailed_check,65.6,593.3,0
2308,3324-oirto,male,0,1,1,71,1,no,fiber_optic,yes,yes,yes,no,yes,yes,one_year,1,bank_transfer_(automatic),104.65,7288.4,0
2309,5414-ofqcb,male,0,0,0,57,1,yes,fiber_optic,no,no,no,yes,yes,no,two_year,1,credit_card_(automatic),90.45,5229.8,0
2310,4967-wpncf,male,0,0,0,72,0,no_phone_service,dsl,yes,yes,yes,yes,yes,yes,two_year,1,bank_transfer_(automatic),63.7,4464.8,0
2311,8552-obvru,female,1,1,1,48,1,no,fiber_optic,yes,no,yes,yes,yes,yes,month-to-month,1,electronic_check,104.5,5068.05,0
2312,8499-brxtd,male,0,0,0,18,1,no,no,no_internet_service,no_internet_service,no_internet_service,no_internet_service,no_internet_service,no_internet_service,one_year,0,mailed_check,20.1,401.85,0
2313,9154-qdgth,male,0,1,1,43,1,yes,fiber_optic,no,no,yes,yes,yes,yes,one_year,1,credit_card_(automatic),104.3,4451.85,0
2314,8197-bfwvu,female,0,1,1,72,1,yes,dsl,yes,yes,yes,yes,yes,yes,two_year,1,bank_transfer_(automatic),93.25,6688.95,0
2315,2577-gvsil,male,0,1,1,35,1,yes,dsl,no,no,no,yes,yes,yes,one_year,1,bank_transfer_(automatic),73.45,2661.1,0
2316,9367-oiuxp,male,0,0,0,4,1,no,no,no_internet_service,no_internet_service,no_internet_service,no_internet_service,no_internet_service,no_internet_service,month-to-month,0,mailed_check,20.7,73.05,0
2317,6770-uaygj,female,0,1,1,49,1,yes,no,no_internet_service,no_internet_service,no_internet_service,no_internet_service,no_internet_service,no_internet_service,two_year,0,mailed_check,25.25,1211.65,0
2318,6463-hhxjr,female,0,1,1,71,1,yes,fiber_optic,yes,yes,yes,no,yes,no,two_year,0,bank_transfer_(automatic),100.5,7030.65,0
2319,7928-vjyab,male,0,1,1,11,1,no,fiber_optic,no,no,no,no,yes,yes,month-to-month,0,electronic_check,90.6,1020.2,0
2320,1187-wilmm,male,0,1,1,63,1,yes,dsl,yes,yes,yes,yes,yes,yes,two_year,1,credit_card_(automatic),89.4,5597.65,0
2321,9776-ojuzi,female,1,0,0,65,1,yes,fiber_optic,no,yes,yes,no,yes,no,month-to-month,1,bank_transfer_(automatic),95.45,6223.3,0
2322,1306-rpwxz,female,0,0,1,49,1,no,no,no_internet_service,no_internet_service,no_internet_service,no_internet_service,no_internet_service,no_internet_service,two_year,0,credit_card_(automatic),20.45,1024.65,0
2323,8949-jtmay,female,0,0,0,29,1,yes,fiber_optic,no,no,yes,no,yes,yes,month-to-month,1,credit_card_(automatic),98.6,2933.2,1
2324,2774-lvqus,female,1,1,0,15,1,yes,fiber_optic,no,no,yes,yes,no,no,month-to-month,1,electronic_check,83.05,1258.3,1
2325,3097-pywxl,female,0,1,1,4,1,no,no,no_internet_service,no_internet_service,no_internet_service,no_internet_service,no_internet_service,no_internet_service,month-to-month,1,electronic_check,19.95,82.9,0
2326,2266-sjnat,female,0,1,0,72,1,yes,fiber_optic,no,yes,yes,yes,yes,yes,one_year,0,credit_card_(automatic),109.15,7789.6,0
2327,0869-paprp,female,1,1,0,26,1,no,fiber_optic,no,no,yes,no,yes,no,month-to-month,1,credit_card_(automatic),85.7,2067.0,0
2328,4238-jsswh,female,1,1,0,35,1,yes,fiber_optic,no,no,yes,no,yes,yes,month-to-month,0,bank_transfer_(automatic),102.05,3452.55,0
2329,2972-ydyuw,female,0,0,0,57,1,yes,fiber_optic,no,yes,no,yes,no,yes,one_year,0,electronic_check,94.7,5468.95,0
2330,1104-fejam,male,0,1,1,28,1,yes,dsl,no,yes,no,no,no,yes,month-to-month,0,electronic_check,64.4,1802.15,0
2331,2809-ilcyt,female,0,1,0,25,1,yes,no,no_internet_service,no_internet_service,no_internet_service,no_internet_service,no_internet_service,no_internet_service,one_year,1,mailed_check,26.8,733.55,0
2332,5499-ecutn,female,0,1,0,47,1,no,dsl,yes,no,yes,no,yes,no,one_year,1,credit_card_(automatic),66.05,3021.45,0
2333,4981-fltmf,female,0,1,1,57,1,yes,dsl,yes,yes,no,yes,no,no,month-to-month,0,bank_transfer_(automatic),65.2,3687.85,0
2334,9121-phqsr,male,1,1,0,16,1,yes,fiber_optic,no,no,no,no,yes,no,month-to-month,1,credit_card_(automatic),85.05,1391.15,0
2335,3113-iwhlc,male,0,0,0,5,1,no,dsl,yes,no,yes,no,no,no,month-to-month,1,mailed_check,55.8,274.35,0
2336,3211-iljtt,male,0,1,0,17,1,no,fiber_optic,no,no,no,no,no,no,month-to-month,1,bank_transfer_(automatic),70.4,1214.05,1
2337,4612-thjbs,female,1,0,0,56,1,yes,fiber_optic,no,yes,yes,no,yes,yes,one_year,1,bank_transfer_(automatic),104.75,5510.65,1
2338,4277-bwbml,male,0,1,1,72,1,no,no,no_internet_service,no_internet_service,no_internet_service,no_internet_service,no_internet_service,no_internet_service,two_year,0,bank_transfer_(automatic),19.95,1322.85,0
2339,4094-nsedu,female,1,0,0,21,1,yes,fiber_optic,no,no,no,no,yes,yes,month-to-month,1,electronic_check,94.25,1973.75,1
2340,0234-tevtt,female,0,1,1,48,0,no_phone_service,dsl,yes,no,yes,no,no,yes,one_year,0,credit_card_(automatic),45.0,2196.3,0
2341,4304-tspvk,female,0,1,0,68,1,yes,fiber_optic,yes,yes,yes,yes,yes,yes,two_year,0,bank_transfer_(automatic),114.9,7843.55,0
2342,1552-aagrx,female,0,0,0,30,1,yes,fiber_optic,yes,no,no,yes,yes,yes,month-to-month,0,bank_transfer_(automatic),106.4,3211.9,0
2343,2637-fkfsy,female,0,1,0,3,1,no,dsl,no,no,no,no,no,no,month-to-month,1,mailed_check,46.1,130.15,0
2344,9796-mvyxx,female,1,0,0,14,0,no_phone_service,dsl,yes,no,yes,yes,no,no,two_year,0,mailed_check,39.7,692.35,0
2345,7874-ecpqj,female,0,0,1,4,1,no,no,no_internet_service,no_internet_service,no_internet_service,no_internet_service,no_internet_service,no_internet_service,month-to-month,1,bank_transfer_(automatic),20.05,85.5,0
2346,0020-inwck,female,0,1,1,71,1,yes,fiber_optic,no,yes,yes,no,no,yes,two_year,1,credit_card_(automatic),95.75,6849.4,0
2347,7089-rkvsz,male,0,1,1,8,1,yes,no,no_internet_service,no_internet_service,no_internet_service,no_internet_service,no_internet_service,no_internet_service,one_year,0,mailed_check,24.4,203.95,0
2348,2683-jxwqq,male,0,1,1,61,0,no_phone_service,dsl,yes,no,yes,no,no,no,month-to-month,0,bank_transfer_(automatic),33.6,2117.2,0
2349,9548-zmvtx,male,0,1,1,72,1,yes,fiber_optic,no,yes,yes,yes,no,no,two_year,0,bank_transfer_(automatic),90.45,6565.85,0
2350,8739-xnikg,female,0,0,0,5,1,yes,fiber_optic,no,no,no,no,yes,no,month-to-month,1,electronic_check,84.0,424.75,0
2351,9755-jhnmn,female,0,0,0,49,1,no,dsl,yes,yes,yes,yes,no,no,two_year,0,bank_transfer_(automatic),67.4,3306.85,0
2352,3981-qsvqi,male,0,0,0,8,1,no,no,no_internet_service,no_internet_service,no_internet_service,no_internet_service,no_internet_service,no_internet_service,month-to-month,1,bank_transfer_(automatic),19.7,168.9,0
2353,2789-hqbou,male,0,0,0,3,1,no,fiber_optic,no,no,no,no,no,yes,month-to-month,1,electronic_check,80.35,253.8,0
2354,9424-cmpog,male,0,1,1,9,1,no,no,no_internet_service,no_internet_service,no_internet_service,no_internet_service,no_internet_service,no_internet_service,two_year,0,mailed_check,19.6,197.4,0
2355,5067-wjeun,male,0,1,1,67,1,no,dsl,yes,yes,no,no,no,no,two_year,1,bank_transfer_(automatic),54.2,3838.2,0
2356,3450-wxoat,male,0,0,0,46,1,no,dsl,no,no,no,no,no,no,month-to-month,1,credit_card_(automatic),45.2,2065.15,0
2357,9251-wnsod,female,0,1,0,67,1,yes,dsl,yes,yes,yes,no,no,yes,one_year,0,mailed_check,75.1,5064.45,0
2358,6974-dafli,female,0,1,0,55,1,no,no,no_internet_service,no_internet_service,no_internet_service,no_internet_service,no_internet_service,no_internet_service,one_year,0,electronic_check,19.7,1140.05,0
2359,2616-uutfk,male,0,1,0,33,1,yes,dsl,yes,yes,yes,no,yes,no,month-to-month,1,bank_transfer_(automatic),72.75,2447.45,0
2360,7064-jhxce,male,0,1,1,62,1,no,no,no_internet_service,no_internet_service,no_internet_service,no_internet_service,no_internet_service,no_internet_service,two_year,0,credit_card_(automatic),20.05,1263.9,0
2361,5103-mhmhy,female,0,0,1,1,1,no,dsl,no,no,no,no,no,no,month-to-month,0,mailed_check,45.95,45.95,1
2362,7989-awgeh,male,0,1,1,49,0,no_phone_service,dsl,yes,no,no,no,no,yes,month-to-month,1,electronic_check,39.2,1838.15,0
2363,4373-vvhql,male,0,0,0,1,1,no,dsl,no,no,no,no,no,no,month-to-month,1,electronic_check,44.75,44.75,0
2364,4559-uwiht,male,0,1,0,14,1,yes,fiber_optic,no,yes,yes,no,no,no,month-to-month,1,electronic_check,82.65,1185.0,0
2365,7268-igmfd,male,1,0,0,18,1,yes,fiber_optic,no,no,yes,yes,yes,no,month-to-month,0,bank_transfer_(automatic),93.9,1743.9,0
2366,1846-xwoqn,female,1,0,0,1,1,no,fiber_optic,no,no,no,no,no,no,month-to-month,1,electronic_check,70.15,70.15,1
2367,0235-kgslc,female,0,0,0,1,1,no,fiber_optic,no,no,yes,no,yes,no,month-to-month,1,credit_card_(automatic),85.55,85.55,1
2368,6650-bwfrt,female,0,1,0,72,1,yes,fiber_optic,yes,yes,yes,yes,yes,yes,two_year,1,credit_card_(automatic),117.15,8529.5,0
2369,9570-kyeua,male,0,0,0,64,1,yes,fiber_optic,yes,no,yes,yes,no,yes,two_year,0,credit_card_(automatic),99.25,6549.45,0
2370,6993-ygfjv,male,0,1,0,69,1,yes,fiber_optic,yes,yes,yes,yes,yes,yes,two_year,1,bank_transfer_(automatic),112.55,7806.5,0
2371,2712-syway,female,0,0,0,1,1,yes,no,no_internet_service,no_internet_service,no_internet_service,no_internet_service,no_internet_service,no_internet_service,month-to-month,1,electronic_check,25.7,25.7,0
2372,0730-bgqgf,male,0,1,1,71,1,yes,dsl,yes,yes,yes,yes,yes,yes,two_year,0,credit_card_(automatic),90.3,6287.3,0
2373,5498-ibwpi,female,0,1,1,66,1,no,dsl,no,no,no,yes,no,no,one_year,1,credit_card_(automatic),49.4,3251.85,0
2374,9101-ntixf,male,0,0,0,2,1,no,no,no_internet_service,no_internet_service,no_internet_service,no_internet_service,no_internet_service,no_internet_service,month-to-month,0,mailed_check,19.4,50.6,0
2375,0013-smeoe,female,1,1,0,71,1,no,fiber_optic,yes,yes,yes,yes,yes,yes,two_year,1,bank_transfer_(automatic),109.7,7904.25,0
2376,9314-qdmdw,male,0,0,0,11,1,no,dsl,no,yes,no,no,yes,no,one_year,1,electronic_check,61.25,729.95,0
2377,9308-anmve,male,0,0,1,47,1,no,dsl,yes,yes,no,no,no,no,month-to-month,1,electronic_check,55.3,2654.05,0
2378,2884-gbpfb,female,0,1,0,35,1,no,fiber_optic,no,no,no,no,no,no,month-to-month,1,electronic_check,70.3,2416.55,1
2379,3757-njybx,male,1,1,0,32,1,yes,fiber_optic,no,yes,yes,no,yes,yes,month-to-month,0,bank_transfer_(automatic),106.35,3520.75,1
2380,3413-dhlpb,male,0,1,1,60,1,yes,fiber_optic,no,yes,no,yes,yes,yes,month-to-month,1,bank_transfer_(automatic),103.75,5969.95,0
2381,7649-phjvr,male,0,0,0,11,1,no,no,no_internet_service,no_internet_service,no_internet_service,no_internet_service,no_internet_service,no_internet_service,one_year,0,mailed_check,19.5,226.8,0
2382,6114-tcfid,female,0,0,0,29,0,no_phone_service,dsl,yes,yes,no,yes,no,no,one_year,0,credit_card_(automatic),39.5,1082.75,0
2383,3787-trial,male,0,1,1,21,0,no_phone_service,dsl,no,no,no,no,no,no,month-to-month,1,electronic_check,26.05,565.75,0
2384,2573-gyruu,male,1,1,0,48,1,yes,fiber_optic,no,no,yes,no,no,yes,month-to-month,1,credit_card_(automatic),91.05,4370.75,0
2385,5156-umkow,female,0,0,1,3,0,no_phone_service,dsl,no,yes,no,no,no,no,month-to-month,0,mailed_check,29.65,90.05,0
2386,1247-qbvsh,female,0,1,1,43,1,no,dsl,no,yes,no,no,no,no,month-to-month,0,mailed_check,50.2,2169.4,0
2387,6734-gmpvk,male,0,0,0,5,1,yes,fiber_optic,no,yes,yes,no,yes,yes,month-to-month,0,electronic_check,105.3,550.6,0
2388,9822-oaovb,female,0,0,0,1,1,no,dsl,no,no,no,no,no,yes,month-to-month,1,electronic_check,55.45,55.45,0
2389,6161-erdgd,male,0,1,1,71,1,yes,dsl,yes,no,yes,yes,yes,yes,one_year,0,electronic_check,85.45,6300.85,0
2390,1226-jznkr,female,0,1,1,8,1,no,no,no_internet_service,no_internet_service,no_internet_service,no_internet_service,no_internet_service,no_internet_service,one_year,0,electronic_check,19.8,160.05,0
2391,7318-eivko,male,0,0,0,8,1,yes,dsl,no,no,no,no,yes,no,month-to-month,1,electronic_check,59.25,436.6,0
2392,3771-pzobw,male,0,0,0,20,1,yes,fiber_optic,no,no,yes,no,yes,no,month-to-month,1,credit_card_(automatic),90.7,1781.35,0
2393,5136-kckgi,female,0,1,1,33,1,yes,fiber_optic,yes,no,yes,no,yes,yes,one_year,1,mailed_check,103.7,3467.0,1
2394,8231-bswxx,male,0,0,0,71,1,yes,fiber_optic,no,yes,no,no,no,no,one_year,1,credit_card_(automatic),79.05,5552.5,0
2395,6486-lhtma,female,1,1,0,31,1,yes,fiber_optic,no,no,yes,no,yes,no,one_year,1,electronic_check,90.7,2835.5,0
2396,4083-bfnyk,female,1,1,0,38,1,yes,fiber_optic,yes,yes,no,no,no,yes,one_year,0,credit_card_(automatic),95.0,3591.25,0
2397,3722-wpxtk,male,0,0,0,1,1,no,fiber_optic,no,no,no,no,yes,yes,month-to-month,1,electronic_check,88.35,88.35,1
2398,7389-kbfit,female,0,1,1,2,0,no_phone_service,dsl,no,yes,no,no,no,no,month-to-month,1,mailed_check,30.25,63.75,0
2399,7176-wionm,female,0,1,0,12,0,no_phone_service,dsl,no,no,yes,no,yes,yes,month-to-month,1,bank_transfer_(automatic),49.85,617.15,0
2400,5141-zuvbh,female,0,0,1,9,1,no,fiber_optic,yes,no,yes,yes,no,yes,month-to-month,0,bank_transfer_(automatic),93.0,870.25,0
2401,1089-hdmkp,male,1,0,1,11,1,no,dsl,no,yes,no,yes,no,no,month-to-month,1,electronic_check,54.55,601.25,0
2402,7623-hkyrk,male,0,0,1,6,1,no,no,no_internet_service,no_internet_service,no_internet_service,no_internet_service,no_internet_service,no_internet_service,month-to-month,0,mailed_check,19.7,111.65,0
2403,0310-sucin,female,0,1,0,71,1,no,dsl,yes,yes,yes,yes,yes,yes,one_year,1,bank_transfer_(automatic),84.8,6046.1,0
2404,5197-pyepu,female,0,1,1,42,1,yes,fiber_optic,yes,yes,no,no,yes,no,one_year,1,credit_card_(automatic),94.45,3923.8,0
2405,2929-ercfz,female,0,1,1,8,1,no,fiber_optic,no,no,yes,no,yes,yes,month-to-month,1,electronic_check,94.2,777.3,1
2406,7548-sepyi,female,0,0,0,5,1,no,fiber_optic,no,yes,no,no,yes,yes,month-to-month,1,electronic_check,96.25,512.45,1
2407,8835-vsdse,female,0,1,0,2,1,no,fiber_optic,no,no,no,no,no,no,month-to-month,1,electronic_check,70.7,141.45,1
2408,6619-rplqz,female,0,1,1,45,1,no,no,no_internet_service,no_internet_service,no_internet_service,no_internet_service,no_internet_service,no_internet_service,two_year,0,mailed_check,20.85,892.15,0
2409,3275-rhrne,male,0,1,1,28,0,no_phone_service,dsl,no,yes,yes,yes,yes,yes,one_year,1,credit_card_(automatic),60.0,1682.05,0
2410,3503-tyday,female,0,1,0,43,1,yes,fiber_optic,no,yes,no,no,no,no,month-to-month,0,electronic_check,80.45,3398.9,0
2411,6901-gogzg,male,0,0,1,60,1,yes,dsl,yes,no,yes,yes,yes,yes,two_year,1,electronic_check,84.95,4984.85,0
2412,1623-nldot,female,0,1,0,42,0,no_phone_service,dsl,no,yes,no,yes,no,no,one_year,0,mailed_check,33.55,1445.3,1
2413,7021-xsnye,male,0,1,1,7,0,no_phone_service,dsl,yes,no,yes,yes,no,yes,two_year,0,credit_card_(automatic),49.65,305.55,0
2414,9621-oupyd,female,0,1,0,25,1,no,no,no_internet_service,no_internet_service,no_internet_service,no_internet_service,no_internet_service,no_internet_service,one_year,1,bank_transfer_(automatic),20.2,507.9,0
2415,9898-kzqdz,female,1,1,1,40,1,yes,fiber_optic,no,no,no,no,yes,yes,month-to-month,1,credit_card_(automatic),94.55,3640.45,1
2416,8982-nhavy,male,0,0,0,27,1,yes,fiber_optic,no,no,yes,no,yes,yes,one_year,1,bank_transfer_(automatic),100.5,2673.45,0
2417,4307-kwmxe,male,0,0,0,10,0,no_phone_service,dsl,no,yes,no,yes,no,no,month-to-month,0,electronic_check,35.75,389.8,0
2418,0141-yeays,female,1,0,0,27,1,yes,fiber_optic,no,yes,yes,no,no,no,month-to-month,1,bank_transfer_(automatic),86.45,2401.05,0
2419,2450-zkeed,female,0,0,0,11,1,no,dsl,no,no,yes,yes,no,no,one_year,0,bank_transfer_(automatic),53.8,651.55,0
2420,3694-delso,male,0,1,1,4,0,no_phone_service,dsl,yes,no,no,no,yes,no,month-to-month,0,credit_card_(automatic),38.55,156.1,0
2421,3893-jrnfs,male,0,0,0,68,0,no_phone_service,dsl,no,no,yes,no,no,yes,month-to-month,1,bank_transfer_(automatic),39.9,2796.35,0
2422,9603-oaihc,male,1,0,0,1,1,no,fiber_optic,no,no,no,no,no,no,month-to-month,1,electronic_check,70.05,70.05,0
2423,1133-kxcge,female,0,0,0,18,1,no,no,no_internet_service,no_internet_service,no_internet_service,no_internet_service,no_internet_service,no_internet_service,one_year,0,mailed_check,20.1,407.05,0
2424,5236-perkl,female,0,0,0,57,1,yes,fiber_optic,yes,yes,yes,no,yes,yes,two_year,1,bank_transfer_(automatic),112.95,6465.0,1
2425,0142-gvysn,male,0,0,0,26,1,no,no,no_internet_service,no_internet_service,no_internet_service,no_internet_service,no_internet_service,no_internet_service,month-to-month,1,electronic_check,20.3,511.25,0
2426,1049-fysyg,female,0,1,0,17,0,no_phone_service,dsl,no,yes,yes,no,no,no,month-to-month,1,credit_card_(automatic),35.65,646.05,0
2427,7854-foksf,male,0,0,0,1,0,no_phone_service,dsl,no,no,no,no,no,yes,month-to-month,0,electronic_check,35.9,35.9,1
2428,2519-fakod,male,0,0,1,38,1,yes,fiber_optic,no,no,yes,no,yes,yes,month-to-month,1,bank_transfer_(automatic),99.25,3777.15,1
2429,8406-lnmhf,male,1,1,0,59,1,no,fiber_optic,yes,yes,yes,no,no,no,one_year,1,credit_card_(automatic),82.95,4903.15,0
2430,1821-bucwy,male,0,0,0,30,1,no,dsl,yes,no,yes,no,no,no,two_year,1,mailed_check,55.65,1653.85,0
2431,8263-jqaik,male,1,0,0,2,0,no_phone_service,dsl,no,no,no,no,no,no,month-to-month,1,mailed_check,24.45,47.5,1
2432,0023-uyupn,female,1,1,0,50,1,yes,no,no_internet_service,no_internet_service,no_internet_service,no_internet_service,no_internet_service,no_internet_service,one_year,0,electronic_check,25.2,1306.3,0
2433,8314-dpqhl,male,0,0,0,9,0,no_phone_service,dsl,yes,no,yes,yes,no,yes,one_year,0,mailed_check,50.8,463.6,0
2434,1465-wczvt,female,0,1,1,3,1,no,no,no_internet_service,no_internet_service,no_internet_service,no_internet_service,no_internet_service,no_internet_service,month-to-month,0,mailed_check,19.65,60.65,0
2435,9481-sfcqy,female,0,0,1,14,1,no,dsl,no,no,yes,no,yes,no,month-to-month,1,credit_card_(automatic),59.8,824.85,0
2436,6360-svnwv,female,1,0,0,31,1,no,fiber_optic,yes,no,no,no,no,no,month-to-month,1,credit_card_(automatic),73.55,2094.65,0
2437,0567-ggcac,female,0,0,0,7,1,no,dsl,yes,yes,yes,no,no,no,month-to-month,0,electronic_check,61.4,438.9,0
2438,7089-ivvaz,female,0,0,0,8,1,yes,fiber_optic,yes,no,no,yes,yes,yes,month-to-month,1,bank_transfer_(automatic),103.35,847.3,1
2439,8884-mrnsu,male,0,1,1,17,1,no,no,no_internet_service,no_internet_service,no_internet_service,no_internet_service,no_internet_service,no_internet_service,one_year,0,bank_transfer_(automatic),19.9,329.75,0
2440,2171-udmfd,male,0,1,1,32,1,no,no,no_internet_service,no_internet_service,no_internet_service,no_internet_service,no_internet_service,no_internet_service,month-to-month,1,credit_card_(automatic),19.45,674.55,0
2441,9050-ikdza,female,1,0,0,2,1,no,fiber_optic,no,no,no,no,yes,no,month-to-month,0,mailed_check,81.5,162.55,0
2442,2205-ymzzj,male,1,0,0,7,1,yes,fiber_optic,no,no,no,no,yes,no,month-to-month,1,electronic_check,84.8,546.95,1
2443,9802-caqut,female,0,1,1,72,1,yes,fiber_optic,yes,yes,yes,no,yes,yes,two_year,0,credit_card_(automatic),109.55,7887.25,0
2444,1254-izeyf,female,1,0,0,31,1,yes,fiber_optic,no,yes,no,no,yes,yes,month-to-month,1,electronic_check,99.95,3186.65,1
2445,0187-wznab,female,0,1,1,27,1,no,fiber_optic,yes,no,no,no,no,no,month-to-month,0,mailed_check,74.4,1972.35,0
2446,9492-tokri,female,0,0,0,18,1,yes,fiber_optic,no,yes,no,no,yes,no,month-to-month,1,credit_card_(automatic),90.0,1527.35,1
2447,1475-vwvdo,male,0,0,0,7,1,no,fiber_optic,no,no,yes,no,no,no,month-to-month,1,electronic_check,74.9,490.55,0
2448,9221-otivj,female,1,0,0,14,1,yes,fiber_optic,no,yes,yes,no,yes,yes,month-to-month,1,electronic_check,104.85,1531.4,1
2449,1357-mvdoz,male,0,1,1,11,1,no,dsl,no,no,yes,no,yes,no,month-to-month,1,bank_transfer_(automatic),59.65,683.25,0
2450,7602-mvrmb,female,0,1,1,72,1,yes,fiber_optic,yes,no,yes,yes,yes,yes,two_year,1,bank_transfer_(automatic),110.45,8058.85,0
2451,3325-fuycg,male,0,1,1,28,1,yes,fiber_optic,yes,yes,no,no,yes,yes,one_year,0,electronic_check,106.1,2847.4,1
2452,5908-qmgoe,male,1,0,0,15,1,yes,fiber_optic,no,no,no,no,no,no,month-to-month,1,credit_card_(automatic),74.2,1133.9,1
2453,1197-bvmvg,female,1,0,0,4,1,yes,fiber_optic,no,no,no,no,no,no,month-to-month,1,electronic_check,74.45,294.45,0
2454,5406-kgrmx,female,0,0,0,71,1,yes,no,no_internet_service,no_internet_service,no_internet_service,no_internet_service,no_internet_service,no_internet_service,two_year,0,electronic_check,24.55,1719.15,0
2455,8481-yyxwg,female,0,0,0,5,1,no,fiber_optic,no,yes,no,yes,no,yes,month-to-month,1,electronic_check,89.35,461.7,1
2456,5968-hyjrz,male,0,1,1,47,1,yes,no,no_internet_service,no_internet_service,no_internet_service,no_internet_service,no_internet_service,no_internet_service,two_year,0,mailed_check,24.55,1160.45,0
2457,5198-efnbm,male,1,1,0,57,1,no,fiber_optic,no,yes,yes,no,yes,no,one_year,1,electronic_check,90.65,5199.8,0
2458,7516-gmhuv,male,1,1,0,50,1,yes,fiber_optic,yes,no,yes,no,yes,yes,two_year,1,credit_card_(automatic),105.05,5163.3,0
2459,7140-adsmj,male,0,0,0,8,1,no,no,no_internet_service,no_internet_service,no_internet_service,no_internet_service,no_internet_service,no_internet_service,month-to-month,1,credit_card_(automatic),20.45,162.3,0
2460,2230-xtuwl,female,0,1,1,48,1,no,no,no_internet_service,no_internet_service,no_internet_service,no_internet_service,no_internet_service,no_internet_service,two_year,0,mailed_check,19.55,883.35,0
2461,7706-ylmqa,female,0,0,0,70,1,no,no,no_internet_service,no_internet_service,no_internet_service,no_internet_service,no_internet_service,no_internet_service,one_year,0,bank_transfer_(automatic),19.7,1341.5,0
2462,2585-ktfre,male,0,0,1,1,1,no,dsl,yes,yes,no,yes,no,yes,month-to-month,1,bank_transfer_(automatic),70.45,70.45,0
2463,7994-uyivz,male,0,1,0,8,1,yes,fiber_optic,no,no,no,no,no,yes,month-to-month,1,bank_transfer_(automatic),85.65,659.45,0
2464,2609-iaicy,female,0,0,0,1,1,yes,fiber_optic,no,no,no,no,no,no,month-to-month,1,electronic_check,77.15,77.15,1
2465,1740-csdjp,male,0,0,0,1,0,no_phone_service,dsl,no,no,no,no,no,yes,month-to-month,1,bank_transfer_(automatic),35.25,35.25,1
2466,7717-bicxi,male,0,1,1,60,1,no,no,no_internet_service,no_internet_service,no_internet_service,no_internet_service,no_internet_service,no_internet_service,two_year,0,mailed_check,20.55,1205.05,0
2467,6559-rakoz,male,0,1,1,49,1,yes,fiber_optic,no,no,no,yes,yes,yes,one_year,1,electronic_check,97.95,4917.9,0
2468,2636-ohfmn,male,0,1,0,4,0,no_phone_service,dsl,no,yes,no,no,yes,yes,month-to-month,1,electronic_check,48.55,201.0,1
2469,4716-mrven,female,0,0,0,29,1,no,no,no_internet_service,no_internet_service,no_internet_service,no_internet_service,no_internet_service,no_internet_service,one_year,0,mailed_check,20.0,599.3,0
2470,2143-ljult,female,0,1,0,67,1,yes,no,no_internet_service,no_internet_service,no_internet_service,no_internet_service,no_internet_service,no_internet_service,two_year,1,credit_card_(automatic),25.25,1733.15,0
2471,1323-ooepc,female,0,1,0,53,1,yes,fiber_optic,no,yes,no,no,yes,yes,month-to-month,1,credit_card_(automatic),98.4,5149.5,1
2472,3200-mnqtf,male,0,1,0,67,1,yes,dsl,yes,yes,yes,yes,no,no,two_year,0,credit_card_(automatic),70.9,4677.1,0
2473,6164-hxugh,female,0,1,1,6,1,no,no,no_internet_service,no_internet_service,no_internet_service,no_internet_service,no_internet_service,no_internet_service,month-to-month,0,mailed_check,19.85,119.3,0
2474,5630-ixdxv,female,0,0,0,47,1,yes,fiber_optic,no,yes,yes,no,yes,yes,month-to-month,1,electronic_check,106.35,4849.1,0
2475,0320-dwvtu,female,0,0,0,53,1,no,fiber_optic,yes,yes,yes,yes,no,yes,two_year,0,mailed_check,99.5,5424.25,0
2476,9135-mgvpy,male,0,1,0,69,1,no,dsl,yes,yes,yes,yes,yes,yes,two_year,1,mailed_check,84.7,5878.9,0
2477,1212-glhmd,male,0,0,0,3,1,no,fiber_optic,yes,no,no,no,no,yes,month-to-month,1,mailed_check,86.05,244.85,0
2478,7878-jgdkk,male,0,0,0,4,1,no,dsl,no,no,no,no,no,no,month-to-month,0,mailed_check,44.55,220.75,0
2479,1088-auuzz,male,0,1,1,56,1,yes,dsl,yes,yes,no,yes,no,yes,two_year,1,credit_card_(automatic),75.85,4261.2,0
2480,0397-gzbbc,male,1,1,0,59,1,yes,fiber_optic,no,no,no,no,yes,yes,month-to-month,1,bank_transfer_(automatic),93.85,5574.75,1
2481,6614-ywysc,male,1,1,0,61,1,yes,no,no_internet_service,no_internet_service,no_internet_service,no_internet_service,no_internet_service,no_internet_service,two_year,0,bank_transfer_(automatic),25.0,1501.75,0
2482,9588-ozdmq,female,0,1,0,2,1,no,dsl,no,no,no,no,no,no,month-to-month,1,electronic_check,45.0,89.75,0
2483,7641-euyet,male,1,1,1,46,1,yes,fiber_optic,yes,yes,yes,no,yes,no,month-to-month,1,electronic_check,100.7,4541.2,1
2484,6476-epyzr,male,0,1,1,12,1,no,no,no_internet_service,no_internet_service,no_internet_service,no_internet_service,no_internet_service,no_internet_service,month-to-month,0,mailed_check,20.5,255.5,0
2485,9921-zvrhg,female,0,0,0,14,1,yes,fiber_optic,no,no,yes,no,no,no,month-to-month,1,electronic_check,80.45,1072.0,1
2486,1174-fgifn,female,0,1,1,28,1,yes,fiber_optic,no,no,no,yes,no,yes,one_year,1,electronic_check,90.45,2509.25,0
2487,6620-hvduj,male,0,0,0,24,1,no,dsl,yes,yes,no,yes,no,no,month-to-month,0,bank_transfer_(automatic),60.45,1440.75,0
2488,4701-mljpn,male,0,0,0,31,1,no,dsl,no,no,yes,yes,no,no,month-to-month,1,electronic_check,55.25,1715.65,1
2489,1032-maelw,female,0,1,1,68,1,yes,dsl,yes,yes,yes,yes,no,yes,one_year,1,electronic_check,78.45,5333.35,0
2490,7641-tqfhn,male,0,0,1,39,1,yes,fiber_optic,no,no,no,yes,yes,yes,two_year,0,mailed_check,100.55,3895.35,0
2491,1552-tkmxs,female,0,1,0,42,1,no,no,no_internet_service,no_internet_service,no_internet_service,no_internet_service,no_internet_service,no_internet_service,month-to-month,0,credit_card_(automatic),20.35,869.9,0
2492,9206-gvpeq,male,0,1,0,13,0,no_phone_service,dsl,yes,no,no,yes,yes,yes,month-to-month,1,electronic_check,54.45,706.85,1
2493,8622-zlfko,female,0,1,0,6,1,yes,fiber_optic,no,yes,no,no,no,yes,month-to-month,1,electronic_check,90.75,512.25,0
2494,1596-bbvtg,male,0,0,0,35,1,yes,fiber_optic,no,no,no,no,no,no,month-to-month,0,credit_card_(automatic),75.35,2636.05,1
2495,6188-uxbbr,female,0,1,0,38,1,no,no,no_internet_service,no_internet_service,no_internet_service,no_internet_service,no_internet_service,no_internet_service,one_year,1,credit_card_(automatic),20.25,814.75,0
2496,2333-kweww,male,0,0,0,18,1,no,no,no_internet_service,no_internet_service,no_internet_service,no_internet_service,no_internet_service,no_internet_service,two_year,0,credit_card_(automatic),20.05,388.6,0
2497,5702-skuob,female,0,1,0,4,1,no,no,no_internet_service,no_internet_service,no_internet_service,no_internet_service,no_internet_service,no_internet_service,month-to-month,0,mailed_check,19.6,93.45,0
2498,1134-ywtyf,male,0,1,0,27,1,no,dsl,no,yes,no,yes,no,no,month-to-month,1,electronic_check,53.8,1389.85,0
2499,6061-gwwav,male,0,0,1,41,1,no,dsl,yes,yes,yes,no,yes,no,one_year,0,mailed_check,70.2,2894.55,0
2500,0679-tdgak,male,0,1,1,50,1,no,dsl,yes,no,no,yes,yes,yes,one_year,0,electronic_check,75.5,4025.6,0
2501,6585-wcewr,male,0,1,1,72,1,no,no,no_internet_service,no_internet_service,no_internet_service,no_internet_service,no_internet_service,no_internet_service,two_year,0,electronic_check,20.35,1354.4,0
2502,9067-ygsca,female,0,0,0,70,1,yes,no,no_internet_service,no_internet_service,no_internet_service,no_internet_service,no_internet_service,no_internet_service,one_year,0,credit_card_(automatic),26.05,1856.4,0
2503,9067-sqtns,male,0,1,1,44,1,no,no,no_internet_service,no_internet_service,no_internet_service,no_internet_service,no_internet_service,no_internet_service,one_year,0,bank_transfer_(automatic),20.6,926.0,0
2504,8433-wxgna,male,0,0,0,2,1,no,fiber_optic,yes,no,no,no,no,no,month-to-month,1,electronic_check,75.7,189.2,1
2505,1776-spbwv,female,0,1,1,34,1,no,no,no_internet_service,no_internet_service,no_internet_service,no_internet_service,no_internet_service,no_internet_service,one_year,1,bank_transfer_(automatic),20.1,682.1,0
2506,8735-sdufn,female,1,1,0,72,1,yes,no,no_internet_service,no_internet_service,no_internet_service,no_internet_service,no_internet_service,no_internet_service,two_year,0,bank_transfer_(automatic),24.3,1778.7,0
2507,9668-pugnu,male,0,1,0,71,1,yes,no,no_internet_service,no_internet_service,no_internet_service,no_internet_service,no_internet_service,no_internet_service,two_year,1,electronic_check,24.5,1816.2,0
2508,9405-gpbbg,female,0,0,0,64,1,yes,fiber_optic,no,yes,yes,yes,yes,yes,two_year,1,credit_card_(automatic),110.5,7069.25,0
2509,1926-quznn,female,0,1,0,72,1,yes,no,no_internet_service,no_internet_service,no_internet_service,no_internet_service,no_internet_service,no_internet_service,two_year,1,bank_transfer_(automatic),25.25,1841.2,0
2510,3707-gnwhm,male,0,0,0,1,1,yes,fiber_optic,no,no,no,no,no,no,month-to-month,1,mailed_check,74.25,74.25,1
2511,7016-nvric,male,1,1,0,29,1,no,fiber_optic,yes,no,yes,no,no,yes,one_year,0,bank_transfer_(automatic),90.1,2656.7,0
2512,5829-nvsqn,female,0,1,0,23,1,no,dsl,yes,no,yes,yes,no,yes,one_year,1,bank_transfer_(automatic),68.75,1689.45,0
2513,9565-axsmr,male,0,1,1,52,1,no,no,no_internet_service,no_internet_service,no_internet_service,no_internet_service,no_internet_service,no_internet_service,two_year,0,mailed_check,19.2,1054.75,0
2514,8922-liegh,female,1,0,0,25,1,yes,fiber_optic,no,yes,no,no,no,yes,month-to-month,1,electronic_check,89.7,2187.55,1
2515,8869-lihmk,female,0,0,0,64,1,yes,fiber_optic,yes,yes,yes,yes,yes,yes,two_year,1,bank_transfer_(automatic),115.1,7334.05,0
2516,8245-umpyt,female,1,0,0,16,1,yes,fiber_optic,no,no,no,no,yes,yes,month-to-month,1,electronic_check,96.4,1581.2,1
2517,5186-samnz,male,1,0,0,1,1,no,fiber_optic,no,no,no,no,no,no,month-to-month,1,bank_transfer_(automatic),69.5,69.5,1
2518,0447-rxsgd,male,0,0,0,24,1,yes,fiber_optic,no,yes,no,no,yes,yes,month-to-month,1,bank_transfer_(automatic),99.65,2404.85,0
2519,4927-wwooz,male,0,1,0,2,1,yes,fiber_optic,no,no,yes,no,yes,no,month-to-month,1,electronic_check,91.45,171.45,0
2520,5788-ypoeg,female,0,1,1,34,1,no,dsl,yes,yes,yes,yes,yes,yes,two_year,0,mailed_check,84.75,2839.45,0
2521,5373-sfodm,male,1,1,0,36,1,yes,fiber_optic,no,no,no,no,no,yes,month-to-month,1,credit_card_(automatic),85.25,3132.75,1
2522,0661-kbkpa,male,0,1,1,53,1,yes,dsl,no,no,yes,yes,yes,yes,one_year,1,mailed_check,78.75,3942.45,0
2523,9081-wwxkp,female,0,1,1,47,1,no,no,no_internet_service,no_internet_service,no_internet_service,no_internet_service,no_internet_service,no_internet_service,two_year,0,credit_card_(automatic),20.25,873.4,0
2524,0784-zqjzx,male,0,0,1,72,1,no,no,no_internet_service,no_internet_service,no_internet_service,no_internet_service,no_internet_service,no_internet_service,two_year,0,credit_card_(automatic),19.9,1529.65,0
2525,3133-pznsr,male,0,1,1,72,1,yes,fiber_optic,yes,yes,no,yes,no,yes,two_year,1,credit_card_(automatic),97.75,6991.6,0
2526,5766-zjybb,male,0,0,0,1,1,no,no,no_internet_service,no_internet_service,no_internet_service,no_internet_service,no_internet_service,no_internet_service,month-to-month,0,mailed_check,19.4,19.4,1
2527,8931-gjjiq,female,0,0,0,9,1,yes,fiber_optic,no,no,no,no,no,yes,month-to-month,1,electronic_check,83.3,803.3,1
2528,4277-pvran,female,0,0,0,8,1,no,fiber_optic,no,no,no,no,yes,no,month-to-month,1,bank_transfer_(automatic),80.1,679.3,1
2529,0022-tcjci,male,1,0,0,45,1,no,dsl,yes,no,yes,no,no,yes,one_year,0,credit_card_(automatic),62.7,2791.5,1
2530,0722-svsfk,female,0,0,0,7,1,no,fiber_optic,no,no,yes,yes,yes,yes,month-to-month,1,electronic_check,100.4,715.0,0
2531,3612-yvgsj,female,0,1,0,71,1,yes,no,no_internet_service,no_internet_service,no_internet_service,no_internet_service,no_internet_service,no_internet_service,two_year,1,credit_card_(automatic),24.45,1681.6,0
2532,9825-ycxwz,female,1,0,0,41,1,no,fiber_optic,no,no,yes,yes,yes,yes,one_year,1,bank_transfer_(automatic),101.1,4016.2,0
2533,5397-nskqg,male,0,1,1,67,0,no_phone_service,dsl,yes,no,no,no,yes,yes,two_year,0,credit_card_(automatic),50.9,3281.65,0
2534,8565-hbfnn,male,0,1,0,69,1,yes,fiber_optic,yes,yes,yes,yes,no,yes,one_year,1,credit_card_(automatic),107.2,7317.1,0
2535,2000-dhjuy,female,1,1,0,70,1,yes,dsl,yes,yes,yes,yes,yes,yes,two_year,1,bank_transfer_(automatic),92.2,6474.45,0
2536,0203-hhyij,male,0,0,0,25,1,yes,no,no_internet_service,no_internet_service,no_internet_service,no_internet_service,no_internet_service,no_internet_service,one_year,0,bank_transfer_(automatic),25.3,676.35,1
2537,8670-ercjh,male,0,0,0,72,1,yes,fiber_optic,yes,yes,yes,yes,yes,yes,two_year,0,bank_transfer_(automatic),113.4,8164.1,0
2538,7758-ujwys,male,0,1,1,34,0,no_phone_service,dsl,no,no,no,yes,yes,no,two_year,1,electronic_check,40.55,1325.85,0
2539,2050-onydq,female,0,1,1,65,1,yes,no,no_internet_service,no_internet_service,no_internet_service,no_internet_service,no_internet_service,no_internet_service,two_year,0,credit_card_(automatic),26.0,1654.85,0
2540,7055-jcgni,female,0,0,0,70,1,yes,fiber_optic,yes,yes,yes,yes,yes,yes,two_year,1,credit_card_(automatic),111.95,7795.95,0
2541,0739-uuajr,female,0,1,1,72,0,no_phone_service,dsl,yes,no,yes,no,yes,yes,two_year,1,credit_card_(automatic),53.8,3952.45,0
2542,4826-dxmup,male,0,0,1,35,1,no,dsl,no,no,no,yes,yes,yes,one_year,1,mailed_check,72.1,2495.15,0
2543,0952-kmeeh,male,0,0,0,13,1,yes,fiber_optic,yes,no,no,no,yes,yes,month-to-month,0,mailed_check,98.15,1230.25,1
2544,7285-klotr,female,0,1,0,12,1,yes,dsl,yes,no,yes,no,yes,yes,one_year,0,electronic_check,78.85,876.75,0
2545,0654-pqkdw,female,0,1,1,62,1,no,dsl,yes,no,yes,yes,yes,no,one_year,1,bank_transfer_(automatic),70.75,4263.45,0
2546,7175-ntixe,female,0,0,0,25,1,no,dsl,yes,no,no,yes,yes,yes,month-to-month,1,credit_card_(automatic),76.15,1992.95,0
2547,7963-shndt,female,0,0,0,52,0,no_phone_service,dsl,yes,yes,no,yes,no,no,two_year,0,mailed_check,39.1,1982.1,0
2548,9796-bpkiw,male,1,0,0,8,1,no,fiber_optic,no,no,no,no,no,no,month-to-month,1,credit_card_(automatic),69.95,562.7,0
2549,0188-gwfle,male,0,0,0,2,1,no,no,no_internet_service,no_internet_service,no_internet_service,no_internet_service,no_internet_service,no_internet_service,month-to-month,0,mailed_check,20.05,33.7,0
2550,8129-gmvgi,female,0,1,1,56,1,no,no,no_internet_service,no_internet_service,no_internet_service,no_internet_service,no_internet_service,no_internet_service,two_year,0,mailed_check,20.05,1090.1,0
2551,2882-ddzpg,female,0,0,0,12,1,no,no,no_internet_service,no_internet_service,no_internet_service,no_internet_service,no_internet_service,no_internet_service,month-to-month,0,bank_transfer_(automatic),19.45,227.45,0
2552,3547-lqrik,female,0,1,0,47,1,yes,no,no_internet_service,no_internet_service,no_internet_service,no_internet_service,no_internet_service,no_internet_service,one_year,0,electronic_check,26.9,1250.85,0
2553,9137-noqka,male,1,0,0,2,1,no,no,no_internet_service,no_internet_service,no_internet_service,no_internet_service,no_internet_service,no_internet_service,month-to-month,0,electronic_check,19.2,37.2,0
2554,5843-tthgi,female,0,0,0,18,1,no,dsl,no,no,yes,no,no,no,month-to-month,1,mailed_check,50.0,892.7,0
2555,1849-rjyig,female,0,0,0,8,1,no,dsl,yes,no,no,no,yes,no,month-to-month,1,electronic_check,60.0,487.75,0
2556,8868-gagio,male,0,1,0,45,1,yes,fiber_optic,yes,no,yes,no,no,no,month-to-month,1,mailed_check,84.55,3713.95,0
2557,4061-ukjwl,male,0,0,0,3,1,no,dsl,no,no,no,no,no,no,month-to-month,0,mailed_check,45.45,141.7,0
2558,5380-xpjnz,female,0,0,0,38,1,no,no,no_internet_service,no_internet_service,no_internet_service,no_internet_service,no_internet_service,no_internet_service,one_year,0,mailed_check,20.05,678.2,0
2559,8263-qmntj,male,0,1,0,72,1,yes,fiber_optic,yes,yes,yes,yes,yes,yes,two_year,1,electronic_check,115.55,8425.3,0
2560,8178-eyzuo,male,0,0,0,46,1,yes,fiber_optic,yes,yes,no,no,no,yes,month-to-month,1,electronic_check,93.7,4154.8,1
2561,3230-jcnzs,female,0,1,1,71,1,yes,fiber_optic,yes,yes,yes,no,yes,no,two_year,1,credit_card_(automatic),99.0,7061.65,0
2562,0277-orxqs,male,0,1,1,66,0,no_phone_service,dsl,no,no,no,yes,yes,yes,two_year,0,bank_transfer_(automatic),50.55,3364.55,0
2563,5130-iekqt,male,1,0,0,25,1,yes,fiber_optic,no,yes,yes,no,yes,yes,month-to-month,0,mailed_check,105.95,2655.25,1
2564,3230-wykir,male,0,0,0,18,1,yes,dsl,no,no,yes,yes,yes,yes,one_year,1,credit_card_(automatic),82.0,1425.45,1
2565,7996-bpxhy,female,0,1,1,13,1,yes,no,no_internet_service,no_internet_service,no_internet_service,no_internet_service,no_internet_service,no_internet_service,two_year,1,bank_transfer_(automatic),25.0,332.5,0
2566,3227-wlkli,female,0,1,1,65,1,yes,dsl,yes,yes,yes,yes,yes,yes,two_year,0,bank_transfer_(automatic),91.55,5963.95,0
2567,0407-bdjkb,male,0,1,0,60,1,yes,fiber_optic,no,yes,yes,no,yes,no,month-to-month,1,electronic_check,95.75,5742.9,1
2568,2266-fubdz,male,0,1,1,15,1,no,no,no_internet_service,no_internet_service,no_internet_service,no_internet_service,no_internet_service,no_internet_service,two_year,0,mailed_check,19.35,278.85,0
2569,8237-ulixl,female,0,1,0,72,1,yes,no,no_internet_service,no_internet_service,no_internet_service,no_internet_service,no_internet_service,no_internet_service,two_year,0,credit_card_(automatic),24.85,1871.85,0
2570,9600-udopk,male,0,1,0,30,1,yes,fiber_optic,no,no,no,no,yes,yes,month-to-month,1,credit_card_(automatic),94.05,2866.45,1
2571,8216-azuuz,female,0,1,1,42,1,no,fiber_optic,no,no,yes,yes,yes,yes,two_year,1,electronic_check,100.4,4303.65,0
2572,9153-btbvv,female,0,1,0,71,1,yes,no,no_internet_service,no_internet_service,no_internet_service,no_internet_service,no_internet_service,no_internet_service,two_year,0,bank_transfer_(automatic),25.0,1753.0,0
2573,4074-sjffa,female,0,0,0,1,1,no,dsl,no,no,no,no,no,yes,month-to-month,1,mailed_check,54.75,54.75,1
2574,3269-atywd,male,1,0,0,39,1,yes,fiber_optic,no,no,no,no,yes,yes,month-to-month,1,bank_transfer_(automatic),95.65,3759.05,1
2575,5186-peizu,female,0,0,0,35,1,no,no,no_internet_service,no_internet_service,no_internet_service,no_internet_service,no_internet_service,no_internet_service,month-to-month,0,bank_transfer_(automatic),19.25,617.65,0
2576,1074-amioh,female,0,1,1,53,1,no,fiber_optic,no,yes,yes,yes,yes,yes,month-to-month,1,bank_transfer_(automatic),108.25,5935.1,0
2577,4910-gmjot,female,0,0,0,1,1,yes,fiber_optic,no,no,no,no,yes,yes,month-to-month,1,electronic_check,94.6,94.6,1
2578,0354-wyrok,female,1,1,1,31,1,no,fiber_optic,no,no,yes,yes,yes,yes,month-to-month,1,electronic_check,98.9,2911.3,1
2579,4361-febgn,male,0,0,0,48,1,no,no,no_internet_service,no_internet_service,no_internet_service,no_internet_service,no_internet_service,no_internet_service,two_year,0,credit_card_(automatic),20.15,982.95,0
2580,7748-umtrk,female,1,0,1,30,1,yes,fiber_optic,no,no,no,yes,yes,yes,month-to-month,1,electronic_check,101.3,2974.5,0
2581,0380-zcsbi,male,0,0,0,10,1,no,no,no_internet_service,no_internet_service,no_internet_service,no_internet_service,no_internet_service,no_internet_service,month-to-month,0,credit_card_(automatic),20.0,198.7,0
2582,7145-fejwu,female,0,0,1,12,1,yes,fiber_optic,no,yes,yes,no,yes,yes,month-to-month,1,electronic_check,105.3,1275.65,0
2583,6463-mvyry,female,1,0,0,57,1,no,dsl,yes,no,yes,yes,yes,no,two_year,0,bank_transfer_(automatic),69.85,4003.0,0
2584,3969-jqabi,female,0,1,0,58,1,no,dsl,yes,yes,no,no,yes,no,month-to-month,1,credit_card_(automatic),65.25,3791.6,0
2585,9624-egdeq,female,0,0,0,37,1,no,no,no_internet_service,no_internet_service,no_internet_service,no_internet_service,no_internet_service,no_internet_service,two_year,0,mailed_check,19.8,813.3,0
2586,1051-eqpzr,female,0,1,1,44,1,no,no,no_internet_service,no_internet_service,no_internet_service,no_internet_service,no_internet_service,no_internet_service,month-to-month,0,mailed_check,19.6,780.25,0
2587,5849-ashzj,male,0,0,1,27,1,no,no,no_internet_service,no_internet_service,no_internet_service,no_internet_service,no_internet_service,no_internet_service,one_year,0,credit_card_(automatic),20.05,552.9,0
2588,5780-inqik,female,0,0,0,8,1,no,dsl,no,no,no,yes,no,no,month-to-month,0,electronic_check,49.4,408.25,0
2589,7576-oywbn,male,1,0,0,3,1,yes,fiber_optic,no,no,no,no,no,no,month-to-month,1,electronic_check,76.05,231.8,1
2590,4526-zjjtm,female,1,1,0,25,1,no,fiber_optic,no,yes,yes,no,no,yes,month-to-month,0,bank_transfer_(automatic),88.4,2191.15,0
2591,8384-fzbjk,female,0,1,1,57,1,yes,fiber_optic,no,yes,no,no,yes,yes,month-to-month,1,electronic_check,100.6,5611.7,0
2592,3750-rnqkr,female,0,0,0,12,1,no,no,no_internet_service,no_internet_service,no_internet_service,no_internet_service,no_internet_service,no_internet_service,month-to-month,0,mailed_check,19.45,246.25,0
2593,0962-cqpwq,female,0,1,1,62,1,no,no,no_internet_service,no_internet_service,no_internet_service,no_internet_service,no_internet_service,no_internet_service,two_year,0,bank_transfer_(automatic),20.3,1296.15,0
2594,3096-yxenj,female,0,1,0,65,1,yes,fiber_optic,no,yes,yes,yes,yes,yes,two_year,1,bank_transfer_(automatic),107.65,7082.85,0
2595,1265-bcfeo,female,0,1,0,71,1,yes,dsl,no,no,yes,yes,yes,yes,two_year,1,bank_transfer_(automatic),80.45,5662.25,0
2596,5837-lxsdn,female,0,1,1,21,1,no,dsl,no,yes,no,no,yes,no,one_year,1,credit_card_(automatic),58.85,1215.45,0
2597,5945-azyht,male,0,1,0,71,1,yes,fiber_optic,yes,yes,yes,no,yes,yes,one_year,1,electronic_check,109.6,7854.15,0
2598,8325-qrpzr,female,0,0,0,7,1,no,fiber_optic,no,no,yes,no,no,no,month-to-month,1,electronic_check,75.15,525.0,0
2599,6384-vmjhp,female,0,0,0,72,1,no,dsl,yes,yes,yes,yes,no,yes,two_year,1,credit_card_(automatic),73.0,5265.2,0
2600,2262-slnvk,female,0,0,0,1,1,no,fiber_optic,no,no,no,no,no,no,month-to-month,0,electronic_check,70.1,70.1,0
2601,7730-cldsv,female,0,1,1,72,1,yes,fiber_optic,no,yes,yes,yes,no,yes,two_year,1,bank_transfer_(automatic),98.65,7129.45,0
2602,1135-hiori,female,0,1,1,64,1,yes,fiber_optic,no,yes,yes,yes,yes,yes,one_year,1,electronic_check,111.45,7266.95,0
2603,0164-apgrb,female,0,0,0,72,1,yes,fiber_optic,yes,yes,yes,yes,yes,yes,two_year,1,electronic_check,114.9,8496.7,0
2604,6481-escnl,female,0,0,0,29,1,yes,fiber_optic,no,no,yes,no,yes,yes,month-to-month,0,bank_transfer_(automatic),100.55,2878.75,0
2605,1790-nesio,female,0,0,0,13,1,no,no,no_internet_service,no_internet_service,no_internet_service,no_internet_service,no_internet_service,no_internet_service,two_year,1,mailed_check,20.4,261.3,0
2606,1550-eenbn,female,0,0,0,31,1,yes,fiber_optic,yes,yes,no,no,yes,yes,month-to-month,0,electronic_check,104.35,3205.6,0
2607,5539-tmzlf,male,1,0,0,1,1,no,fiber_optic,no,no,no,no,no,no,month-to-month,1,electronic_check,69.75,69.75,1
2608,4323-sadqs,male,0,1,1,7,0,no_phone_service,dsl,yes,no,no,yes,no,no,month-to-month,1,electronic_check,34.5,279.25,1
2609,4446-bzkhu,male,0,1,0,61,1,yes,fiber_optic,no,yes,yes,no,yes,yes,month-to-month,1,electronic_check,105.55,6281.45,1
2610,5202-ivjnu,female,0,0,1,39,0,no_phone_service,dsl,no,no,yes,no,no,no,month-to-month,0,credit_card_(automatic),30.1,1131.3,1
2611,5976-jcjrh,male,0,1,0,10,1,no,fiber_optic,no,no,no,no,no,no,month-to-month,1,electronic_check,70.3,738.2,1
2612,8198-rkszg,female,0,1,1,14,1,yes,dsl,no,yes,no,yes,yes,yes,month-to-month,0,credit_card_(automatic),80.45,1137.05,0
2613,0137-ocgab,female,0,0,0,1,1,yes,fiber_optic,no,yes,no,no,no,no,month-to-month,1,mailed_check,80.2,80.2,1
2614,3351-nqldi,female,0,1,1,67,1,yes,fiber_optic,yes,no,no,yes,no,yes,one_year,1,credit_card_(automatic),94.35,6341.45,1
2615,9297-eoncv,female,0,0,0,72,1,yes,dsl,yes,yes,yes,yes,yes,yes,two_year,1,bank_transfer_(automatic),91.35,6697.2,0
2616,7593-jnwru,male,0,1,1,6,1,no,dsl,no,no,no,no,no,no,month-to-month,1,bank_transfer_(automatic),44.6,260.8,1
2617,4588-ybnib,female,0,0,0,1,1,no,no,no_internet_service,no_internet_service,no_internet_service,no_internet_service,no_internet_service,no_internet_service,month-to-month,1,mailed_check,19.6,19.6,1
2618,1069-qjoee,male,0,1,1,25,1,no,no,no_internet_service,no_internet_service,no_internet_service,no_internet_service,no_internet_service,no_internet_service,one_year,0,electronic_check,19.9,505.45,0
2619,3336-jorso,female,1,0,0,33,1,yes,fiber_optic,no,yes,yes,yes,yes,yes,month-to-month,1,electronic_check,110.45,3655.45,1
2620,7799-dsews,male,0,0,0,18,1,no,dsl,yes,no,yes,yes,yes,no,month-to-month,1,electronic_check,68.35,1299.8,0
2621,8766-pafne,male,0,1,0,71,1,no,dsl,no,yes,yes,yes,yes,yes,two_year,1,credit_card_(automatic),79.1,5564.85,0
2622,5315-ckeqk,male,1,1,1,28,1,yes,dsl,no,no,no,no,no,no,one_year,1,electronic_check,51.0,1381.8,0
2623,3130-icdup,female,0,0,1,2,1,yes,fiber_optic,yes,no,no,no,no,no,month-to-month,0,credit_card_(automatic),80.55,188.1,0
2624,0820-fnrnx,male,0,1,1,17,1,yes,dsl,no,yes,yes,yes,no,no,month-to-month,1,mailed_check,66.7,1077.05,0
2625,0880-fvfwf,male,0,0,0,56,1,yes,fiber_optic,yes,yes,no,no,no,no,month-to-month,1,electronic_check,86.4,4922.4,0
2626,4611-anlqc,female,0,1,0,60,0,no_phone_service,dsl,yes,yes,yes,no,no,yes,one_year,0,electronic_check,50.05,2911.5,0
2627,4213-hkbjo,female,0,0,0,33,1,yes,no,no_internet_service,no_internet_service,no_internet_service,no_internet_service,no_internet_service,no_internet_service,two_year,0,credit_card_(automatic),25.7,826.1,0
2628,2792-lshwx,female,0,0,0,1,1,no,fiber_optic,yes,yes,no,yes,no,no,month-to-month,1,mailed_check,83.4,83.4,0
2629,5028-gzldo,male,0,0,0,2,1,no,fiber_optic,no,no,no,no,no,no,month-to-month,0,credit_card_(automatic),70.7,140.7,1
2630,0014-bmaqu,male,0,1,0,63,1,yes,fiber_optic,yes,no,no,yes,no,no,two_year,1,credit_card_(automatic),84.65,5377.8,0
2631,6861-xwtwq,male,1,1,0,7,1,yes,fiber_optic,no,no,yes,no,yes,yes,month-to-month,1,electronic_check,99.25,665.45,1
2632,9018-pciok,female,0,0,0,55,1,no,dsl,no,yes,yes,no,no,yes,two_year,1,mailed_check,64.75,3617.1,0
2633,4837-qusft,female,0,1,0,65,1,yes,fiber_optic,yes,yes,no,yes,yes,no,one_year,1,bank_transfer_(automatic),100.15,6643.5,0
2634,6877-tjmbr,male,0,1,0,1,1,no,fiber_optic,no,no,no,yes,yes,no,month-to-month,1,electronic_check,84.8,84.8,1
2635,9953-zmksm,male,0,0,0,63,1,yes,no,no_internet_service,no_internet_service,no_internet_service,no_internet_service,no_internet_service,no_internet_service,two_year,0,mailed_check,25.25,1559.3,0
2636,0907-hqnts,female,1,1,0,70,1,yes,fiber_optic,yes,yes,yes,yes,yes,yes,two_year,1,credit_card_(automatic),113.0,7987.6,0
2637,7665-nklav,female,0,1,1,36,0,no_phone_service,dsl,yes,no,yes,yes,no,no,two_year,0,credit_card_(automatic),40.65,1547.35,0
2638,6769-dcqli,male,0,0,0,52,1,no,fiber_optic,no,yes,yes,yes,yes,yes,one_year,1,bank_transfer_(automatic),105.0,5426.85,1
2639,2433-kmeas,male,0,0,0,22,1,yes,dsl,yes,no,no,no,no,no,month-to-month,1,electronic_check,54.45,1127.35,1
2640,4391-lnrxk,male,0,0,0,22,1,no,fiber_optic,no,yes,yes,yes,no,yes,month-to-month,1,bank_transfer_(automatic),94.95,2142.8,0
2641,8250-znggw,female,1,0,0,5,1,no,dsl,yes,yes,no,yes,no,no,month-to-month,0,credit_card_(automatic),59.9,287.85,0
2642,2195-zrvax,female,0,1,0,47,1,no,fiber_optic,no,no,yes,no,no,yes,month-to-month,1,electronic_check,85.3,4045.65,1
2643,3550-sahfp,female,0,0,0,33,1,yes,fiber_optic,no,no,no,no,no,yes,month-to-month,1,electronic_check,83.35,2757.85,1
2644,2011-trqye,male,0,0,0,18,0,no_phone_service,dsl,no,yes,yes,no,no,no,month-to-month,1,credit_card_(automatic),33.5,600.0,1
2645,8562-ghppi,female,0,0,0,1,1,no,no,no_internet_service,no_internet_service,no_internet_service,no_internet_service,no_internet_service,no_internet_service,month-to-month,0,credit_card_(automatic),19.8,19.8,0
2646,5893-pyolz,male,0,0,0,56,1,no,dsl,no,yes,yes,yes,yes,yes,two_year,1,credit_card_(automatic),81.8,4534.45,0
2647,4986-mxsfp,female,0,0,0,2,1,no,no,no_internet_service,no_internet_service,no_internet_service,no_internet_service,no_internet_service,no_internet_service,month-to-month,1,mailed_check,20.0,40.9,0
2648,6131-foyas,male,0,0,0,35,1,yes,dsl,yes,no,yes,no,no,no,month-to-month,1,electronic_check,59.6,2094.9,0
2649,3027-ynwzu,female,0,1,0,64,1,yes,no,no_internet_service,no_internet_service,no_internet_service,no_internet_service,no_internet_service,no_internet_service,two_year,0,credit_card_(automatic),25.0,1584.8,0
2650,5609-imcgg,female,0,0,0,15,1,yes,fiber_optic,yes,no,yes,no,no,no,month-to-month,1,credit_card_(automatic),84.35,1302.65,0
2651,4873-ilolj,male,0,0,0,24,1,no,fiber_optic,no,no,no,no,yes,yes,month-to-month,1,electronic_check,90.35,2238.5,1
2652,4727-mcyzg,male,0,0,0,1,1,no,dsl,no,no,no,no,no,yes,month-to-month,0,mailed_check,55.55,55.55,0
2653,9481-whgwy,female,0,1,1,70,1,no,dsl,yes,no,no,yes,yes,yes,two_year,0,credit_card_(automatic),75.35,5437.75,0
2654,2725-kxxwt,male,0,1,0,1,1,no,fiber_optic,no,no,no,no,yes,yes,month-to-month,1,electronic_check,90.75,90.75,1
2655,9565-djpib,female,0,0,1,4,1,yes,fiber_optic,no,yes,no,no,yes,no,month-to-month,0,mailed_check,89.6,365.65,1
2656,4328-vufwd,female,0,0,0,39,1,no,dsl,no,no,no,yes,no,yes,one_year,0,electronic_check,59.3,2209.15,0
2657,3301-lslwq,female,0,0,0,29,1,yes,dsl,yes,no,no,no,no,yes,month-to-month,1,electronic_check,66.1,1912.15,0
2658,7473-zbdsn,female,0,1,1,14,1,no,no,no_internet_service,no_internet_service,no_internet_service,no_internet_service,no_internet_service,no_internet_service,two_year,0,mailed_check,18.8,255.55,0
2659,3166-pneof,female,0,0,0,61,1,yes,dsl,yes,no,yes,yes,yes,yes,two_year,0,credit_card_(automatic),86.45,5175.3,0
2660,5639-ntupk,male,0,0,1,13,1,no,dsl,yes,no,no,no,no,no,month-to-month,1,credit_card_(automatic),52.1,670.65,0
2661,8780-yrmtt,female,0,0,0,66,0,no_phone_service,dsl,yes,yes,yes,yes,no,no,two_year,1,mailed_check,47.4,3177.25,0
2662,8348-hfyiv,male,0,0,0,2,0,no_phone_service,dsl,no,no,yes,no,yes,yes,month-to-month,1,electronic_check,49.25,90.35,1
2663,5140-fomcq,female,0,1,0,59,1,yes,fiber_optic,yes,yes,yes,no,yes,yes,one_year,1,credit_card_(automatic),109.15,6557.75,0
2664,6242-sgyts,male,0,1,1,62,1,yes,fiber_optic,yes,yes,no,no,yes,no,one_year,1,credit_card_(automatic),94.95,5791.85,0
2665,8166-orchu,male,1,1,0,33,1,no,fiber_optic,yes,yes,no,yes,no,yes,one_year,1,electronic_check,93.55,3055.5,0
2666,8414-ooeel,male,0,0,1,66,1,no,dsl,no,yes,yes,yes,yes,yes,two_year,1,credit_card_(automatic),79.5,5196.1,0
2667,8454-aatjp,female,0,0,0,72,1,yes,fiber_optic,yes,yes,yes,yes,yes,yes,two_year,0,credit_card_(automatic),115.05,8405.0,0
2668,6849-wleyg,male,0,0,1,1,1,no,no,no_internet_service,no_internet_service,no_internet_service,no_internet_service,no_internet_service,no_internet_service,month-to-month,0,mailed_check,19.75,19.75,1
2669,4659-nzruf,female,0,0,0,19,1,yes,fiber_optic,yes,yes,no,no,no,yes,month-to-month,1,electronic_check,95.15,1789.25,1
2670,4531-auznk,female,0,1,1,51,1,yes,fiber_optic,yes,no,no,yes,yes,no,one_year,1,mailed_check,95.15,5000.05,0
2671,4191-xovom,male,0,0,0,63,1,yes,fiber_optic,no,yes,no,yes,yes,yes,month-to-month,0,electronic_check,105.4,6713.2,0
2672,2150-oegbv,male,0,0,0,27,1,no,no,no_internet_service,no_internet_service,no_internet_service,no_internet_service,no_internet_service,no_internet_service,one_year,0,bank_transfer_(automatic),20.1,562.6,0
2673,8429-xibum,male,0,0,0,22,1,yes,fiber_optic,yes,no,no,no,yes,yes,month-to-month,1,bank_transfer_(automatic),101.35,2317.1,1
2674,1855-cfulu,female,1,0,0,4,1,no,no,no_internet_service,no_internet_service,no_internet_service,no_internet_service,no_internet_service,no_internet_service,month-to-month,0,mailed_check,20.05,91.45,0
2675,4878-bunfv,male,0,1,1,42,1,no,no,no_internet_service,no_internet_service,no_internet_service,no_internet_service,no_internet_service,no_internet_service,two_year,0,mailed_check,20.7,828.85,0
2676,1872-ebwsc,female,0,0,0,29,1,no,no,no_internet_service,no_internet_service,no_internet_service,no_internet_service,no_internet_service,no_internet_service,one_year,0,mailed_check,20.35,617.35,0
2677,2608-bhkfn,female,0,0,0,4,1,no,fiber_optic,no,no,no,no,no,no,month-to-month,1,credit_card_(automatic),70.05,266.9,1
2678,7026-ymsbe,male,0,0,0,30,1,no,no,no_internet_service,no_internet_service,no_internet_service,no_internet_service,no_internet_service,no_internet_service,one_year,0,mailed_check,19.7,625.05,0
2679,7341-lxcaf,male,0,1,0,4,1,yes,fiber_optic,no,no,no,no,no,no,month-to-month,1,electronic_check,74.65,301.4,1
2680,6997-uvgox,male,0,1,1,71,1,no,dsl,yes,yes,yes,yes,yes,yes,two_year,0,bank_transfer_(automatic),85.45,6029.9,0
2681,9674-ehppg,male,0,1,0,46,0,no_phone_service,dsl,yes,no,yes,yes,no,no,two_year,0,credit_card_(automatic),40.4,1842.7,0
2682,9462-mjuaw,male,0,0,0,4,1,yes,dsl,no,no,no,no,no,no,month-to-month,0,mailed_check,50.4,206.6,1
2683,8128-yvjrg,female,0,0,0,7,1,yes,fiber_optic,yes,no,no,no,no,no,month-to-month,1,mailed_check,79.65,604.7,1
2684,5440-vhlul,male,0,0,0,69,1,yes,fiber_optic,no,yes,no,yes,yes,yes,one_year,1,bank_transfer_(automatic),105.2,7386.05,0
2685,5781-bkhop,female,0,1,0,72,1,yes,fiber_optic,yes,yes,yes,no,yes,no,two_year,0,bank_transfer_(automatic),100.65,7334.05,0
2686,4283-futgf,male,1,0,0,19,1,yes,fiber_optic,no,no,yes,no,no,no,month-to-month,1,electronic_check,79.85,1471.75,1
2687,5213-twwju,male,0,0,0,28,1,no,fiber_optic,no,no,yes,yes,no,yes,month-to-month,0,electronic_check,91.0,2626.15,0
2688,1569-ttnyj,male,0,1,0,5,1,yes,fiber_optic,no,yes,no,no,no,no,month-to-month,1,electronic_check,78.75,412.1,1
2689,8628-mfkax,female,1,1,0,72,1,yes,fiber_optic,yes,yes,yes,yes,yes,yes,two_year,1,credit_card_(automatic),116.75,8277.05,0
2690,2397-brlom,male,1,1,1,8,1,no,fiber_optic,no,no,no,no,yes,no,month-to-month,1,credit_card_(automatic),80.45,583.45,1
2691,7629-wixzf,female,0,0,0,7,1,no,dsl,yes,no,no,no,no,yes,one_year,1,electronic_check,59.1,369.25,0
2692,5445-glvot,female,0,0,0,22,1,no,dsl,yes,no,no,no,no,no,month-to-month,1,electronic_check,49.8,1049.05,0
2693,3976-hxhce,male,0,0,0,72,1,no,no,no_internet_service,no_internet_service,no_internet_service,no_internet_service,no_internet_service,no_internet_service,two_year,0,bank_transfer_(automatic),19.3,1414.8,0
2694,2466-nejoj,male,0,1,1,8,1,no,no,no_internet_service,no_internet_service,no_internet_service,no_internet_service,no_internet_service,no_internet_service,month-to-month,0,credit_card_(automatic),19.65,169.75,0
2695,0254-kcjgt,male,0,1,0,52,1,yes,dsl,yes,yes,yes,yes,no,yes,one_year,1,credit_card_(automatic),81.4,4354.45,0
2696,5472-cvmdx,female,0,0,0,68,0,no_phone_service,dsl,yes,no,yes,yes,no,no,two_year,0,mailed_check,38.9,2719.2,0
2697,6461-szmcv,female,0,1,0,71,1,yes,dsl,yes,yes,yes,yes,yes,yes,two_year,0,bank_transfer_(automatic),87.95,6365.35,0
2698,8150-qudfx,male,0,0,0,2,1,no,no,no_internet_service,no_internet_service,no_internet_service,no_internet_service,no_internet_service,no_internet_service,month-to-month,0,mailed_check,19.85,51.6,0
2699,9508-ilzdg,female,1,0,0,34,1,yes,fiber_optic,no,yes,no,yes,yes,no,month-to-month,1,electronic_check,96.35,3190.25,0
2700,2346-djqtb,female,0,0,0,35,0,no_phone_service,dsl,no,no,no,no,no,no,month-to-month,0,electronic_check,24.15,812.5,0
2701,1697-lyyyx,female,0,1,1,61,1,no,no,no_internet_service,no_internet_service,no_internet_service,no_internet_service,no_internet_service,no_internet_service,one_year,0,credit_card_(automatic),19.1,1143.8,0
2702,1942-oqfrw,male,0,0,0,1,1,no,dsl,no,no,no,no,no,no,month-to-month,0,electronic_check,44.0,44.0,0
2703,4749-vfkvb,female,0,0,0,1,1,yes,dsl,no,no,no,no,no,no,month-to-month,1,mailed_check,50.1,50.1,1
2704,9640-zsldc,female,0,1,1,53,1,no,dsl,no,no,yes,no,no,yes,one_year,0,credit_card_(automatic),60.6,3297.0,0
2705,4231-lzuym,female,0,1,0,72,1,yes,no,no_internet_service,no_internet_service,no_internet_service,no_internet_service,no_internet_service,no_internet_service,two_year,0,bank_transfer_(automatic),25.65,1887.0,0
2706,7598-uaasy,male,0,1,0,2,1,no,fiber_optic,no,no,yes,no,no,no,month-to-month,0,electronic_check,76.4,151.8,1
2707,7938-ouhio,male,0,0,0,3,1,no,fiber_optic,no,no,yes,yes,yes,yes,month-to-month,1,electronic_check,98.7,293.65,1
2708,8510-awcxc,female,1,0,0,13,1,yes,fiber_optic,yes,no,no,no,yes,yes,month-to-month,1,electronic_check,100.8,1308.1,1
2709,6128-aqbmt,male,1,1,0,41,0,no_phone_service,dsl,no,yes,yes,no,yes,yes,month-to-month,1,electronic_check,53.95,2215.4,0
2710,3594-bdsoa,female,0,1,0,24,1,no,no,no_internet_service,no_internet_service,no_internet_service,no_internet_service,no_internet_service,no_internet_service,one_year,0,credit_card_(automatic),20.4,482.8,0
2711,0431-apwvy,female,0,1,1,28,1,no,fiber_optic,no,no,no,no,yes,yes,one_year,1,bank_transfer_(automatic),90.1,2598.95,1
2712,5133-vrsab,male,0,0,0,8,0,no_phone_service,dsl,yes,no,no,no,no,no,month-to-month,0,mailed_check,29.35,216.45,0
2713,5996-daoql,male,0,0,0,1,1,no,no,no_internet_service,no_internet_service,no_internet_service,no_internet_service,no_internet_service,no_internet_service,month-to-month,1,mailed_check,20.45,20.45,0
2714,6838-yauvy,female,0,0,0,54,1,yes,fiber_optic,no,no,yes,yes,no,yes,two_year,1,bank_transfer_(automatic),95.1,5064.85,0
2715,0484-jpbru,male,0,0,0,41,1,yes,no,no_internet_service,no_internet_service,no_internet_service,no_internet_service,no_internet_service,no_internet_service,month-to-month,1,bank_transfer_(automatic),25.25,996.45,0
2716,7883-rojoc,female,0,1,0,19,1,no,dsl,no,no,no,no,no,no,month-to-month,0,mailed_check,44.9,839.65,0
2717,0244-lgnfy,female,0,1,1,72,1,yes,dsl,yes,yes,yes,yes,yes,yes,two_year,0,bank_transfer_(automatic),92.65,6733.0,0
2718,7274-cgtod,male,0,0,0,62,0,no_phone_service,dsl,yes,yes,yes,yes,no,no,two_year,1,bank_transfer_(automatic),43.7,2618.3,0
2719,4295-yuret,female,1,1,1,56,1,no,dsl,yes,no,no,yes,yes,yes,two_year,1,credit_card_(automatic),72.6,4084.35,0
2720,3426-niyyl,male,0,0,0,15,1,yes,dsl,no,no,no,no,no,no,month-to-month,0,electronic_check,51.55,765.5,1
2721,8225-btjau,male,1,0,0,10,1,no,fiber_optic,no,no,no,no,no,yes,month-to-month,1,electronic_check,79.25,793.55,1
2722,4635-ejypd,male,0,1,1,32,1,no,no,no_internet_service,no_internet_service,no_internet_service,no_internet_service,no_internet_service,no_internet_service,two_year,0,mailed_check,18.95,613.95,0
2723,1866-zsljm,male,0,0,0,21,1,no,no,no_internet_service,no_internet_service,no_internet_service,no_internet_service,no_internet_service,no_internet_service,month-to-month,0,credit_card_(automatic),20.5,402.85,0
2724,4636-tvxvg,male,0,1,1,62,1,no,no,no_internet_service,no_internet_service,no_internet_service,no_internet_service,no_internet_service,no_internet_service,one_year,0,bank_transfer_(automatic),19.95,1244.8,0
2725,4236-ujpwo,female,0,0,0,2,0,no_phone_service,dsl,no,no,no,no,no,no,month-to-month,0,electronic_check,24.5,46.4,0
2726,9392-xbgtd,male,0,0,1,27,1,no,no,no_internet_service,no_internet_service,no_internet_service,no_internet_service,no_internet_service,no_internet_service,two_year,0,mailed_check,20.6,581.85,0
2727,3387-vatus,male,0,0,0,5,1,yes,fiber_optic,no,no,no,no,yes,yes,month-to-month,1,bank_transfer_(automatic),94.85,462.8,1
2728,6402-ssejg,female,0,0,0,25,0,no_phone_service,dsl,yes,yes,yes,no,yes,yes,one_year,0,electronic_check,61.05,1540.2,0
2729,1143-nmnqj,female,0,0,0,2,1,yes,fiber_optic,no,no,no,no,no,yes,month-to-month,1,electronic_check,85.7,169.8,1
2730,1169-saocl,male,0,0,0,49,1,yes,fiber_optic,no,yes,no,yes,yes,yes,one_year,1,bank_transfer_(automatic),106.65,5168.1,0
2731,1110-kylgq,female,0,0,0,63,1,yes,fiber_optic,yes,yes,yes,no,yes,yes,month-to-month,0,credit_card_(automatic),108.25,6780.1,0
2732,9929-plvpa,female,0,0,1,4,1,no,no,no_internet_service,no_internet_service,no_internet_service,no_internet_service,no_internet_service,no_internet_service,month-to-month,0,credit_card_(automatic),20.4,94.5,0
2733,3518-pzxzq,female,0,1,0,1,1,no,dsl,no,no,no,no,yes,no,month-to-month,1,mailed_check,55.3,55.3,0
2734,2371-jungc,male,0,0,0,11,1,no,no,no_internet_service,no_internet_service,no_internet_service,no_internet_service,no_internet_service,no_internet_service,month-to-month,0,mailed_check,20.25,208.0,0
2735,7693-qpefs,male,1,0,0,52,1,yes,fiber_optic,no,no,no,no,no,no,month-to-month,1,bank_transfer_(automatic),72.95,3829.75,0
2736,0924-bjcrc,female,1,1,0,60,1,yes,fiber_optic,no,yes,no,no,no,yes,month-to-month,0,electronic_check,89.45,5294.6,0
2737,5074-fbghb,male,0,0,0,64,1,yes,fiber_optic,no,no,yes,yes,yes,yes,one_year,1,credit_card_(automatic),104.65,6889.8,0
2738,2351-bkrzw,female,0,1,1,43,1,no,dsl,yes,no,yes,no,yes,yes,two_year,0,bank_transfer_(automatic),75.2,3254.35,0
2739,4455-bfspd,female,0,1,0,61,1,yes,fiber_optic,no,no,no,yes,yes,yes,one_year,0,bank_transfer_(automatic),101.15,6383.9,0
2740,0415-mosgf,female,0,0,0,1,1,no,dsl,no,no,no,no,no,no,month-to-month,0,mailed_check,44.4,44.4,1
2741,1724-bquha,male,1,0,0,5,1,no,fiber_optic,no,no,no,no,yes,yes,month-to-month,1,electronic_check,89.5,477.7,1
2742,3948-kxduf,male,0,0,0,66,1,yes,dsl,yes,yes,yes,yes,no,no,two_year,0,bank_transfer_(automatic),68.75,4447.55,0
2743,2323-arsvr,male,0,1,0,67,1,no,fiber_optic,yes,yes,yes,yes,yes,yes,two_year,1,electronic_check,111.05,7321.05,0
2744,0815-mfzgm,female,0,1,0,42,1,no,fiber_optic,no,no,yes,yes,yes,yes,two_year,1,credit_card_(automatic),99.0,4135.0,0
2745,4826-xtsoh,male,1,1,0,1,1,yes,fiber_optic,no,no,no,no,yes,no,month-to-month,1,electronic_check,86.05,86.05,1
2746,5480-xtffl,female,0,1,1,31,1,no,no,no_internet_service,no_internet_service,no_internet_service,no_internet_service,no_internet_service,no_internet_service,two_year,0,mailed_check,21.0,697.7,0
2747,8295-fhivv,male,0,0,0,7,1,no,no,no_internet_service,no_internet_service,no_internet_service,no_internet_service,no_internet_service,no_internet_service,month-to-month,1,mailed_check,19.4,168.65,0
2748,2495-inzwq,male,0,0,0,4,0,no_phone_service,dsl,no,no,no,no,yes,yes,month-to-month,1,electronic_check,44.55,174.3,1
2749,9086-yjyxs,male,0,1,1,34,1,yes,dsl,no,no,yes,no,yes,yes,one_year,0,bank_transfer_(automatic),77.2,2753.8,0
2750,1179-inlat,male,0,0,0,3,1,no,no,no_internet_service,no_internet_service,no_internet_service,no_internet_service,no_internet_service,no_internet_service,one_year,1,mailed_check,19.45,69.25,0
2751,7909-fioiy,female,0,1,1,19,0,no_phone_service,dsl,no,no,no,no,no,no,month-to-month,1,mailed_check,24.85,434.8,0
2752,4139-sugld,male,0,1,1,31,0,no_phone_service,dsl,yes,no,no,yes,no,no,month-to-month,0,bank_transfer_(automatic),35.4,1077.5,1
2753,6857-vwjdt,female,0,0,0,1,1,yes,fiber_optic,no,no,no,no,yes,yes,month-to-month,0,mailed_check,95.65,95.65,1
2754,6351-scjkt,male,0,0,0,3,0,no_phone_service,dsl,yes,no,yes,yes,no,no,month-to-month,0,mailed_check,41.35,107.25,0
2755,5468-bpmmo,male,0,1,0,46,1,no,no,no_internet_service,no_internet_service,no_internet_service,no_internet_service,no_internet_service,no_internet_service,month-to-month,0,electronic_check,19.6,851.2,0
2756,5624-bqssa,female,0,0,0,1,1,no,no,no_internet_service,no_internet_service,no_internet_service,no_internet_service,no_internet_service,no_internet_service,month-to-month,0,mailed_check,20.95,20.95,1
2757,0197-pnknk,female,0,1,1,69,1,yes,fiber_optic,yes,no,yes,no,no,no,one_year,0,bank_transfer_(automatic),84.45,5848.6,0
2758,2439-qkjul,male,0,0,0,5,1,no,no,no_internet_service,no_internet_service,no_internet_service,no_internet_service,no_internet_service,no_internet_service,month-to-month,0,mailed_check,20.25,109.8,0
2759,1194-spvsp,male,0,0,0,1,1,no,no,no_internet_service,no_internet_service,no_internet_service,no_internet_service,no_internet_service,no_internet_service,month-to-month,0,bank_transfer_(automatic),19.65,19.65,0
2760,9534-nsxem,male,0,0,0,26,1,no,no,no_internet_service,no_internet_service,no_internet_service,no_internet_service,no_internet_service,no_internet_service,one_year,1,credit_card_(automatic),20.65,595.5,0
2761,2408-witxk,female,1,0,0,10,0,no_phone_service,dsl,no,no,no,no,no,yes,month-to-month,1,electronic_check,34.7,329.8,1
2762,8929-kswih,male,0,0,0,25,1,no,fiber_optic,no,no,yes,yes,yes,yes,two_year,0,bank_transfer_(automatic),99.3,2513.5,0
2763,2250-ivbwa,male,0,1,1,64,1,no,fiber_optic,yes,yes,no,no,no,no,month-to-month,0,electronic_check,81.05,5135.35,0
2764,1810-mvmai,male,0,1,1,30,1,yes,dsl,yes,yes,yes,yes,no,no,month-to-month,0,electronic_check,67.6,2000.2,0
2765,9506-uxusk,male,0,0,0,13,1,no,fiber_optic,no,no,no,no,no,no,month-to-month,1,electronic_check,70.15,931.75,0
2766,1229-rcalf,female,0,1,0,64,1,yes,fiber_optic,yes,yes,yes,yes,yes,yes,one_year,1,electronic_check,115.0,7396.15,0
2767,3572-uolyz,female,0,0,1,46,1,yes,fiber_optic,no,no,yes,yes,no,no,month-to-month,1,bank_transfer_(automatic),84.8,3958.85,0
2768,1429-uyjsv,female,0,0,0,12,1,no,no,no_internet_service,no_internet_service,no_internet_service,no_internet_service,no_internet_service,no_internet_service,one_year,0,mailed_check,19.7,260.9,0
2769,5577-otwww,female,0,0,0,15,1,no,no,no_internet_service,no_internet_service,no_internet_service,no_internet_service,no_internet_service,no_internet_service,month-to-month,0,bank_transfer_(automatic),19.75,297.3,1
2770,6100-qqheb,male,0,1,1,17,1,yes,fiber_optic,no,no,no,no,yes,yes,month-to-month,1,electronic_check,92.55,1515.1,1
2771,6366-xivkz,female,0,1,1,13,1,no,dsl,yes,no,yes,no,no,yes,month-to-month,1,mailed_check,63.15,816.8,0
2772,3470-obuet,female,0,1,1,67,1,yes,dsl,yes,yes,no,yes,yes,no,two_year,0,credit_card_(automatic),74.0,4868.4,0
2773,2770-nsvdg,male,0,1,0,24,0,no_phone_service,dsl,no,no,yes,no,no,no,month-to-month,0,electronic_check,29.1,688.0,0
2774,9375-mhrrs,male,0,0,0,6,1,no,dsl,no,no,no,yes,no,no,month-to-month,0,mailed_check,50.05,288.35,0
2775,2634-hczgt,male,1,1,0,53,1,yes,dsl,yes,no,no,yes,no,no,one_year,1,electronic_check,60.05,3229.65,1
2776,7503-qqrvf,male,1,1,0,16,1,no,fiber_optic,no,yes,no,no,no,no,month-to-month,1,credit_card_(automatic),74.3,1178.25,1
2777,4860-yzgzm,male,0,0,0,10,1,no,no,no_internet_service,no_internet_service,no_internet_service,no_internet_service,no_internet_service,no_internet_service,month-to-month,0,electronic_check,20.0,185.4,0
2778,6599-gzwcm,female,0,0,0,13,1,no,fiber_optic,no,yes,no,no,no,no,one_year,1,mailed_check,74.65,966.25,0
2779,2691-nzetq,male,0,0,0,9,1,yes,fiber_optic,no,no,no,no,yes,no,month-to-month,1,electronic_check,85.35,758.6,1
2780,4404-hibdj,female,0,0,0,25,1,no,dsl,yes,yes,yes,yes,yes,no,one_year,0,mailed_check,74.3,1863.8,1
2781,5533-nhfrf,male,1,0,0,7,0,no_phone_service,dsl,no,yes,no,yes,no,yes,month-to-month,1,electronic_check,44.4,265.8,0
2782,7037-mtyvw,male,0,1,1,38,1,yes,dsl,yes,no,yes,yes,yes,yes,two_year,1,bank_transfer_(automatic),85.4,3297.0,0
2783,4760-thgot,female,0,1,0,43,1,yes,fiber_optic,yes,yes,no,no,no,yes,month-to-month,1,electronic_check,94.1,4107.3,0
2784,7295-jommd,female,0,0,1,4,1,no,fiber_optic,no,no,yes,yes,yes,yes,month-to-month,1,bank_transfer_(automatic),98.1,396.3,1
2785,4016-bjktz,female,0,0,0,25,1,yes,fiber_optic,no,yes,yes,yes,yes,yes,two_year,0,electronic_check,108.9,2809.05,0
2786,6584-vqmyt,male,0,0,1,27,1,no,dsl,yes,yes,no,no,no,no,one_year,0,mailed_check,56.2,1567.55,0
2787,9838-bfcqt,male,0,1,1,72,1,yes,no,no_internet_service,no_internet_service,no_internet_service,no_internet_service,no_internet_service,no_internet_service,two_year,0,mailed_check,26.1,1851.45,0
2788,2790-xuymv,male,0,0,1,71,1,yes,fiber_optic,yes,yes,no,no,no,no,one_year,1,credit_card_(automatic),85.45,6028.95,0
2789,0581-mdmpw,female,0,0,0,24,1,yes,fiber_optic,no,no,yes,no,yes,no,month-to-month,1,credit_card_(automatic),88.95,2072.75,0
2790,5013-sbuih,female,0,0,0,50,1,yes,fiber_optic,yes,yes,no,yes,yes,yes,two_year,1,electronic_check,109.65,5551.15,1
2791,1023-bqxze,male,0,0,0,57,1,no,dsl,yes,no,yes,no,yes,yes,two_year,1,bank_transfer_(automatic),74.35,4317.35,0
2792,9163-ghaye,female,0,0,0,15,1,no,dsl,no,yes,no,no,no,no,month-to-month,0,electronic_check,48.85,736.8,0
2793,3904-ukfre,male,0,0,0,4,1,yes,fiber_optic,yes,no,no,no,no,no,month-to-month,1,electronic_check,80.1,336.15,0
2794,5353-wilci,female,0,0,0,28,1,no,dsl,yes,yes,no,no,no,no,month-to-month,0,electronic_check,56.05,1522.65,0
2795,0709-tvgur,female,1,0,0,9,1,yes,fiber_optic,no,no,no,no,no,no,month-to-month,1,electronic_check,74.55,622.9,1
2796,0058-evzwm,female,0,1,0,55,1,yes,fiber_optic,yes,no,no,no,yes,no,month-to-month,1,bank_transfer_(automatic),89.8,4959.6,0
2797,6023-yebup,male,0,0,0,3,1,yes,fiber_optic,no,no,yes,no,yes,yes,month-to-month,1,electronic_check,100.95,329.95,1
2798,7209-jcuds,male,0,0,0,10,1,no,fiber_optic,no,no,yes,no,yes,yes,month-to-month,1,electronic_check,94.9,1048.85,1
2799,7009-pcars,male,0,0,1,55,1,no,no,no_internet_service,no_internet_service,no_internet_service,no_internet_service,no_internet_service,no_internet_service,one_year,0,bank_transfer_(automatic),19.1,1001.5,0
2800,0519-drgti,female,0,1,1,20,1,no,no,no_internet_service,no_internet_service,no_internet_service,no_internet_service,no_internet_service,no_internet_service,month-to-month,0,mailed_check,20.35,442.6,0
2801,1017-fbqmm,female,0,1,1,62,1,yes,fiber_optic,no,yes,no,yes,yes,yes,one_year,1,credit_card_(automatic),106.05,6703.5,0
2802,3001-cbhlq,male,1,1,0,32,1,yes,fiber_optic,no,no,yes,yes,yes,yes,month-to-month,1,electronic_check,104.9,3351.55,1
2803,1985-mbryp,female,0,0,0,43,1,no,no,no_internet_service,no_internet_service,no_internet_service,no_internet_service,no_internet_service,no_internet_service,two_year,1,bank_transfer_(automatic),19.65,779.25,0
2804,6158-dwpzt,male,0,1,0,9,0,no_phone_service,dsl,no,no,no,no,no,no,one_year,0,bank_transfer_(automatic),24.1,259.8,1
2805,9372-txxps,female,0,1,0,60,1,no,dsl,yes,yes,no,yes,no,no,two_year,0,bank_transfer_(automatic),59.85,3483.45,0
2806,3259-qmxun,male,0,1,0,58,1,yes,dsl,yes,yes,yes,no,yes,yes,two_year,1,electronic_check,86.1,4890.5,0
2807,1015-jpfyw,male,0,0,1,7,1,no,no,no_internet_service,no_internet_service,no_internet_service,no_internet_service,no_internet_service,no_internet_service,one_year,0,mailed_check,19.45,136.75,0
2808,6645-mxqjt,male,0,1,1,2,1,no,fiber_optic,yes,no,no,no,yes,yes,month-to-month,0,electronic_check,97.1,184.15,0
2809,4360-qrave,male,1,0,0,37,0,no_phone_service,dsl,no,yes,yes,no,no,no,month-to-month,0,electronic_check,36.65,1315.0,0
2810,8433-wpjtv,female,1,1,1,65,1,yes,fiber_optic,no,no,yes,yes,yes,yes,one_year,1,bank_transfer_(automatic),103.9,6767.1,0
2811,5804-jmyio,female,0,1,1,39,1,no,no,no_internet_service,no_internet_service,no_internet_service,no_internet_service,no_internet_service,no_internet_service,two_year,0,mailed_check,19.75,757.95,0
2812,3763-gczhz,male,0,1,0,66,1,yes,fiber_optic,no,yes,no,yes,yes,yes,one_year,1,electronic_check,104.05,6890.0,1
2813,6484-latfu,male,0,0,0,68,1,yes,no,no_internet_service,no_internet_service,no_internet_service,no_internet_service,no_internet_service,no_internet_service,two_year,0,mailed_check,24.55,1657.4,0
2814,7599-ntmdp,female,0,1,1,62,0,no_phone_service,dsl,yes,yes,no,yes,yes,no,two_year,0,bank_transfer_(automatic),48.7,3008.55,0
2815,0772-gyeqq,male,0,0,0,3,1,no,fiber_optic,no,no,yes,yes,yes,no,month-to-month,1,mailed_check,88.35,262.05,1
2816,0536-acxip,female,0,1,0,72,1,yes,fiber_optic,yes,yes,yes,no,yes,yes,two_year,1,electronic_check,109.55,8165.1,0
2817,0936-nqlju,female,0,1,0,41,1,no,no,no_internet_service,no_internet_service,no_internet_service,no_internet_service,no_internet_service,no_internet_service,two_year,0,credit_card_(automatic),20.65,875.55,0
2818,4831-eobfe,male,0,1,1,29,1,no,fiber_optic,yes,no,no,no,yes,yes,month-to-month,0,credit_card_(automatic),94.65,2649.15,1
2819,1575-krzze,female,0,0,0,4,1,no,dsl,yes,yes,no,no,no,no,month-to-month,0,electronic_check,55.2,220.65,0
2820,3251-ymvwz,male,0,0,0,53,1,yes,no,no_internet_service,no_internet_service,no_internet_service,no_internet_service,no_internet_service,no_internet_service,one_year,0,bank_transfer_(automatic),24.05,1301.9,0
2821,4102-oqupx,male,1,1,0,1,1,yes,fiber_optic,no,no,no,no,no,no,month-to-month,1,electronic_check,74.4,74.4,1
2822,9170-gyzjc,female,0,1,1,41,1,yes,dsl,yes,yes,yes,yes,no,yes,month-to-month,0,credit_card_(automatic),79.9,3326.2,1
2823,4884-levmq,male,0,1,0,39,1,no,no,no_internet_service,no_internet_service,no_internet_service,no_internet_service,no_internet_service,no_internet_service,two_year,1,bank_transfer_(automatic),20.45,790.0,0
2824,8857-cupfq,male,0,1,0,63,1,no,no,no_internet_service,no_internet_service,no_internet_service,no_internet_service,no_internet_service,no_internet_service,two_year,0,mailed_check,19.25,1237.65,0
2825,7610-tvopg,male,0,0,0,15,1,yes,no,no_internet_service,no_internet_service,no_internet_service,no_internet_service,no_internet_service,no_internet_service,month-to-month,1,electronic_check,26.35,378.6,0
2826,3638-dimph,female,0,1,0,13,1,no,dsl,no,no,no,no,no,no,one_year,0,electronic_check,43.8,592.65,0
2827,1845-zllig,male,0,0,0,1,1,no,dsl,no,yes,no,no,no,no,month-to-month,1,mailed_check,50.15,50.15,0
2828,8559-wnqzs,male,0,0,0,1,1,no,no,no_internet_service,no_internet_service,no_internet_service,no_internet_service,no_internet_service,no_internet_service,two_year,0,mailed_check,20.45,20.45,0
2829,3999-qgrjh,male,1,0,0,8,1,no,fiber_optic,no,no,no,no,no,no,month-to-month,1,electronic_check,69.7,560.85,1
2830,1699-uotxu,male,0,0,0,60,1,no,dsl,yes,yes,yes,no,no,no,two_year,0,electronic_check,61.4,3638.25,0
2831,2454-rpbrz,female,1,1,0,12,1,yes,fiber_optic,no,yes,yes,no,yes,no,month-to-month,1,electronic_check,98.1,1060.2,1
2832,0635-wkold,male,0,1,0,40,1,yes,dsl,no,yes,no,yes,yes,no,one_year,0,credit_card_(automatic),70.75,2921.75,0
2833,5993-jsuwv,female,0,0,0,66,1,no,dsl,yes,yes,yes,no,no,no,two_year,1,bank_transfer_(automatic),61.15,4017.45,0
2834,4518-fzbsx,male,0,1,1,42,1,no,no,no_internet_service,no_internet_service,no_internet_service,no_internet_service,no_internet_service,no_internet_service,one_year,0,mailed_check,20.25,854.9,0
2835,5387-asznz,female,1,0,0,66,1,yes,dsl,yes,yes,no,yes,no,no,one_year,1,credit_card_(automatic),63.85,4174.35,0
2836,6988-cjeyv,male,0,0,0,49,1,yes,fiber_optic,no,yes,no,no,yes,yes,month-to-month,0,electronic_check,98.7,4920.55,0
2837,2002-mzhwp,female,0,0,0,1,1,no,no,no_internet_service,no_internet_service,no_internet_service,no_internet_service,no_internet_service,no_internet_service,month-to-month,0,mailed_check,20.5,20.5,1
2838,3097-fqtvj,female,0,0,0,41,1,no,no,no_internet_service,no_internet_service,no_internet_service,no_internet_service,no_internet_service,no_internet_service,two_year,0,mailed_check,20.0,810.3,0
2839,5465-bubfa,female,0,1,1,41,1,no,no,no_internet_service,no_internet_service,no_internet_service,no_internet_service,no_internet_service,no_internet_service,two_year,0,bank_transfer_(automatic),19.3,772.4,0
2840,7299-gnvpl,female,0,1,1,23,1,no,fiber_optic,yes,yes,no,yes,no,no,month-to-month,0,mailed_check,84.4,1936.85,0
2841,9743-dqkqw,male,0,0,0,3,0,no_phone_service,dsl,no,no,no,no,no,no,month-to-month,0,electronic_check,25.1,79.8,0
2842,1215-vfyvk,female,0,0,0,4,0,no_phone_service,dsl,yes,no,yes,yes,no,yes,month-to-month,0,mailed_check,48.25,202.25,0
2843,9371-bithb,female,0,1,1,52,1,no,no,no_internet_service,no_internet_service,no_internet_service,no_internet_service,no_internet_service,no_internet_service,two_year,0,mailed_check,19.85,1070.5,0
2844,2265-cywiv,female,1,1,0,4,1,yes,fiber_optic,yes,no,no,no,yes,yes,month-to-month,1,electronic_check,99.6,347.65,1
2845,9093-fpdlg,female,0,0,0,11,1,no,fiber_optic,no,yes,yes,yes,no,yes,month-to-month,1,electronic_check,94.2,999.9,0
2846,0541-fitgh,female,0,1,0,2,1,no,dsl,yes,no,no,no,no,yes,month-to-month,1,mailed_check,62.15,113.1,0
2847,6985-haywx,female,0,1,0,26,1,yes,fiber_optic,no,yes,no,no,no,no,month-to-month,0,bank_transfer_(automatic),79.3,2015.8,0
2848,7508-kbimb,male,0,1,1,24,1,no,dsl,yes,no,yes,no,no,no,one_year,1,credit_card_(automatic),56.25,1454.25,0
2849,6838-hvlxg,female,0,0,0,12,1,no,no,no_internet_service,no_internet_service,no_internet_service,no_internet_service,no_internet_service,no_internet_service,month-to-month,0,mailed_check,20.3,246.7,0
2850,2277-djjdl,male,1,1,0,60,1,yes,fiber_optic,no,no,no,yes,yes,yes,month-to-month,1,electronic_check,99.0,6017.9,0
2851,1897-okvmw,female,0,1,1,64,1,yes,dsl,yes,yes,yes,yes,yes,yes,two_year,1,mailed_check,90.6,5817.45,0
2852,5485-itnpc,male,0,1,0,66,1,no,dsl,yes,yes,yes,yes,yes,yes,two_year,1,bank_transfer_(automatic),85.9,5595.3,0
2853,0233-fthav,female,0,0,0,60,1,yes,fiber_optic,no,no,yes,no,no,no,one_year,1,bank_transfer_(automatic),79.2,4765.0,0
2854,4644-pizrt,male,0,1,1,17,1,yes,dsl,yes,no,yes,no,yes,no,one_year,1,bank_transfer_(automatic),70.35,1201.65,0
2855,8922-npkbj,male,0,1,1,42,1,no,no,no_internet_service,no_internet_service,no_internet_service,no_internet_service,no_internet_service,no_internet_service,two_year,0,mailed_check,19.35,867.3,0
2856,2740-tvlfn,male,0,0,0,1,1,yes,dsl,no,no,no,no,no,no,month-to-month,1,electronic_check,50.15,50.15,0
2857,7771-cfqrq,female,0,1,1,47,1,no,dsl,no,yes,no,yes,no,yes,two_year,0,bank_transfer_(automatic),63.8,3007.25,0
2858,9512-phsmg,female,0,1,0,10,1,no,no,no_internet_service,no_internet_service,no_internet_service,no_internet_service,no_internet_service,no_internet_service,month-to-month,1,mailed_check,20.55,252.75,0
2859,6963-ezqee,male,1,1,0,70,1,yes,dsl,yes,yes,yes,yes,yes,yes,two_year,1,credit_card_(automatic),88.55,6306.5,0
2860,2452-kdrrh,male,1,0,0,67,1,yes,fiber_optic,no,no,yes,no,yes,yes,month-to-month,1,credit_card_(automatic),101.4,6841.05,0
2861,2004-ocqxk,female,0,0,0,1,1,no,fiber_optic,no,no,no,no,no,yes,month-to-month,1,electronic_check,81.95,81.95,1
2862,5027-qpkte,male,0,1,0,7,1,no,fiber_optic,no,no,no,no,no,no,month-to-month,1,electronic_check,69.35,451.1,1
2863,4146-svfud,male,0,0,0,1,1,no,dsl,no,no,no,no,no,no,month-to-month,0,mailed_check,44.6,44.6,0
2864,1564-hjuvy,male,0,0,0,4,1,no,dsl,no,yes,no,yes,yes,no,month-to-month,1,bank_transfer_(automatic),63.75,226.2,0
2865,3617-xlsgq,female,0,1,1,66,1,yes,fiber_optic,yes,yes,yes,no,yes,yes,two_year,0,bank_transfer_(automatic),109.25,7082.5,0
2866,7517-ldmps,female,0,0,0,12,1,no,fiber_optic,no,yes,no,no,no,yes,month-to-month,1,electronic_check,84.6,1017.35,0
2867,7244-kxyzn,female,0,0,0,24,1,no,no,no_internet_service,no_internet_service,no_internet_service,no_internet_service,no_internet_service,no_internet_service,one_year,0,credit_card_(automatic),20.45,527.35,0
2868,5226-nozfc,male,0,0,0,26,1,no,fiber_optic,no,yes,no,no,yes,no,month-to-month,1,electronic_check,85.75,2146.5,0
2869,2672-huyvi,female,0,0,0,6,1,no,fiber_optic,no,no,no,no,yes,yes,month-to-month,1,electronic_check,91.1,455.3,1
2870,1400-wivll,male,0,1,0,57,1,yes,fiber_optic,no,no,yes,yes,yes,yes,two_year,0,electronic_check,107.95,5969.85,0
2871,7508-mybog,male,0,1,0,14,1,yes,fiber_optic,no,no,no,no,yes,no,month-to-month,1,electronic_check,86.1,1235.55,1
2872,8148-nlegt,female,0,1,1,42,1,yes,no,no_internet_service,no_internet_service,no_internet_service,no_internet_service,no_internet_service,no_internet_service,two_year,0,electronic_check,22.95,1014.25,0
2873,0148-dcdos,male,0,0,0,25,1,yes,fiber_optic,no,no,no,no,yes,yes,month-to-month,1,bank_transfer_(automatic),94.7,2362.1,1
2874,8347-gdtmp,female,0,1,0,64,1,no,no,no_internet_service,no_internet_service,no_internet_service,no_internet_service,no_internet_service,no_internet_service,two_year,0,credit_card_(automatic),19.45,1225.65,0
2875,9992-rramn,male,0,1,0,22,1,yes,fiber_optic,no,no,no,no,no,yes,month-to-month,1,electronic_check,85.1,1873.7,1
2876,6746-wauwt,male,0,0,0,19,1,no,no,no_internet_service,no_internet_service,no_internet_service,no_internet_service,no_internet_service,no_internet_service,one_year,1,credit_card_(automatic),19.7,386.5,0
2877,0310-mvlet,female,0,1,1,61,1,yes,fiber_optic,no,yes,no,no,yes,yes,month-to-month,1,electronic_check,99.15,6010.05,1
2878,0428-ikycp,male,0,1,0,22,1,no,fiber_optic,no,no,yes,no,yes,no,month-to-month,1,bank_transfer_(automatic),87.0,1850.65,0
2879,4550-vbofe,male,1,1,0,70,1,yes,fiber_optic,no,yes,yes,no,yes,yes,month-to-month,1,electronic_check,102.95,7101.5,1
2880,2187-pkzay,male,0,0,0,12,1,no,fiber_optic,no,no,no,no,no,yes,month-to-month,1,bank_transfer_(automatic),79.95,1043.4,0
2881,4003-octmp,female,0,1,0,31,1,no,dsl,yes,no,no,yes,no,yes,one_year,1,electronic_check,64.0,1910.75,0
2882,6652-yffjo,female,0,0,0,11,1,no,dsl,no,no,no,no,yes,yes,month-to-month,1,electronic_check,64.9,716.1,0
2883,7225-iilwy,male,0,1,1,68,1,yes,no,no_internet_service,no_internet_service,no_internet_service,no_internet_service,no_internet_service,no_internet_service,two_year,0,mailed_check,25.75,1686.15,0
2884,5248-rpyww,female,1,1,1,72,1,yes,dsl,yes,yes,yes,yes,yes,yes,two_year,1,bank_transfer_(automatic),90.15,6716.45,0
2885,7923-iyjwy,male,1,0,0,67,1,yes,fiber_optic,yes,yes,yes,yes,yes,yes,two_year,1,credit_card_(automatic),116.1,7839.85,0
2886,3170-gwykc,female,0,0,0,60,1,no,fiber_optic,yes,no,yes,yes,yes,yes,month-to-month,1,bank_transfer_(automatic),104.95,6236.75,0
2887,5696-qurrl,male,0,0,0,1,1,no,dsl,no,no,no,no,no,no,month-to-month,1,mailed_check,45.05,45.05,1
2888,7409-kiutl,female,1,0,1,1,1,no,fiber_optic,no,no,no,no,no,no,month-to-month,1,electronic_check,71.0,71.0,1
2889,9830-eclen,male,0,1,1,58,0,no_phone_service,dsl,yes,yes,yes,no,yes,no,one_year,0,mailed_check,50.0,2919.85,0
2890,1732-vhubq,female,1,1,1,47,1,no,fiber_optic,no,no,no,no,no,no,month-to-month,0,bank_transfer_(automatic),70.55,3309.25,1
2891,0495-rvcbf,female,0,0,0,1,1,no,fiber_optic,no,no,no,no,no,yes,month-to-month,1,electronic_check,79.7,79.7,1
2892,2668-tzsps,male,0,0,0,1,1,no,no,no_internet_service,no_internet_service,no_internet_service,no_internet_service,no_internet_service,no_internet_service,month-to-month,0,mailed_check,20.45,20.45,0
2893,7854-edssa,male,0,0,0,22,1,yes,dsl,yes,yes,no,no,no,no,month-to-month,0,electronic_check,59.0,1254.7,1
2894,8869-torss,female,0,0,0,48,1,no,dsl,yes,no,yes,yes,no,no,one_year,1,credit_card_(automatic),60.35,2896.4,1
2895,7446-sfaoa,female,0,1,0,37,1,no,no,no_internet_service,no_internet_service,no_internet_service,no_internet_service,no_internet_service,no_internet_service,one_year,1,bank_transfer_(automatic),19.85,717.5,0
2896,9522-zsinc,male,0,0,0,13,1,no,no,no_internet_service,no_internet_service,no_internet_service,no_internet_service,no_internet_service,no_internet_service,one_year,1,electronic_check,19.95,253.8,0
2897,8234-gszyk,male,0,0,0,43,1,yes,no,no_internet_service,no_internet_service,no_internet_service,no_internet_service,no_internet_service,no_internet_service,two_year,0,bank_transfer_(automatic),26.45,1110.05,0
2898,6505-oznpg,female,0,0,0,6,0,no_phone_service,dsl,yes,yes,yes,yes,yes,yes,two_year,1,mailed_check,63.4,348.8,0
2899,6164-haqtx,male,0,0,0,71,0,no_phone_service,dsl,yes,yes,yes,yes,yes,no,two_year,0,bank_transfer_(automatic),53.95,3888.65,0
2900,0679-idstg,female,1,1,1,1,1,no,fiber_optic,no,no,no,no,no,no,month-to-month,1,electronic_check,69.25,69.25,1
2901,7765-lwvvh,female,0,1,1,72,1,yes,fiber_optic,yes,yes,no,no,yes,no,two_year,1,electronic_check,95.1,6843.15,0
2902,1658-tjvoa,female,1,0,0,6,1,no,fiber_optic,yes,no,no,no,no,no,month-to-month,1,electronic_check,74.1,450.9,0
2903,0953-lgovu,male,0,1,1,12,0,no_phone_service,dsl,no,yes,no,yes,no,no,month-to-month,0,mailed_check,35.5,432.25,0
2904,2115-bftiw,male,0,0,0,25,1,no,fiber_optic,no,no,no,no,no,no,month-to-month,0,mailed_check,70.95,1767.35,1
2905,4692-nnqru,female,0,1,0,21,1,no,fiber_optic,no,no,yes,yes,no,no,one_year,0,electronic_check,79.2,1742.45,0
2906,7742-mypgi,female,0,1,1,6,1,no,dsl,no,no,no,yes,no,no,month-to-month,1,mailed_check,48.8,297.35,0
2907,0611-dfxko,male,0,1,0,20,1,no,fiber_optic,no,no,no,no,yes,yes,month-to-month,1,mailed_check,89.0,1820.45,1
2908,7780-otdso,male,0,1,0,18,1,yes,fiber_optic,yes,no,no,no,yes,yes,month-to-month,1,electronic_check,99.4,1742.95,1
2909,9619-gsatl,female,0,0,0,43,1,no,dsl,no,yes,no,yes,no,no,one_year,0,electronic_check,55.45,2444.25,0
2910,5622-uejfi,female,0,1,1,35,1,yes,no,no_internet_service,no_internet_service,no_internet_service,no_internet_service,no_internet_service,no_internet_service,two_year,1,credit_card_(automatic),25.4,949.8,0
2911,9747-ddzos,female,0,0,0,1,1,no,fiber_optic,no,no,yes,no,no,no,month-to-month,0,bank_transfer_(automatic),73.5,73.5,1
2912,0674-dgmaq,male,1,1,0,32,1,yes,fiber_optic,no,yes,yes,no,no,yes,month-to-month,1,electronic_check,93.5,2970.8,0
2913,6203-hbzpa,male,0,0,0,52,0,no_phone_service,dsl,yes,yes,yes,yes,yes,yes,two_year,0,credit_card_(automatic),63.9,3334.95,0
2914,0484-ffvbj,male,0,0,0,32,1,no,dsl,no,no,no,no,yes,yes,one_year,1,bank_transfer_(automatic),64.85,2010.95,0
2915,0301-fidrb,female,0,1,1,72,0,no_phone_service,dsl,yes,yes,yes,yes,yes,yes,two_year,1,bank_transfer_(automatic),63.8,4684.3,0
2916,4139-jpiam,male,0,0,0,51,0,no_phone_service,dsl,yes,no,no,yes,no,yes,month-to-month,1,credit_card_(automatic),44.45,2181.55,0
2917,2181-tidsv,male,0,1,1,68,1,no,no,no_internet_service,no_internet_service,no_internet_service,no_internet_service,no_internet_service,no_internet_service,two_year,1,bank_transfer_(automatic),19.95,1303.25,0
2918,2761-xecqw,male,1,1,0,8,0,no_phone_service,dsl,no,yes,yes,no,no,yes,month-to-month,1,mailed_check,43.35,371.4,0
2919,1936-czakf,male,0,1,0,49,0,no_phone_service,dsl,no,yes,no,no,yes,yes,two_year,0,credit_card_(automatic),49.65,2409.9,0
2920,9453-patos,female,0,1,0,72,1,no,dsl,yes,yes,yes,yes,yes,yes,two_year,0,mailed_check,85.1,6155.4,0
2921,0564-jjhgs,male,0,0,0,9,1,yes,fiber_optic,no,no,no,no,yes,yes,month-to-month,1,electronic_check,95.5,829.1,1
2922,3348-cfrnx,female,0,1,0,28,1,no,fiber_optic,yes,no,no,no,yes,yes,month-to-month,1,mailed_check,92.35,2602.9,1
2923,4402-ftbxc,male,0,0,0,54,1,no,fiber_optic,yes,no,yes,no,yes,no,month-to-month,0,mailed_check,89.8,4667.0,0
2924,1428-gtbjj,male,0,0,0,11,1,no,fiber_optic,no,yes,no,no,no,no,month-to-month,1,electronic_check,74.55,824.75,1
2925,2931-xiqbr,female,0,1,1,50,1,no,fiber_optic,no,no,yes,yes,yes,yes,one_year,0,mailed_check,103.05,5153.5,0
2926,0106-ugrdo,female,0,1,0,69,1,yes,fiber_optic,yes,yes,yes,yes,yes,yes,two_year,1,electronic_check,116.0,8182.85,0
2927,5542-tbbwb,male,0,0,0,1,1,no,fiber_optic,no,no,no,no,no,no,month-to-month,1,electronic_check,69.9,69.9,0
2928,1930-qpbvz,male,0,1,1,68,1,no,fiber_optic,yes,yes,no,yes,no,yes,two_year,0,bank_transfer_(automatic),95.1,6683.4,0
2929,2606-pkwjb,male,0,0,1,40,0,no_phone_service,dsl,yes,yes,no,yes,no,no,one_year,0,mailed_check,40.25,1564.05,0
2930,5322-zsmzy,male,0,1,1,31,1,yes,no,no_internet_service,no_internet_service,no_internet_service,no_internet_service,no_internet_service,no_internet_service,two_year,0,mailed_check,25.75,755.6,0
2931,8059-udzfy,female,1,0,1,33,1,yes,fiber_optic,no,yes,yes,no,yes,yes,month-to-month,1,bank_transfer_(automatic),105.35,3465.05,0
2932,7740-btpux,male,1,1,0,55,1,yes,fiber_optic,no,yes,yes,yes,yes,yes,two_year,1,electronic_check,113.6,6292.7,0
2933,5220-agaax,male,0,1,1,68,1,yes,no,no_internet_service,no_internet_service,no_internet_service,no_internet_service,no_internet_service,no_internet_service,two_year,1,bank_transfer_(automatic),24.0,1664.3,0
2934,0208-bpqej,female,0,1,1,12,1,no,no,no_internet_service,no_internet_service,no_internet_service,no_internet_service,no_internet_service,no_internet_service,month-to-month,0,bank_transfer_(automatic),19.4,198.1,0
2935,9435-jmlsx,male,0,1,0,71,1,no,dsl,yes,yes,yes,yes,yes,yes,two_year,1,bank_transfer_(automatic),86.1,6045.9,0
2936,3352-almck,male,0,0,0,40,1,yes,fiber_optic,no,yes,yes,no,yes,yes,month-to-month,1,mailed_check,102.65,4108.15,0
2937,5312-ircfr,female,0,1,1,64,1,yes,fiber_optic,no,yes,yes,no,no,yes,one_year,1,electronic_check,92.85,5980.75,0
2938,5294-imhht,male,0,1,0,53,1,yes,fiber_optic,no,yes,no,yes,no,yes,one_year,0,bank_transfer_(automatic),97.75,5043.2,0
2939,8802-unojf,male,1,0,0,12,1,no,fiber_optic,no,yes,yes,yes,no,no,month-to-month,1,mailed_check,83.8,1029.75,1
2940,6313-gidit,male,1,0,0,53,0,no_phone_service,dsl,no,yes,yes,no,yes,yes,month-to-month,1,electronic_check,54.45,2854.55,1
2941,6176-yjwas,male,0,1,0,72,1,yes,fiber_optic,yes,yes,yes,no,yes,no,two_year,1,credit_card_(automatic),97.95,7114.25,0
2942,5310-noova,male,0,0,0,46,1,no,no,no_internet_service,no_internet_service,no_internet_service,no_internet_service,no_internet_service,no_internet_service,two_year,0,electronic_check,19.95,907.05,0
2943,4526-exkkn,male,0,0,0,40,1,yes,no,no_internet_service,no_internet_service,no_internet_service,no_internet_service,no_internet_service,no_internet_service,two_year,1,mailed_check,24.6,973.95,0
2944,5311-ihlei,male,0,0,0,12,0,no_phone_service,dsl,yes,yes,no,yes,yes,no,month-to-month,1,bank_transfer_(automatic),50.95,605.75,0
2945,3987-kqddu,male,0,0,0,9,1,no,fiber_optic,yes,no,no,no,no,no,month-to-month,0,electronic_check,75.6,661.55,0
2946,3404-jnxax,female,0,1,1,51,1,yes,fiber_optic,no,no,no,yes,no,no,month-to-month,1,electronic_check,80.75,4116.9,0
2947,5131-ponji,male,0,1,1,49,1,no,fiber_optic,no,yes,yes,no,yes,no,month-to-month,1,credit_card_(automatic),90.4,4494.65,0
2948,2845-afftx,male,1,1,0,41,1,yes,fiber_optic,no,no,yes,no,yes,yes,month-to-month,1,electronic_check,99.8,4259.3,1
2949,3489-vsfrd,female,0,0,0,56,1,no,dsl,yes,no,yes,yes,no,no,one_year,1,credit_card_(automatic),60.25,3282.75,0
2950,3345-jhueo,male,0,0,0,4,1,no,no,no_internet_service,no_internet_service,no_internet_service,no_internet_service,no_internet_service,no_internet_service,month-to-month,1,electronic_check,20.2,55.7,0
2951,5815-hgghv,male,0,1,0,20,1,no,dsl,yes,no,no,yes,no,yes,one_year,1,mailed_check,64.15,1274.45,0
2952,5260-umpwx,female,0,1,1,26,1,no,no,no_internet_service,no_internet_service,no_internet_service,no_internet_service,no_internet_service,no_internet_service,month-to-month,1,credit_card_(automatic),20.25,493.95,0
2953,2249-yprng,female,0,1,1,20,1,yes,fiber_optic,no,yes,yes,no,yes,yes,month-to-month,1,bank_transfer_(automatic),105.85,2239.65,1
2954,7410-ytjik,female,0,0,0,7,1,yes,fiber_optic,no,no,no,no,no,no,month-to-month,0,mailed_check,75.45,480.75,1
2955,4626-gyczp,male,0,0,0,7,1,yes,fiber_optic,no,no,no,no,yes,yes,month-to-month,1,electronic_check,93.85,635.6,1
2956,5649-rxqtv,male,0,0,0,51,1,no,fiber_optic,no,yes,yes,no,yes,yes,month-to-month,1,electronic_check,99.0,5038.15,0
2957,2674-miaht,female,0,0,0,4,1,yes,fiber_optic,no,yes,no,no,no,no,month-to-month,1,mailed_check,80.3,324.2,0
2958,2576-hxmpa,female,0,0,0,1,1,no,no,no_internet_service,no_internet_service,no_internet_service,no_internet_service,no_internet_service,no_internet_service,month-to-month,0,credit_card_(automatic),19.55,19.55,0
2959,7587-aovvu,male,0,1,1,27,1,yes,fiber_optic,yes,yes,no,yes,yes,no,month-to-month,0,electronic_check,100.75,2793.55,0
2960,5590-bynii,male,0,0,0,22,1,yes,fiber_optic,yes,no,no,no,yes,yes,month-to-month,1,electronic_check,100.75,2095.0,1
2961,6898-mdlzw,male,0,0,0,12,1,no,dsl,no,yes,no,yes,no,no,month-to-month,1,mailed_check,53.75,648.65,0
2962,3237-ajgeh,female,0,1,1,3,0,no_phone_service,dsl,no,no,no,yes,no,no,month-to-month,1,mailed_check,31.0,95.05,1
2963,4707-ynoqa,female,0,1,1,34,1,yes,no,no_internet_service,no_internet_service,no_internet_service,no_internet_service,no_internet_service,no_internet_service,one_year,1,credit_card_(automatic),25.6,917.15,0
2964,9357-ujrun,male,0,1,0,24,1,yes,dsl,yes,no,no,yes,no,no,one_year,1,electronic_check,58.35,1346.9,0
2965,1591-nfnlq,male,0,0,0,51,1,yes,fiber_optic,no,no,yes,no,no,no,month-to-month,0,credit_card_(automatic),80.0,4242.35,1
2966,8648-pfrmp,female,1,0,0,14,0,no_phone_service,dsl,no,no,no,no,yes,yes,month-to-month,1,electronic_check,46.35,672.7,0
2967,7663-cuxzb,male,0,1,0,59,1,yes,fiber_optic,yes,yes,yes,yes,yes,yes,two_year,0,electronic_check,113.75,6561.25,0
2968,0258-nokbl,male,0,0,0,3,1,no,fiber_optic,no,yes,yes,no,no,yes,month-to-month,0,electronic_check,90.4,268.45,0
2969,1163-vipri,female,0,1,1,65,1,yes,fiber_optic,yes,no,yes,yes,yes,yes,two_year,0,electronic_check,109.3,7337.55,0
2970,2815-cptul,male,1,0,0,5,1,no,fiber_optic,no,no,no,no,no,no,month-to-month,1,mailed_check,70.25,331.9,1
2971,9348-rouai,female,0,1,1,59,1,yes,dsl,yes,yes,yes,yes,yes,yes,two_year,0,credit_card_(automatic),90.3,5194.05,0
2972,9443-jubuo,male,0,1,1,72,0,no_phone_service,dsl,yes,yes,yes,yes,yes,yes,two_year,1,credit_card_(automatic),65.25,4478.85,0
2973,0596-bqceq,female,0,1,1,62,1,no,fiber_optic,no,yes,yes,no,yes,yes,month-to-month,1,electronic_check,100.15,6283.3,1
2974,1481-zuwza,male,0,0,0,28,1,yes,fiber_optic,yes,yes,no,no,no,yes,month-to-month,1,credit_card_(automatic),94.5,2659.4,1
2975,3043-tybno,male,0,0,0,3,1,no,dsl,no,no,no,yes,no,yes,month-to-month,0,mailed_check,60.65,196.9,0
2976,4830-faxfm,male,0,0,1,19,1,yes,no,no_internet_service,no_internet_service,no_internet_service,no_internet_service,no_internet_service,no_internet_service,month-to-month,1,credit_card_(automatic),24.1,439.2,0
2977,5906-bfozt,male,0,0,0,1,1,no,no,no_internet_service,no_internet_service,no_internet_service,no_internet_service,no_internet_service,no_internet_service,month-to-month,1,mailed_check,19.5,19.5,0
2978,2960-nkrso,male,0,0,0,24,1,no,fiber_optic,no,yes,yes,yes,no,no,month-to-month,1,electronic_check,85.95,2107.15,0
2979,8996-zroxe,male,1,0,0,57,1,no,dsl,no,no,yes,yes,no,no,one_year,1,electronic_check,53.5,3035.8,0
2980,5598-ikhqq,female,0,0,0,72,1,yes,no,no_internet_service,no_internet_service,no_internet_service,no_internet_service,no_internet_service,no_internet_service,two_year,0,credit_card_(automatic),25.45,1866.45,0
2981,0397-zxwqf,male,0,0,0,67,1,no,no,no_internet_service,no_internet_service,no_internet_service,no_internet_service,no_internet_service,no_internet_service,two_year,0,bank_transfer_(automatic),20.5,1430.95,0
2982,5266-pfrqk,male,0,1,1,52,1,no,no,no_internet_service,no_internet_service,no_internet_service,no_internet_service,no_internet_service,no_internet_service,one_year,1,credit_card_(automatic),20.85,1071.6,0
2983,4674-hgnua,male,0,1,1,71,1,yes,dsl,yes,yes,yes,yes,yes,yes,two_year,0,credit_card_(automatic),89.9,6457.15,0
2984,6765-mbqnu,female,0,1,0,26,1,yes,no,no_internet_service,no_internet_service,no_internet_service,no_internet_service,no_internet_service,no_internet_service,one_year,0,mailed_check,26.0,684.05,0
2985,9786-ijydl,female,0,0,0,35,1,yes,fiber_optic,yes,yes,yes,yes,yes,yes,two_year,1,mailed_check,113.2,3914.05,0
2986,1303-srdok,female,0,1,1,55,1,no,fiber_optic,no,no,no,no,no,no,two_year,1,credit_card_(automatic),69.05,3842.6,0
2987,3769-mhznv,female,0,1,1,33,1,no,no,no_internet_service,no_internet_service,no_internet_service,no_internet_service,no_internet_service,no_internet_service,two_year,0,mailed_check,20.1,670.35,0
2988,6295-osinb,male,0,1,0,72,1,yes,fiber_optic,yes,yes,yes,no,yes,yes,two_year,1,electronic_check,109.65,7880.25,0
2989,3308-mhooc,male,0,0,1,1,1,no,no,no_internet_service,no_internet_service,no_internet_service,no_internet_service,no_internet_service,no_internet_service,month-to-month,1,mailed_check,19.2,19.2,0
2990,2309-osfeu,male,0,0,0,10,0,no_phone_service,dsl,no,no,no,no,no,yes,month-to-month,1,mailed_check,33.9,298.45,1
2991,2207-qpjed,female,1,1,0,37,1,no,fiber_optic,no,no,yes,yes,yes,no,month-to-month,0,electronic_check,90.0,3371.75,0
2992,4177-jpdfu,male,0,0,0,12,0,no_phone_service,dsl,no,yes,no,yes,no,no,month-to-month,0,mailed_check,34.0,442.45,0
2993,2239-cfouj,male,0,1,1,1,1,no,no,no_internet_service,no_internet_service,no_internet_service,no_internet_service,no_internet_service,no_internet_service,one_year,0,mailed_check,20.4,20.4,0
2994,8046-dnvtl,male,0,1,0,62,0,no_phone_service,dsl,yes,yes,no,yes,no,no,two_year,1,credit_card_(automatic),38.6,2345.55,0
2995,2209-xadxf,female,0,0,0,1,0,no_phone_service,dsl,no,no,no,no,no,no,month-to-month,0,bank_transfer_(automatic),25.25,25.25,0
2996,6620-jdynw,female,0,0,0,18,1,yes,dsl,yes,no,yes,no,no,no,month-to-month,1,mailed_check,60.6,1156.35,0
2997,1891-fzysa,male,1,1,0,69,1,yes,fiber_optic,no,yes,no,no,yes,no,month-to-month,1,electronic_check,89.95,6143.15,1
2998,4770-uezox,male,0,0,0,2,1,no,fiber_optic,no,yes,no,no,no,no,month-to-month,1,electronic_check,74.75,144.8,0
2999,1038-rqost,male,0,1,1,19,1,no,no,no_internet_service,no_internet_service,no_internet_service,no_internet_service,no_internet_service,no_internet_service,month-to-month,0,mailed_check,20.6,414.95,0
3000,7613-llqfo,male,0,0,0,12,1,yes,fiber_optic,no,no,no,no,yes,no,month-to-month,1,electronic_check,84.45,1059.55,1
3001,4568-ttzrt,male,0,0,0,9,1,no,no,no_internet_service,no_internet_service,no_internet_service,no_internet_service,no_internet_service,no_internet_service,month-to-month,0,mailed_check,20.4,181.8,0
3002,9513-dxhda,male,0,0,0,27,1,no,dsl,yes,no,yes,yes,yes,yes,one_year,0,electronic_check,81.7,2212.55,0
3003,2640-pmgfl,male,0,0,1,27,1,yes,fiber_optic,no,no,no,yes,no,no,month-to-month,1,electronic_check,79.5,2180.55,1
3004,3801-hmynl,male,0,1,1,1,1,no,fiber_optic,no,no,no,no,yes,yes,month-to-month,0,mailed_check,89.15,89.15,1
3005,0516-qreyc,female,1,0,0,24,1,no,no,no_internet_service,no_internet_service,no_internet_service,no_internet_service,no_internet_service,no_internet_service,month-to-month,1,mailed_check,20.3,459.95,0
3006,9685-wkzgt,male,1,0,0,14,1,yes,fiber_optic,no,no,no,no,no,no,month-to-month,1,electronic_check,74.95,1036.75,1
3007,6022-uggso,female,1,0,0,32,1,no,fiber_optic,no,yes,no,no,no,no,month-to-month,1,electronic_check,74.4,2276.95,1
3008,8084-oivbs,female,0,0,0,11,1,no,no,no_internet_service,no_internet_service,no_internet_service,no_internet_service,no_internet_service,no_internet_service,one_year,0,mailed_check,20.0,211.95,0
3009,8896-bqtti,male,0,0,0,1,1,yes,no,no_internet_service,no_internet_service,no_internet_service,no_internet_service,no_internet_service,no_internet_service,month-to-month,1,mailed_check,25.0,25.0,0
3010,3865-qbwsj,male,1,0,1,38,1,yes,fiber_optic,yes,no,no,no,no,no,month-to-month,1,mailed_check,80.45,3162.65,0
3011,3352-ricwq,female,0,1,1,9,1,no,no,no_internet_service,no_internet_service,no_internet_service,no_internet_service,no_internet_service,no_internet_service,two_year,0,mailed_check,19.75,210.65,0
3012,2160-gpfxd,male,0,1,1,54,1,yes,dsl,yes,yes,no,yes,no,no,two_year,1,credit_card_(automatic),65.65,3566.7,0
3013,2065-mmkgr,female,0,0,0,29,1,yes,dsl,no,no,no,no,yes,yes,one_year,1,credit_card_(automatic),71.0,2080.1,0
3014,5857-tybcj,male,1,1,0,44,1,yes,fiber_optic,no,no,yes,no,yes,no,month-to-month,1,electronic_check,89.2,4040.2,0
3015,1498-nhtlt,male,0,1,1,59,1,no,dsl,yes,yes,yes,yes,yes,yes,two_year,1,electronic_check,86.75,5186.0,0
3016,4484-cgxfk,female,0,0,0,3,1,no,dsl,no,no,no,no,no,yes,month-to-month,1,electronic_check,55.3,196.15,1
3017,1402-pthgn,female,0,1,1,18,1,no,dsl,yes,yes,no,yes,no,no,one_year,1,mailed_check,61.5,1087.45,0
3018,4176-reljr,male,1,0,0,67,1,yes,no,no_internet_service,no_internet_service,no_internet_service,no_internet_service,no_internet_service,no_internet_service,two_year,0,credit_card_(automatic),25.1,1672.15,0
3019,6214-edakz,female,0,1,1,22,1,no,dsl,no,yes,no,yes,no,no,month-to-month,0,electronic_check,55.15,1206.05,1
3020,5199-fpusp,male,0,0,1,33,0,no_phone_service,dsl,yes,no,no,yes,no,no,one_year,0,credit_card_(automatic),34.05,1113.95,0
3021,6377-kslxc,male,0,0,0,5,1,no,no,no_internet_service,no_internet_service,no_internet_service,no_internet_service,no_internet_service,no_internet_service,month-to-month,0,mailed_check,19.95,107.05,0
3022,1796-janow,female,0,0,0,2,1,no,no,no_internet_service,no_internet_service,no_internet_service,no_internet_service,no_internet_service,no_internet_service,month-to-month,0,mailed_check,19.95,38.15,0
3023,0238-whbiq,male,0,1,1,72,1,yes,dsl,yes,yes,yes,yes,yes,yes,two_year,0,credit_card_(automatic),89.7,6339.3,0
3024,8735-nblwt,male,0,0,1,9,1,no,no,no_internet_service,no_internet_service,no_internet_service,no_internet_service,no_internet_service,no_internet_service,month-to-month,0,mailed_check,20.4,184.1,0
3025,6651-rlggm,male,0,1,1,67,1,yes,no,no_internet_service,no_internet_service,no_internet_service,no_internet_service,no_internet_service,no_internet_service,two_year,0,mailed_check,26.3,1688.9,0
3026,6127-isgtu,female,0,1,0,16,1,yes,fiber_optic,no,no,no,no,yes,no,month-to-month,1,electronic_check,84.95,1378.25,1
3027,1614-jbebi,female,0,0,0,8,1,no,no,no_internet_service,no_internet_service,no_internet_service,no_internet_service,no_internet_service,no_internet_service,month-to-month,1,mailed_check,20.7,137.6,0
3028,8740-xlhdr,male,0,0,0,5,0,no_phone_service,dsl,yes,yes,yes,yes,no,no,month-to-month,1,mailed_check,43.25,219.0,1
3029,1208-dnhln,male,0,1,1,23,1,yes,dsl,no,no,no,no,no,no,one_year,1,credit_card_(automatic),48.35,1067.15,1
3030,1761-aezzr,male,0,0,0,1,1,no,fiber_optic,no,no,no,no,yes,no,month-to-month,1,electronic_check,79.55,79.55,1
3031,3923-csihk,female,1,1,0,50,1,no,fiber_optic,no,no,no,no,no,no,month-to-month,1,electronic_check,71.05,3444.85,1
3032,5696-excys,male,0,0,0,17,1,no,no,no_internet_service,no_internet_service,no_internet_service,no_internet_service,no_internet_service,no_internet_service,two_year,0,credit_card_(automatic),19.45,369.05,0
3033,5795-ktgud,female,0,1,0,68,1,yes,fiber_optic,yes,yes,yes,no,yes,yes,two_year,1,bank_transfer_(automatic),110.8,7553.6,0
3034,7120-rfmvs,male,0,0,0,1,1,yes,fiber_optic,no,no,no,no,yes,no,month-to-month,0,electronic_check,84.5,84.5,1
3035,7924-gjzfi,female,1,1,0,25,1,no,fiber_optic,no,no,no,no,no,no,month-to-month,1,electronic_check,69.3,1813.1,0
3036,4702-hdrkd,male,0,0,0,67,0,no_phone_service,dsl,yes,no,yes,yes,yes,no,one_year,1,bank_transfer_(automatic),49.35,3321.35,0
3037,8512-wiwyv,male,0,0,0,32,1,no,no,no_internet_service,no_internet_service,no_internet_service,no_internet_service,no_internet_service,no_internet_service,one_year,0,credit_card_(automatic),20.35,707.5,0
3038,5897-zyekh,female,1,1,0,67,1,yes,fiber_optic,yes,yes,no,no,yes,yes,one_year,1,electronic_check,105.6,7112.15,0
3039,5456-itgic,male,1,1,0,72,0,no_phone_service,dsl,yes,yes,yes,yes,yes,yes,two_year,1,credit_card_(automatic),64.45,4641.1,0
3040,7317-ggvpb,male,0,1,0,71,1,yes,fiber_optic,no,yes,yes,yes,yes,yes,two_year,1,credit_card_(automatic),108.6,7690.9,1
3041,1406-puqvy,male,0,0,1,1,1,no,dsl,no,yes,no,no,no,no,month-to-month,1,electronic_check,49.9,49.9,0
3042,1322-agoqm,male,0,0,0,46,0,no_phone_service,dsl,no,yes,no,no,no,no,month-to-month,0,bank_transfer_(automatic),30.3,1380.1,1
3043,3677-iyrbf,female,1,0,0,2,0,no_phone_service,dsl,no,no,yes,no,no,no,month-to-month,1,electronic_check,30.4,78.65,1
3044,5692-fptah,female,0,0,0,1,1,no,dsl,no,no,no,no,no,no,month-to-month,1,mailed_check,45.4,45.4,1
3045,9114-aafqh,female,0,1,0,48,1,no,dsl,no,yes,yes,no,no,yes,one_year,1,electronic_check,65.65,3094.65,0
3046,8715-kktfg,female,0,1,0,61,1,yes,fiber_optic,no,no,yes,yes,yes,yes,one_year,1,bank_transfer_(automatic),103.3,6518.35,0
3047,1550-loaha,female,0,1,0,32,1,no,fiber_optic,no,yes,no,no,no,yes,month-to-month,0,bank_transfer_(automatic),84.15,2585.95,1
3048,1728-bqdma,female,0,0,0,2,1,no,dsl,no,no,no,no,no,no,month-to-month,0,electronic_check,44.45,82.7,0
3049,0268-qkiwo,female,0,0,0,3,1,no,no,no_internet_service,no_internet_service,no_internet_service,no_internet_service,no_internet_service,no_internet_service,month-to-month,0,electronic_check,19.75,58.85,1
3050,0876-wduuz,female,0,0,0,5,1,no,fiber_optic,no,no,no,yes,no,yes,month-to-month,1,credit_card_(automatic),85.4,425.9,1
3051,5117-zsmhq,female,0,1,1,71,1,yes,dsl,yes,yes,yes,yes,yes,yes,two_year,0,bank_transfer_(automatic),89.9,6342.7,0
3052,5151-hqrdg,male,0,1,0,37,1,yes,dsl,yes,no,no,no,no,no,month-to-month,1,mailed_check,55.05,2030.75,0
3053,0960-huwbm,male,0,1,1,65,1,yes,fiber_optic,no,no,yes,yes,yes,yes,two_year,1,bank_transfer_(automatic),104.1,6700.05,0
3054,6465-gsrcl,female,0,0,1,67,1,yes,fiber_optic,no,yes,no,yes,yes,yes,one_year,1,bank_transfer_(automatic),106.6,7244.7,0
3055,0617-fhsgk,male,0,0,1,49,1,yes,fiber_optic,no,no,no,no,no,no,month-to-month,0,credit_card_(automatic),75.2,3678.3,1
3056,0263-fjtqo,male,0,1,1,50,1,yes,dsl,yes,no,no,yes,yes,no,two_year,1,credit_card_(automatic),70.5,3486.65,0
3057,7319-znrtr,male,0,1,1,25,1,no,no,no_internet_service,no_internet_service,no_internet_service,no_internet_service,no_internet_service,no_internet_service,one_year,0,electronic_check,19.6,411.15,0
3058,2858-mofsq,female,0,0,1,17,1,yes,dsl,no,no,yes,no,no,no,one_year,1,mailed_check,55.85,937.5,1
3059,7503-epszw,female,0,1,1,64,1,yes,no,no_internet_service,no_internet_service,no_internet_service,no_internet_service,no_internet_service,no_internet_service,two_year,1,mailed_check,24.05,1559.15,0
3060,7089-xxayg,male,0,1,0,25,0,no_phone_service,dsl,no,no,yes,no,yes,no,one_year,1,credit_card_(automatic),38.1,970.4,0
3061,8118-lsuel,male,1,0,0,23,1,yes,fiber_optic,no,yes,yes,no,yes,yes,month-to-month,1,electronic_check,106.4,2483.5,1
3062,8070-aawzp,male,1,1,0,24,0,no_phone_service,dsl,no,no,yes,yes,no,no,month-to-month,0,mailed_check,34.25,828.2,0
3063,1666-jxlku,female,0,0,0,37,1,yes,fiber_optic,no,no,yes,no,yes,yes,month-to-month,1,electronic_check,100.05,3810.55,0
3064,7855-diwpo,female,0,0,0,21,1,no,fiber_optic,no,no,no,no,no,no,month-to-month,1,electronic_check,68.65,1493.2,0
3065,5133-powua,male,0,0,0,1,1,no,dsl,no,no,no,no,no,no,month-to-month,1,mailed_check,45.8,45.8,0
3066,5652-msdey,female,0,0,0,10,1,yes,fiber_optic,no,no,no,no,no,no,month-to-month,1,mailed_check,75.75,777.3,0
3067,7005-ccbkv,male,0,0,0,6,1,no,fiber_optic,no,yes,no,no,no,yes,month-to-month,1,electronic_check,84.4,556.35,1
3068,1810-bohsy,male,0,1,0,51,1,yes,fiber_optic,yes,yes,no,no,no,yes,one_year,1,credit_card_(automatic),96.4,4911.05,0
3069,1784-bxefa,female,0,0,0,10,1,no,no,no_internet_service,no_internet_service,no_internet_service,no_internet_service,no_internet_service,no_internet_service,month-to-month,1,mailed_check,20.55,187.35,0
3070,7351-mhqvu,female,0,0,0,6,0,no_phone_service,dsl,yes,yes,no,yes,no,yes,month-to-month,0,credit_card_(automatic),50.95,307.6,0
3071,9224-vtyid,male,0,1,1,47,1,yes,dsl,yes,yes,yes,yes,yes,yes,two_year,1,mailed_check,90.5,4318.35,0
3072,9500-iwpxq,female,0,1,1,61,1,yes,dsl,yes,yes,yes,yes,no,yes,one_year,1,electronic_check,79.4,4820.55,0
3073,5762-tjxgk,female,0,0,0,52,0,no_phone_service,dsl,yes,yes,yes,no,yes,yes,two_year,1,bank_transfer_(automatic),58.75,3038.55,0
3074,4504-youla,female,0,1,1,35,1,yes,dsl,yes,yes,no,no,no,no,month-to-month,1,credit_card_(automatic),59.45,2136.9,0
3075,5569-idsey,male,0,1,0,71,1,yes,fiber_optic,no,yes,yes,no,yes,yes,one_year,1,bank_transfer_(automatic),105.7,7472.15,0
3076,4250-fdvou,female,0,0,0,6,1,no,dsl,yes,yes,no,no,no,no,month-to-month,0,electronic_check,56.25,389.1,1
3077,7284-zzloh,male,0,1,0,45,1,no,dsl,yes,no,yes,no,no,no,two_year,0,credit_card_(automatic),53.3,2296.25,0
3078,5277-zloor,female,1,0,0,2,1,yes,fiber_optic,no,no,no,no,yes,no,month-to-month,1,electronic_check,85.55,187.45,1
3079,2141-rrygo,female,0,0,0,4,1,no,dsl,no,yes,no,no,yes,yes,month-to-month,1,bank_transfer_(automatic),68.65,261.25,1
3080,1777-jyqpj,male,0,0,0,2,0,no_phone_service,dsl,no,no,no,no,no,no,month-to-month,0,mailed_check,24.3,38.45,0
3081,6376-gahqe,male,0,0,0,4,1,no,fiber_optic,no,no,no,no,yes,no,month-to-month,0,electronic_check,77.85,299.2,1
3082,3401-urhda,male,0,0,0,51,1,yes,dsl,yes,no,no,yes,no,no,one_year,0,credit_card_(automatic),59.9,3043.6,0
3083,1599-eahxy,male,0,1,1,60,1,yes,no,no_internet_service,no_internet_service,no_internet_service,no_internet_service,no_internet_service,no_internet_service,one_year,0,credit_card_(automatic),23.95,1506.4,0
3084,8631-xvrzl,male,0,0,0,9,1,no,no,no_internet_service,no_internet_service,no_internet_service,no_internet_service,no_internet_service,no_internet_service,one_year,1,mailed_check,20.15,163.7,0
3085,5052-pnlos,male,0,0,0,3,1,yes,fiber_optic,no,yes,yes,no,yes,yes,month-to-month,1,bank_transfer_(automatic),105.35,323.25,1
3086,3853-lygam,male,0,0,0,17,1,yes,fiber_optic,no,no,yes,yes,no,yes,month-to-month,1,bank_transfer_(automatic),95.65,1640.0,0
3087,6979-znsff,female,0,0,0,8,1,yes,fiber_optic,no,no,no,no,yes,no,month-to-month,1,electronic_check,87.05,762.1,1
3088,5751-usdbl,male,0,1,1,46,1,no,dsl,yes,no,yes,yes,yes,yes,two_year,0,mailed_check,81.0,3846.35,0
3089,5680-lqogp,female,0,0,0,68,1,no,dsl,yes,yes,yes,yes,yes,yes,two_year,1,credit_card_(automatic),82.45,5646.6,0
3090,2386-lahrk,male,0,0,0,1,1,no,dsl,no,no,no,no,yes,no,month-to-month,1,mailed_check,53.5,53.5,1
3091,8189-dukmv,female,0,1,0,4,1,no,no,no_internet_service,no_internet_service,no_internet_service,no_internet_service,no_internet_service,no_internet_service,one_year,0,bank_transfer_(automatic),20.5,79.05,0
3092,6032-igaln,female,0,0,0,1,0,no_phone_service,dsl,no,no,no,no,no,no,month-to-month,1,mailed_check,25.1,25.1,1
3093,9931-dcezh,male,0,0,1,28,1,no,dsl,no,yes,no,yes,no,no,one_year,1,credit_card_(automatic),54.4,1516.6,0
3094,1898-jsndc,female,0,0,0,39,1,no,dsl,no,yes,no,no,yes,no,one_year,1,credit_card_(automatic),58.6,2224.5,0
3095,0315-lvcrk,male,0,0,0,11,1,no,fiber_optic,no,no,yes,no,no,yes,month-to-month,0,electronic_check,84.8,888.75,0
3096,3911-rsnhi,female,0,1,0,71,0,no_phone_service,dsl,no,yes,yes,yes,yes,yes,two_year,1,credit_card_(automatic),61.4,4310.35,0
3097,2410-ciyfz,male,0,0,1,2,1,no,no,no_internet_service,no_internet_service,no_internet_service,no_internet_service,no_internet_service,no_internet_service,month-to-month,0,mailed_check,20.4,42.9,0
3098,4248-hcetz,male,1,1,0,30,1,no,fiber_optic,no,yes,yes,no,no,no,month-to-month,1,mailed_check,79.65,2365.15,1
3099,5505-ovwqw,female,0,0,0,17,1,no,no,no_internet_service,no_internet_service,no_internet_service,no_internet_service,no_internet_service,no_internet_service,one_year,0,mailed_check,20.15,353.65,0
3100,7271-ajdtl,female,0,1,0,55,1,yes,fiber_optic,no,yes,yes,no,yes,no,month-to-month,1,credit_card_(automatic),94.45,5073.1,0
3101,1867-tjhts,female,0,0,0,58,1,yes,fiber_optic,yes,no,no,no,no,no,month-to-month,1,bank_transfer_(automatic),79.8,4526.85,0
3102,0516-wjvxc,female,0,0,0,5,1,no,dsl,yes,no,no,yes,no,no,month-to-month,0,electronic_check,54.2,308.25,1
3103,9174-fkwze,female,1,0,0,1,1,no,no,no_internet_service,no_internet_service,no_internet_service,no_internet_service,no_internet_service,no_internet_service,month-to-month,1,electronic_check,19.45,19.45,1
3104,6860-yrjzp,male,1,0,0,9,1,yes,fiber_optic,no,no,no,no,no,no,month-to-month,1,electronic_check,74.05,678.45,0
3105,4429-wygfr,male,0,0,0,26,1,no,dsl,no,no,no,yes,no,no,month-to-month,0,bank_transfer_(automatic),49.15,1237.3,0
3106,2817-lvcpp,female,0,0,0,50,1,no,no,no_internet_service,no_internet_service,no_internet_service,no_internet_service,no_internet_service,no_internet_service,two_year,0,credit_card_(automatic),19.4,1023.95,0
3107,5038-etmlm,female,0,1,0,72,1,yes,fiber_optic,yes,yes,yes,yes,yes,yes,two_year,1,bank_transfer_(automatic),113.65,8182.75,0
3108,5056-fimpt,female,0,0,1,43,1,no,fiber_optic,yes,yes,no,yes,yes,yes,one_year,1,credit_card_(automatic),106.0,4532.3,0
3109,4521-wfjai,male,0,0,0,56,1,yes,no,no_internet_service,no_internet_service,no_internet_service,no_internet_service,no_internet_service,no_internet_service,two_year,1,bank_transfer_(automatic),25.95,1444.05,0
3110,6569-ktmdu,female,0,0,0,1,1,no,no,no_internet_service,no_internet_service,no_internet_service,no_internet_service,no_internet_service,no_internet_service,month-to-month,0,mailed_check,19.1,19.1,0
3111,8809-rihdd,male,0,1,1,72,1,yes,fiber_optic,no,yes,yes,no,yes,yes,two_year,1,electronic_check,103.4,7372.65,1
3112,8809-xkhmd,male,0,1,0,72,1,yes,fiber_optic,yes,yes,no,yes,no,yes,two_year,1,bank_transfer_(automatic),100.55,7325.1,0
3113,0396-ychwo,male,0,1,0,36,1,yes,fiber_optic,no,no,no,no,yes,yes,month-to-month,1,electronic_check,95.4,3474.2,0
3114,0867-ldttc,male,0,0,0,5,1,no,dsl,no,no,yes,yes,yes,yes,month-to-month,0,bank_transfer_(automatic),75.15,392.65,0
3115,4822-ngoch,female,0,0,0,13,1,yes,fiber_optic,no,yes,yes,no,no,no,month-to-month,1,electronic_check,84.45,1058.6,1
3116,9391-dxggg,female,1,0,0,44,1,no,fiber_optic,no,yes,yes,no,no,yes,one_year,0,credit_card_(automatic),89.15,3990.75,0
3117,9844-felaj,female,1,1,1,70,1,yes,fiber_optic,no,yes,yes,yes,yes,yes,one_year,1,electronic_check,107.9,7475.85,0
3118,2122-szzzd,male,0,0,0,44,1,no,no,no_internet_service,no_internet_service,no_internet_service,no_internet_service,no_internet_service,no_internet_service,one_year,0,credit_card_(automatic),19.5,835.5,0
3119,5307-dzcvc,female,1,1,0,32,1,yes,fiber_optic,no,no,no,no,yes,no,month-to-month,1,credit_card_(automatic),85.95,2628.6,1
3120,3148-aoiqt,female,0,1,0,69,1,yes,no,no_internet_service,no_internet_service,no_internet_service,no_internet_service,no_internet_service,no_internet_service,two_year,1,credit_card_(automatic),24.95,1718.35,0
3121,8679-joevf,female,1,0,0,16,1,no,dsl,no,no,no,yes,yes,no,month-to-month,0,electronic_check,59.4,1023.9,1
3122,8395-etzkq,male,1,1,1,68,1,no,no,no_internet_service,no_internet_service,no_internet_service,no_internet_service,no_internet_service,no_internet_service,one_year,0,bank_transfer_(automatic),19.5,1193.55,0
3123,6692-yqhxc,male,0,0,0,16,1,no,fiber_optic,no,no,no,no,no,no,month-to-month,1,credit_card_(automatic),69.95,1205.5,0
3124,3889-vwbid,male,0,1,1,68,1,no,dsl,yes,yes,no,yes,yes,yes,two_year,0,bank_transfer_(automatic),82.85,5776.45,0
3125,5222-jcxzt,male,0,0,0,4,1,no,no,no_internet_service,no_internet_service,no_internet_service,no_internet_service,no_internet_service,no_internet_service,month-to-month,0,mailed_check,19.0,78.9,0
3126,9754-clvzw,female,0,1,1,26,0,no_phone_service,dsl,yes,yes,no,yes,no,no,month-to-month,0,credit_card_(automatic),38.85,1025.15,0
3127,1432-fpaxx,female,0,0,0,29,0,no_phone_service,dsl,no,yes,no,no,no,no,month-to-month,1,electronic_check,30.6,856.35,1
3128,2739-cczmb,male,0,0,1,5,1,no,no,no_internet_service,no_internet_service,no_internet_service,no_internet_service,no_internet_service,no_internet_service,month-to-month,0,credit_card_(automatic),20.35,122.0,0
3129,7080-tnuwp,male,0,1,0,70,1,yes,fiber_optic,no,yes,yes,no,yes,no,one_year,1,bank_transfer_(automatic),95.0,6602.9,0
3130,0496-ahook,male,0,1,0,24,1,no,dsl,yes,no,no,yes,yes,yes,one_year,0,bank_transfer_(automatic),74.4,1712.9,0
3131,8336-tavkx,female,1,1,0,72,1,yes,dsl,yes,yes,yes,yes,no,yes,two_year,0,bank_transfer_(automatic),78.45,5682.25,0
3132,2468-sjflm,male,0,0,0,1,1,no,fiber_optic,no,no,no,yes,no,no,month-to-month,1,mailed_check,74.3,74.3,0
3133,3181-vthoe,male,0,1,0,70,0,no_phone_service,dsl,no,yes,yes,yes,no,yes,one_year,1,bank_transfer_(automatic),51.05,3635.15,0
3134,7168-hdqhg,female,0,1,1,36,1,no,no,no_internet_service,no_internet_service,no_internet_service,no_internet_service,no_internet_service,no_internet_service,month-to-month,0,bank_transfer_(automatic),19.2,702.9,0
3135,4803-axvyp,female,1,0,0,38,1,yes,fiber_optic,no,no,no,yes,yes,yes,month-to-month,1,electronic_check,99.55,3734.25,1
3136,3884-hcswg,female,0,0,0,17,1,no,fiber_optic,no,no,no,no,no,no,month-to-month,1,electronic_check,70.0,1144.5,1
3137,4567-akpia,female,0,1,1,41,1,yes,fiber_optic,no,yes,yes,yes,yes,yes,one_year,1,bank_transfer_(automatic),109.1,4454.25,0
3138,5077-dxtcg,female,0,0,0,1,1,no,dsl,no,no,no,no,no,no,month-to-month,1,electronic_check,45.3,45.3,1
3139,1142-waczw,male,0,0,0,2,0,no_phone_service,dsl,no,no,no,yes,no,no,month-to-month,0,bank_transfer_(automatic),29.85,75.6,1
3140,7901-hxjva,male,0,0,0,14,1,no,fiber_optic,no,no,yes,no,no,no,month-to-month,0,electronic_check,76.45,1117.55,0
3141,5649-anrml,male,1,0,0,2,1,no,fiber_optic,no,yes,yes,yes,no,yes,month-to-month,1,credit_card_(automatic),95.1,180.25,1
3142,4892-vlanz,male,0,0,0,1,1,no,no,no_internet_service,no_internet_service,no_internet_service,no_internet_service,no_internet_service,no_internet_service,month-to-month,0,mailed_check,19.8,19.8,1
3143,5924-ifqtt,male,0,1,1,13,1,yes,dsl,no,yes,yes,yes,yes,no,month-to-month,1,electronic_check,72.8,930.05,0
3144,7968-quxns,male,0,0,0,6,1,no,no,no_internet_service,no_internet_service,no_internet_service,no_internet_service,no_internet_service,no_internet_service,month-to-month,0,mailed_check,18.95,110.15,0
3145,2919-hbcjo,female,0,0,0,4,1,no,fiber_optic,no,yes,no,no,no,no,month-to-month,1,bank_transfer_(automatic),76.65,333.6,1
3146,4236-xpxav,female,0,1,1,5,1,no,fiber_optic,no,yes,no,yes,yes,yes,month-to-month,1,mailed_check,99.15,465.05,1
3147,8903-wmrnw,female,0,1,0,15,1,no,fiber_optic,yes,no,yes,no,yes,yes,month-to-month,0,electronic_check,101.75,1669.4,0
3148,2452-snhfz,female,0,0,0,47,1,no,fiber_optic,yes,no,no,no,no,no,month-to-month,0,credit_card_(automatic),75.45,3545.1,0
3149,3629-weaam,female,0,0,0,8,1,no,dsl,no,no,yes,yes,no,yes,month-to-month,0,mailed_check,64.1,504.05,0
3150,6029-csmje,male,0,0,0,17,0,no_phone_service,dsl,no,no,no,no,no,no,month-to-month,1,mailed_check,25.65,440.2,0
3151,7993-nqlje,male,0,1,1,15,1,no,fiber_optic,yes,no,no,no,no,no,month-to-month,0,mailed_check,75.1,1151.55,0
3152,9909-dfrja,female,0,0,0,26,1,no,fiber_optic,yes,no,yes,yes,no,yes,one_year,1,bank_transfer_(automatic),95.85,2475.35,0
3153,9099-ftuhs,female,0,0,0,23,1,yes,dsl,yes,no,no,no,no,no,month-to-month,0,electronic_check,54.4,1249.25,0
3154,0581-bxbub,female,1,0,0,4,1,no,fiber_optic,no,yes,no,no,no,no,month-to-month,0,electronic_check,72.75,317.75,0
3155,4962-chqpw,male,0,0,1,29,1,no,no,no_internet_service,no_internet_service,no_internet_service,no_internet_service,no_internet_service,no_internet_service,one_year,0,mailed_check,19.85,535.05,0
3156,9467-roolm,female,0,0,0,25,1,no,no,no_internet_service,no_internet_service,no_internet_service,no_internet_service,no_internet_service,no_internet_service,month-to-month,0,mailed_check,19.05,461.3,0
3157,3030-yzadt,male,0,0,0,9,1,no,dsl,no,no,no,no,no,no,month-to-month,0,mailed_check,44.95,431.0,1
3158,7410-ktvfv,male,0,1,0,18,1,no,dsl,no,no,yes,no,no,no,month-to-month,1,mailed_check,49.55,878.35,1
3159,5150-itwwb,male,1,0,0,3,1,yes,fiber_optic,no,no,no,no,yes,yes,month-to-month,1,electronic_check,94.85,335.75,0
3160,2253-kpmnb,female,0,1,1,69,0,no_phone_service,dsl,yes,yes,yes,yes,no,no,two_year,0,bank_transfer_(automatic),46.25,3121.4,0
3161,1345-zukid,male,0,0,0,14,1,no,no,no_internet_service,no_internet_service,no_internet_service,no_internet_service,no_internet_service,no_internet_service,one_year,0,mailed_check,19.35,324.8,0
3162,6429-shbcb,male,0,0,0,19,1,yes,dsl,no,no,no,no,yes,yes,month-to-month,0,mailed_check,69.6,1394.55,0
3163,9281-ofdmf,male,1,0,0,39,1,yes,fiber_optic,no,yes,no,no,no,yes,month-to-month,0,electronic_check,90.7,3413.25,0
3164,2603-hvkcg,male,0,0,0,31,1,no,fiber_optic,no,yes,yes,no,yes,yes,month-to-month,1,electronic_check,101.4,3143.65,0
3165,1834-wuleg,male,0,1,1,24,1,no,no,no_internet_service,no_internet_service,no_internet_service,no_internet_service,no_internet_service,no_internet_service,one_year,0,mailed_check,20.25,439.75,0
3166,9097-zubyc,male,0,1,0,14,1,no,dsl,no,no,no,yes,no,no,month-to-month,0,bank_transfer_(automatic),48.8,664.4,0
3167,5148-orict,female,0,1,0,64,1,no,dsl,yes,yes,yes,yes,no,yes,two_year,1,mailed_check,74.35,4759.55,0
3168,4893-gyuju,female,0,0,0,50,1,no,no,no_internet_service,no_internet_service,no_internet_service,no_internet_service,no_internet_service,no_internet_service,one_year,1,mailed_check,19.35,1033.0,0
3169,4578-phjyz,male,0,1,1,52,1,no,dsl,no,yes,yes,yes,yes,no,one_year,1,electronic_check,68.75,3482.85,0
3170,7272-qdcka,male,0,0,0,28,1,yes,fiber_optic,no,yes,no,no,yes,yes,one_year,0,electronic_check,100.2,2688.45,0
3171,8908-slfcj,female,0,0,0,21,1,no,no,no_internet_service,no_internet_service,no_internet_service,no_internet_service,no_internet_service,no_internet_service,two_year,1,credit_card_(automatic),20.85,435.25,0
3172,8393-dlhga,male,0,0,1,25,1,no,fiber_optic,no,yes,no,no,yes,yes,month-to-month,1,electronic_check,95.9,2448.75,1
3173,9766-hgede,female,0,1,0,17,1,no,no,no_internet_service,no_internet_service,no_internet_service,no_internet_service,no_internet_service,no_internet_service,one_year,0,mailed_check,19.35,307.0,0
3174,6968-mhomu,male,0,1,0,58,0,no_phone_service,dsl,no,no,no,no,yes,yes,one_year,1,credit_card_(automatic),45.0,2689.35,0
3175,7395-igjos,male,1,1,0,17,1,no,fiber_optic,no,no,no,no,no,yes,month-to-month,0,bank_transfer_(automatic),81.5,1329.2,1
3176,5044-xdpyx,female,0,1,0,51,1,yes,no,no_internet_service,no_internet_service,no_internet_service,no_internet_service,no_internet_service,no_internet_service,two_year,0,mailed_check,25.5,1281.25,0
3177,1814-wfgvs,male,0,1,1,72,0,no_phone_service,dsl,yes,no,yes,yes,yes,no,two_year,0,mailed_check,48.9,3527.0,0
3178,2834-spcjv,male,0,1,0,52,1,no,fiber_optic,yes,no,no,no,yes,no,month-to-month,0,electronic_check,84.1,4348.65,1
3179,3721-wkiil,female,0,0,0,27,1,no,no,no_internet_service,no_internet_service,no_internet_service,no_internet_service,no_internet_service,no_internet_service,two_year,1,mailed_check,19.6,561.15,0
3180,6734-ckrsm,female,0,0,0,3,1,no,no,no_internet_service,no_internet_service,no_internet_service,no_internet_service,no_internet_service,no_internet_service,month-to-month,0,mailed_check,20.0,63.6,0
3181,1265-zfosd,female,0,1,0,64,1,yes,dsl,yes,yes,yes,yes,no,yes,two_year,1,mailed_check,81.3,5129.3,0
3182,6568-pocui,female,0,1,0,45,1,no,fiber_optic,no,no,no,yes,yes,yes,two_year,1,credit_card_(automatic),95.2,4285.8,0
3183,7890-vyywg,male,1,1,0,3,0,no_phone_service,dsl,no,no,no,no,yes,no,month-to-month,1,mailed_check,36.45,93.7,1
3184,5197-lqxxh,female,0,1,0,71,1,yes,dsl,no,yes,yes,yes,yes,yes,two_year,1,credit_card_(automatic),83.3,5894.5,0
3185,9907-swkkf,female,1,0,0,1,0,no_phone_service,dsl,no,no,no,no,no,no,month-to-month,0,mailed_check,25.05,25.05,1
3186,3457-pqbyh,female,0,1,1,58,1,no,no,no_internet_service,no_internet_service,no_internet_service,no_internet_service,no_internet_service,no_internet_service,two_year,0,credit_card_(automatic),20.3,1160.75,0
3187,7682-azndk,male,0,1,1,34,1,no,fiber_optic,no,yes,yes,no,yes,no,month-to-month,1,electronic_check,89.85,3091.75,0
3188,0587-dmgbh,female,0,0,0,8,1,no,dsl,yes,no,no,no,no,no,month-to-month,1,electronic_check,49.85,365.55,1
3189,5384-zttwp,female,0,1,1,15,1,no,no,no_internet_service,no_internet_service,no_internet_service,no_internet_service,no_internet_service,no_internet_service,month-to-month,0,mailed_check,19.8,272.95,0
3190,3745-hrphi,male,0,1,1,66,0,no_phone_service,dsl,no,no,yes,yes,yes,yes,two_year,0,bank_transfer_(automatic),54.65,3632.0,0
3191,7636-owbpg,male,1,0,0,12,0,no_phone_service,dsl,no,yes,no,no,no,no,month-to-month,1,credit_card_(automatic),29.35,381.2,0
3192,1231-yndek,male,0,0,0,58,1,no,no,no_internet_service,no_internet_service,no_internet_service,no_internet_service,no_internet_service,no_internet_service,two_year,1,bank_transfer_(automatic),19.15,1035.5,0
3193,1407-digzv,female,0,1,1,3,1,no,no,no_internet_service,no_internet_service,no_internet_service,no_internet_service,no_internet_service,no_internet_service,two_year,0,mailed_check,19.1,52.0,0
3194,6397-jnzzg,female,1,1,0,43,0,no_phone_service,dsl,no,yes,yes,no,yes,yes,month-to-month,0,credit_card_(automatic),55.55,2342.2,1
3195,0570-bfqht,female,0,0,0,9,1,no,fiber_optic,no,yes,yes,no,no,no,month-to-month,0,electronic_check,80.55,653.9,0
3196,4393-obcrr,female,0,0,0,3,1,no,no,no_internet_service,no_internet_service,no_internet_service,no_internet_service,no_internet_service,no_internet_service,one_year,0,mailed_check,20.25,71.2,0
3197,3523-qrqll,female,0,1,1,22,1,no,dsl,no,yes,no,no,yes,yes,one_year,1,bank_transfer_(automatic),69.5,1498.2,1
3198,8564-ldkfl,male,0,1,0,40,1,yes,fiber_optic,no,yes,yes,no,yes,yes,one_year,1,bank_transfer_(automatic),106.0,4178.65,0
3199,3696-dfhhb,female,0,0,0,68,1,yes,no,no_internet_service,no_internet_service,no_internet_service,no_internet_service,no_internet_service,no_internet_service,two_year,0,bank_transfer_(automatic),25.5,1821.8,0
3200,0895-dqhew,male,0,1,0,54,1,yes,fiber_optic,no,yes,yes,no,yes,yes,month-to-month,1,electronic_check,104.3,5278.15,1
3201,4717-ghadl,female,0,0,0,50,1,yes,dsl,no,yes,no,yes,yes,yes,two_year,1,mailed_check,79.6,4024.2,0
3202,5501-tvmgm,male,0,0,0,1,1,no,dsl,no,no,no,no,no,yes,month-to-month,1,electronic_check,55.25,55.25,0
3203,5879-hmffh,female,0,1,0,72,1,yes,dsl,yes,yes,yes,yes,yes,yes,two_year,0,bank_transfer_(automatic),88.05,6520.8,0
3204,6772-wfqrd,male,0,0,1,40,1,no,no,no_internet_service,no_internet_service,no_internet_service,no_internet_service,no_internet_service,no_internet_service,one_year,1,bank_transfer_(automatic),20.4,854.9,0
3205,3810-dvdqq,female,0,1,1,72,1,yes,fiber_optic,yes,yes,yes,yes,yes,yes,two_year,1,bank_transfer_(automatic),117.6,8308.9,0
3206,6972-snkkw,female,0,0,0,6,1,no,no,no_internet_service,no_internet_service,no_internet_service,no_internet_service,no_internet_service,no_internet_service,month-to-month,0,mailed_check,20.0,109.2,0
3207,3694-gltjm,female,0,0,0,5,1,no,no,no_internet_service,no_internet_service,no_internet_service,no_internet_service,no_internet_service,no_internet_service,month-to-month,1,credit_card_(automatic),19.65,92.05,0
3208,8550-xsxuq,male,0,1,0,48,1,yes,dsl,no,yes,yes,no,no,yes,one_year,1,credit_card_(automatic),70.55,3420.5,0
3209,8149-rsoun,female,0,0,0,1,1,yes,fiber_optic,no,no,no,no,yes,yes,month-to-month,1,electronic_check,93.85,93.85,1
3210,9055-mojjj,female,0,1,1,64,1,no,dsl,yes,no,no,yes,yes,no,one_year,0,mailed_check,65.8,4068.0,0
3211,4359-innwn,female,0,0,0,17,1,no,no,no_internet_service,no_internet_service,no_internet_service,no_internet_service,no_internet_service,no_internet_service,one_year,0,credit_card_(automatic),20.05,337.9,0
3212,0585-egdda,male,0,1,0,40,1,no,fiber_optic,no,yes,yes,no,no,no,month-to-month,1,electronic_check,80.0,3168.75,0
3213,4032-rmhci,female,0,1,1,41,0,no_phone_service,dsl,yes,no,yes,no,no,no,one_year,0,credit_card_(automatic),35.4,1412.4,0
3214,0549-cycqn,male,1,0,0,51,1,yes,fiber_optic,no,yes,no,no,no,no,one_year,1,bank_transfer_(automatic),79.6,3974.7,0
3215,3481-jhuzh,male,0,1,0,41,1,yes,fiber_optic,no,yes,no,no,no,no,month-to-month,1,electronic_check,80.25,3439.0,0
3216,7250-eqkiy,female,0,1,1,1,1,no,dsl,no,no,yes,no,no,no,month-to-month,0,mailed_check,50.45,50.45,1
3217,3594-ivhjz,female,0,0,0,2,1,no,no,no_internet_service,no_internet_service,no_internet_service,no_internet_service,no_internet_service,no_internet_service,month-to-month,1,mailed_check,20.45,42.45,0
3218,6869-fgjjc,male,0,0,0,68,1,no,fiber_optic,no,yes,yes,no,no,no,one_year,0,credit_card_(automatic),79.6,5461.45,0
3219,3896-zvnet,female,0,1,1,24,1,yes,no,no_internet_service,no_internet_service,no_internet_service,no_internet_service,no_internet_service,no_internet_service,two_year,0,mailed_check,24.7,571.75,0
3220,8205-vslrb,male,0,1,0,70,1,yes,dsl,yes,no,yes,yes,no,yes,two_year,0,credit_card_(automatic),77.3,5498.2,0
3221,5960-mvtuk,male,0,0,0,3,0,no_phone_service,dsl,no,no,no,yes,no,no,month-to-month,1,electronic_check,29.75,96.85,0
3222,6817-wtyhe,male,0,0,0,2,1,no,dsl,no,no,no,no,no,no,month-to-month,0,bank_transfer_(automatic),44.9,111.05,0
3223,3082-vqxnh,male,0,1,0,3,0,no_phone_service,dsl,no,yes,no,no,no,no,month-to-month,0,credit_card_(automatic),29.8,94.4,0
3224,4013-ubxwq,female,0,0,0,7,1,yes,dsl,no,no,no,yes,yes,yes,month-to-month,1,electronic_check,74.65,521.1,1
3225,4931-trzwn,female,0,0,0,13,1,no,dsl,yes,no,no,no,yes,yes,month-to-month,1,electronic_check,71.95,923.85,0
3226,0750-ekngl,male,0,0,0,7,1,no,no,no_internet_service,no_internet_service,no_internet_service,no_internet_service,no_internet_service,no_internet_service,month-to-month,0,mailed_check,20.75,141.1,0
3227,7669-lcrsd,male,0,1,1,12,1,no,dsl,no,no,no,no,yes,no,month-to-month,1,mailed_check,56.3,628.65,0
3228,3567-pqtso,male,0,1,1,53,1,yes,fiber_optic,no,yes,yes,no,yes,yes,one_year,1,electronic_check,105.25,5576.3,0
3229,5519-nphvg,female,0,0,0,12,1,yes,fiber_optic,no,no,no,no,yes,yes,month-to-month,1,electronic_check,94.2,1046.1,1
3230,8043-pnysd,male,0,1,1,63,1,no,no,no_internet_service,no_internet_service,no_internet_service,no_internet_service,no_internet_service,no_internet_service,two_year,0,mailed_check,19.55,1245.6,0
3231,9938-ekrgf,female,0,0,0,15,1,no,dsl,yes,yes,yes,yes,yes,yes,month-to-month,0,mailed_check,84.45,1287.85,0
3232,2703-amtul,male,0,1,1,36,1,no,dsl,yes,yes,no,no,no,no,one_year,0,mailed_check,53.65,1939.35,0
3233,0928-jmxnp,male,1,1,0,4,0,no_phone_service,dsl,no,no,yes,no,no,no,month-to-month,1,electronic_check,29.9,118.25,0
3234,8173-rxayp,female,0,1,1,24,1,no,no,no_internet_service,no_internet_service,no_internet_service,no_internet_service,no_internet_service,no_internet_service,two_year,0,mailed_check,19.7,452.55,0
3235,4825-xjgdm,female,0,0,0,61,0,no_phone_service,dsl,yes,yes,yes,yes,no,no,one_year,0,credit_card_(automatic),43.7,2696.55,0
3236,5402-htotq,male,0,0,0,16,1,yes,dsl,no,yes,no,no,no,no,month-to-month,0,electronic_check,55.3,875.35,0
3237,6734-jdttv,male,0,1,1,65,1,no,no,no_internet_service,no_internet_service,no_internet_service,no_internet_service,no_internet_service,no_internet_service,two_year,1,credit_card_(automatic),19.85,1267.05,0
3238,7850-thjmu,female,0,1,1,26,1,no,no,no_internet_service,no_internet_service,no_internet_service,no_internet_service,no_internet_service,no_internet_service,two_year,0,credit_card_(automatic),19.65,494.9,0
3239,3890-rtcms,male,0,0,0,16,1,no,dsl,no,no,no,yes,no,no,month-to-month,1,mailed_check,49.45,799.0,0
3240,8849-gyokr,female,0,1,0,54,1,yes,fiber_optic,yes,yes,no,no,yes,yes,one_year,0,bank_transfer_(automatic),106.55,5763.3,1
3241,3148-blqjt,male,0,0,0,1,1,no,no,no_internet_service,no_internet_service,no_internet_service,no_internet_service,no_internet_service,no_internet_service,month-to-month,0,mailed_check,20.1,20.1,1
3242,3717-fdjfu,male,0,0,1,5,1,no,no,no_internet_service,no_internet_service,no_internet_service,no_internet_service,no_internet_service,no_internet_service,two_year,0,mailed_check,20.45,106.9,0
3243,3665-jatsn,female,0,0,0,19,0,no_phone_service,dsl,no,yes,no,no,no,yes,month-to-month,1,electronic_check,39.7,710.05,0
3244,7966-yotqw,male,0,0,0,10,1,yes,dsl,yes,no,no,no,no,no,month-to-month,1,credit_card_(automatic),54.5,568.2,0
3245,0461-cvkmu,female,0,1,1,23,1,no,fiber_optic,no,yes,yes,yes,no,no,month-to-month,0,electronic_check,83.8,1900.25,1
3246,8806-eagwc,male,0,0,0,3,1,no,dsl,no,no,no,no,yes,no,month-to-month,0,mailed_check,55.15,159.15,1
3247,8853-tzdgh,female,0,0,0,72,1,yes,fiber_optic,no,yes,yes,yes,yes,yes,two_year,1,bank_transfer_(automatic),111.6,8012.75,0
3248,7779-lgovn,male,1,1,0,10,1,yes,fiber_optic,no,no,no,no,no,yes,month-to-month,1,electronic_check,86.65,856.65,1
3249,4324-bzckl,female,0,1,1,10,1,no,dsl,no,yes,yes,no,no,no,month-to-month,1,mailed_check,55.55,551.3,0
3250,6924-tdgmt,male,0,1,0,11,1,no,no,no_internet_service,no_internet_service,no_internet_service,no_internet_service,no_internet_service,no_internet_service,one_year,1,mailed_check,20.55,184.95,0
3251,9710-zushq,female,1,0,0,37,1,yes,fiber_optic,yes,yes,no,no,yes,yes,month-to-month,1,bank_transfer_(automatic),106.75,4056.75,1
3252,1536-yhdoe,male,0,1,1,17,1,yes,dsl,yes,no,no,yes,no,no,one_year,1,mailed_check,62.1,1096.65,0
3253,8123-qbnaz,female,0,1,1,36,1,yes,fiber_optic,yes,no,yes,no,yes,yes,month-to-month,1,credit_card_(automatic),104.5,3684.95,0
3254,3629-znkxa,male,1,0,0,17,1,no,fiber_optic,no,yes,yes,no,yes,yes,month-to-month,1,electronic_check,101.8,1752.45,0
3255,4827-ltqrj,female,1,1,1,66,1,yes,fiber_optic,yes,yes,no,yes,yes,yes,one_year,1,credit_card_(automatic),110.6,7210.85,0
3256,7711-yijwc,male,0,1,1,61,1,no,dsl,yes,yes,yes,yes,yes,yes,one_year,0,bank_transfer_(automatic),84.9,5264.5,0
3257,5482-vxsxj,male,0,0,0,22,1,no,fiber_optic,no,yes,no,no,yes,yes,month-to-month,1,mailed_check,93.2,2157.3,0
3258,7365-bvcjh,male,0,0,0,1,0,no_phone_service,dsl,no,no,no,no,no,no,month-to-month,1,electronic_check,24.4,24.4,0
3259,9620-enejv,female,0,0,0,6,1,no,fiber_optic,no,no,no,no,no,no,month-to-month,0,credit_card_(automatic),70.55,433.95,0
3260,4183-wcsep,male,0,0,0,31,1,no,fiber_optic,no,yes,no,yes,no,no,month-to-month,1,electronic_check,78.45,2435.15,1
3261,2378-yizka,female,0,1,1,68,1,no,dsl,yes,yes,yes,yes,yes,yes,two_year,1,credit_card_(automatic),85.0,5607.75,0
3262,5498-txhlf,female,0,1,1,34,1,yes,fiber_optic,no,no,yes,no,yes,no,month-to-month,0,electronic_check,87.45,2874.15,1
3263,0689-dsxgl,female,0,1,1,52,1,no,fiber_optic,no,yes,yes,yes,no,no,month-to-month,0,bank_transfer_(automatic),85.8,4433.3,0
3264,6818-djxaa,female,0,0,1,10,1,no,fiber_optic,no,no,yes,yes,yes,no,month-to-month,1,electronic_check,91.1,964.35,0
3265,9722-ujojr,male,0,1,1,29,1,no,fiber_optic,no,no,no,no,no,no,month-to-month,1,electronic_check,70.75,1974.8,1
3266,0464-wjtko,female,0,1,1,72,1,no,no,no_internet_service,no_internet_service,no_internet_service,no_internet_service,no_internet_service,no_internet_service,two_year,0,bank_transfer_(automatic),20.1,1460.85,0
3267,8902-zeovf,male,0,1,1,47,1,no,no,no_internet_service,no_internet_service,no_internet_service,no_internet_service,no_internet_service,no_internet_service,one_year,0,mailed_check,20.05,951.55,0
3268,6778-eicrf,male,0,1,1,24,1,yes,dsl,yes,no,no,no,yes,yes,one_year,0,mailed_check,74.8,1821.2,0
3269,2662-nntdk,male,0,0,0,65,1,yes,no,no_internet_service,no_internet_service,no_internet_service,no_internet_service,no_internet_service,no_internet_service,one_year,0,credit_card_(automatic),24.8,1600.95,0
3270,4132-kalro,female,0,0,0,4,1,yes,fiber_optic,no,no,no,yes,yes,yes,month-to-month,1,mailed_check,100.85,399.25,0
3271,3902-foigh,male,1,1,0,12,1,yes,fiber_optic,no,yes,no,no,yes,yes,month-to-month,1,electronic_check,101.35,1218.55,1
3272,6772-ksatr,male,0,0,0,1,1,yes,fiber_optic,yes,no,no,no,no,no,month-to-month,1,electronic_check,81.7,81.7,1
3273,7112-opotk,male,0,0,0,33,1,no,fiber_optic,no,no,no,no,no,no,month-to-month,0,electronic_check,68.25,2171.15,1
3274,2874-yxvva,female,0,0,0,34,1,no,fiber_optic,no,yes,yes,yes,yes,yes,month-to-month,1,electronic_check,105.1,3634.8,0
3275,1245-harps,female,0,1,0,14,1,no,no,no_internet_service,no_internet_service,no_internet_service,no_internet_service,no_internet_service,no_internet_service,two_year,0,mailed_check,20.4,292.4,0
3276,4210-qfjmf,female,0,0,0,4,1,no,fiber_optic,no,no,no,no,no,yes,month-to-month,1,electronic_check,79.15,317.25,1
3277,4323-elyyb,male,0,1,1,13,1,no,no,no_internet_service,no_internet_service,no_internet_service,no_internet_service,no_internet_service,no_internet_service,one_year,0,mailed_check,20.0,218.55,0
3278,4293-etkap,female,0,1,1,65,1,yes,dsl,no,yes,no,yes,yes,yes,two_year,1,bank_transfer_(automatic),79.4,5071.9,0
3279,6064-pupmc,male,0,1,1,23,1,no,dsl,yes,no,no,yes,no,no,one_year,0,credit_card_(automatic),57.2,1423.35,0
3280,6504-vblfl,male,0,1,0,55,1,no,dsl,yes,yes,yes,no,no,no,two_year,0,electronic_check,58.6,3068.6,0
3281,6322-pjjdj,male,0,1,0,49,1,no,fiber_optic,no,yes,no,no,yes,yes,two_year,1,electronic_check,94.8,4690.65,0
3282,0330-bgyze,male,0,1,0,60,1,yes,fiber_optic,no,yes,yes,no,yes,yes,one_year,0,bank_transfer_(automatic),102.5,6157.6,0
3283,1085-ldwam,female,0,1,1,69,1,no,no,no_internet_service,no_internet_service,no_internet_service,no_internet_service,no_internet_service,no_internet_service,one_year,1,credit_card_(automatic),20.35,1442.65,0
3284,7586-zatgz,male,0,0,0,40,1,yes,fiber_optic,no,no,no,no,yes,no,month-to-month,1,electronic_check,84.9,3369.05,0
3285,7197-vojmm,male,0,1,0,67,1,no,dsl,yes,yes,no,yes,no,yes,two_year,1,credit_card_(automatic),69.2,4671.65,0
3286,3318-osats,male,1,0,0,35,1,yes,fiber_optic,no,no,no,no,yes,yes,month-to-month,1,electronic_check,95.45,3474.05,1
3287,5828-avipd,male,0,1,1,19,1,yes,fiber_optic,no,no,no,yes,yes,yes,one_year,1,electronic_check,100.95,1875.55,1
3288,1843-tlsgd,female,0,1,1,13,1,no,no,no_internet_service,no_internet_service,no_internet_service,no_internet_service,no_internet_service,no_internet_service,two_year,0,mailed_check,20.85,272.35,0
3289,9626-vfrgg,female,0,0,1,41,1,yes,fiber_optic,no,yes,no,no,yes,no,month-to-month,1,bank_transfer_(automatic),88.5,3645.05,0
3290,7075-bndvq,female,0,0,0,4,0,no_phone_service,dsl,yes,no,yes,no,no,no,month-to-month,0,mailed_check,35.0,135.75,0
3291,9143-canjf,female,0,1,1,24,1,no,dsl,yes,no,no,yes,no,no,month-to-month,0,electronic_check,55.15,1319.85,0
3292,7284-buyec,female,0,0,0,5,0,no_phone_service,dsl,no,yes,no,no,yes,yes,month-to-month,1,credit_card_(automatic),50.95,229.4,0
3293,2041-jijci,female,0,0,0,5,1,yes,dsl,no,yes,no,no,no,yes,month-to-month,1,electronic_check,64.0,370.25,0
3294,1086-lxkfy,female,0,1,1,1,1,no,fiber_optic,no,no,no,no,no,no,month-to-month,1,mailed_check,69.1,69.1,1
3295,4900-msomt,female,0,1,1,72,1,yes,dsl,yes,yes,yes,yes,yes,no,two_year,0,bank_transfer_(automatic),80.2,5714.2,0
3296,2229-vwqjh,female,0,0,0,24,1,no,dsl,no,no,yes,no,no,no,month-to-month,1,credit_card_(automatic),49.3,1233.25,0
3297,9194-gfvoi,female,0,1,0,42,1,yes,dsl,yes,no,yes,yes,yes,yes,two_year,0,credit_card_(automatic),84.35,3571.6,0
3298,1336-ezfzy,female,0,0,0,4,1,no,no,no_internet_service,no_internet_service,no_internet_service,no_internet_service,no_internet_service,no_internet_service,month-to-month,0,mailed_check,20.05,83.3,0
3299,4282-msacw,male,0,0,0,68,1,yes,fiber_optic,yes,yes,yes,yes,yes,yes,one_year,1,credit_card_(automatic),117.2,8035.95,0
3300,1403-lklik,female,0,1,1,33,1,no,no,no_internet_service,no_internet_service,no_internet_service,no_internet_service,no_internet_service,no_internet_service,one_year,0,mailed_check,20.1,579.4,0
3301,2636-alxxz,female,1,0,0,1,1,no,fiber_optic,no,no,no,no,no,no,month-to-month,1,electronic_check,69.6,69.6,1
3302,7774-ojsxi,male,0,0,0,31,1,yes,fiber_optic,no,yes,yes,no,yes,yes,one_year,1,electronic_check,103.45,3066.45,1
3303,7786-wbjyi,female,0,0,0,4,1,yes,fiber_optic,no,yes,no,no,no,no,month-to-month,0,bank_transfer_(automatic),77.95,305.55,1
3304,0136-ifmyd,male,1,1,0,69,1,yes,fiber_optic,no,yes,yes,yes,yes,yes,two_year,1,electronic_check,109.95,7634.25,0
3305,5144-tvglp,male,1,0,0,38,1,yes,fiber_optic,no,no,no,no,yes,yes,month-to-month,0,electronic_check,94.75,3653.0,0
3306,9643-avvwi,female,0,1,1,3,1,no,fiber_optic,no,yes,no,yes,no,no,month-to-month,1,electronic_check,80.0,241.3,0
3307,0253-zteob,female,0,1,1,48,1,yes,dsl,no,yes,no,yes,yes,yes,two_year,0,electronic_check,79.65,3870.3,0
3308,2706-qzihy,female,0,1,0,15,1,yes,no,no_internet_service,no_internet_service,no_internet_service,no_internet_service,no_internet_service,no_internet_service,two_year,0,mailed_check,25.2,387.9,0
3309,6061-pqhmk,female,0,0,0,25,1,no,no,no_internet_service,no_internet_service,no_internet_service,no_internet_service,no_internet_service,no_internet_service,one_year,0,credit_card_(automatic),19.9,527.5,0
3310,9885-csmwe,female,1,0,0,1,1,no,fiber_optic,no,no,no,no,yes,no,month-to-month,0,electronic_check,78.45,78.45,1
3311,6137-mfajn,female,0,0,0,48,0,no_phone_service,dsl,yes,yes,no,no,yes,no,month-to-month,1,electronic_check,44.8,2104.55,0
3312,9122-umrob,male,0,0,0,1,1,no,no,no_internet_service,no_internet_service,no_internet_service,no_internet_service,no_internet_service,no_internet_service,month-to-month,0,mailed_check,20.3,20.3,0
3313,4232-jgkiy,male,0,0,0,1,1,no,no,no_internet_service,no_internet_service,no_internet_service,no_internet_service,no_internet_service,no_internet_service,month-to-month,0,electronic_check,19.2,19.2,0
3314,2402-tairz,female,0,0,0,37,1,no,fiber_optic,no,yes,yes,no,no,no,one_year,0,electronic_check,80.05,3019.1,0
3315,9659-ztwsm,male,1,1,0,66,1,yes,fiber_optic,no,yes,yes,yes,yes,yes,one_year,1,bank_transfer_(automatic),107.35,7051.95,0
3316,9139-twbas,female,0,1,0,26,0,no_phone_service,dsl,yes,yes,yes,no,yes,no,one_year,0,bank_transfer_(automatic),47.85,1190.5,0
3317,6685-gbwjz,male,0,1,0,63,1,no,dsl,yes,yes,no,yes,yes,no,one_year,0,credit_card_(automatic),70.8,4448.8,0
3318,5016-ettff,male,0,0,0,10,0,no_phone_service,dsl,no,no,yes,no,no,no,month-to-month,0,mailed_check,29.5,255.25,1
3319,3866-mdtub,female,0,0,0,2,1,no,dsl,yes,no,no,no,yes,yes,month-to-month,1,electronic_check,70.75,146.9,1
3320,2195-vvrjf,male,1,1,0,18,1,no,dsl,yes,no,no,no,no,yes,month-to-month,1,credit_card_(automatic),59.1,1011.05,0
3321,3913-rdsjz,female,0,1,0,64,1,yes,no,no_internet_service,no_internet_service,no_internet_service,no_internet_service,no_internet_service,no_internet_service,two_year,0,mailed_check,25.55,1714.95,0
3322,8058-jmeqo,female,1,0,0,9,1,yes,fiber_optic,no,no,no,no,no,yes,month-to-month,1,electronic_check,84.45,762.5,1
3323,4203-qgnza,female,0,0,1,28,1,no,no,no_internet_service,no_internet_service,no_internet_service,no_internet_service,no_internet_service,no_internet_service,month-to-month,0,mailed_check,20.25,535.35,0
3324,5043-trzwm,female,0,0,0,1,1,no,fiber_optic,no,no,yes,no,no,no,month-to-month,0,electronic_check,75.55,75.55,0
3325,0697-zmsws,male,0,0,0,4,1,yes,fiber_optic,no,no,no,no,no,yes,month-to-month,1,electronic_check,85.65,338.9,1
3326,7657-dyepj,male,1,0,0,38,1,no,dsl,no,yes,yes,yes,yes,no,one_year,1,credit_card_(automatic),70.15,2497.35,1
3327,9494-bdnnc,male,0,1,0,66,1,yes,fiber_optic,no,yes,yes,no,no,yes,one_year,0,electronic_check,95.3,6273.4,0
3328,1640-plfmp,female,0,0,0,1,1,no,fiber_optic,no,no,no,no,no,no,month-to-month,1,electronic_check,70.25,70.25,0
3329,5366-obvmr,female,0,1,0,18,1,no,dsl,no,no,no,yes,no,no,month-to-month,1,mailed_check,50.3,908.75,0
3330,8276-mqbyc,male,1,0,0,51,1,yes,fiber_optic,no,no,yes,no,yes,yes,month-to-month,1,electronic_check,97.8,4913.3,1
3331,7644-omvmy,male,0,1,1,0,1,no,no,no_internet_service,no_internet_service,no_internet_service,no_internet_service,no_internet_service,no_internet_service,two_year,0,mailed_check,19.85,1397.475,0
3332,7593-xfkdi,male,0,0,0,1,1,no,dsl,no,no,no,no,no,no,month-to-month,0,mailed_check,46.3,46.3,1
3333,4573-jknae,male,0,0,1,12,1,no,no,no_internet_service,no_internet_service,no_internet_service,no_internet_service,no_internet_service,no_internet_service,two_year,0,bank_transfer_(automatic),19.35,212.3,0
3334,0337-cnpze,female,0,0,0,41,1,yes,fiber_optic,no,yes,yes,no,yes,yes,month-to-month,1,electronic_check,106.3,4443.45,1
3335,9817-aplhw,male,0,0,0,12,1,yes,no,no_internet_service,no_internet_service,no_internet_service,no_internet_service,no_internet_service,no_internet_service,month-to-month,0,electronic_check,25.0,316.2,0
3336,8380-mqinp,female,0,1,1,55,1,no,no,no_internet_service,no_internet_service,no_internet_service,no_internet_service,no_internet_service,no_internet_service,two_year,0,mailed_check,20.3,1079.05,0
3337,0840-dfezh,female,0,0,0,7,1,yes,fiber_optic,no,no,no,no,no,no,month-to-month,1,electronic_check,75.35,564.65,0
3338,1513-xnpph,female,0,0,0,12,1,no,fiber_optic,no,no,yes,yes,no,yes,month-to-month,1,electronic_check,89.4,1095.65,1
3339,8690-zvlcl,female,0,1,1,68,1,yes,dsl,yes,yes,yes,yes,yes,yes,two_year,0,credit_card_(automatic),88.0,6161.9,0
3340,6015-vvhhe,female,1,0,0,5,1,yes,fiber_optic,no,no,no,no,yes,no,month-to-month,1,credit_card_(automatic),83.15,446.05,1
3341,1125-snvck,female,1,0,0,49,1,no,dsl,no,no,no,no,no,no,month-to-month,0,mailed_check,43.8,2106.05,0
3342,0384-lpite,male,0,0,0,40,0,no_phone_service,dsl,yes,yes,yes,no,yes,yes,one_year,0,credit_card_(automatic),62.05,2511.55,0
3343,4616-ewbnj,female,0,0,0,16,1,no,no,no_internet_service,no_internet_service,no_internet_service,no_internet_service,no_internet_service,no_internet_service,one_year,0,bank_transfer_(automatic),20.1,318.6,0
3344,6347-dcuik,male,0,0,0,10,1,yes,fiber_optic,no,no,no,no,no,no,month-to-month,1,mailed_check,74.15,811.8,1
3345,1335-hqmkx,female,0,1,0,72,1,yes,fiber_optic,no,yes,yes,no,yes,yes,one_year,1,electronic_check,101.35,7323.15,0
3346,2545-ebupk,female,1,0,0,2,1,yes,fiber_optic,no,no,no,no,no,yes,month-to-month,1,electronic_check,84.05,186.05,0
3347,6923-aqonu,male,0,1,1,23,1,no,no,no_internet_service,no_internet_service,no_internet_service,no_internet_service,no_internet_service,no_internet_service,two_year,0,mailed_check,20.9,454.0,0
3348,2172-ejxvf,female,1,0,0,71,1,yes,fiber_optic,no,yes,yes,no,yes,yes,one_year,1,electronic_check,105.9,7521.95,0
3349,0897-fegmu,female,0,1,0,11,1,yes,fiber_optic,no,no,yes,no,yes,yes,month-to-month,1,electronic_check,99.5,1056.95,1
3350,7663-rgwbc,male,0,0,0,1,1,no,dsl,no,no,no,no,no,no,month-to-month,1,mailed_check,44.15,44.15,1
3351,1120-bmwub,female,0,0,0,16,1,no,dsl,no,yes,no,yes,no,no,month-to-month,1,mailed_check,53.9,834.15,1
3352,9124-lhcjq,female,0,0,0,1,1,yes,fiber_optic,no,no,no,no,no,yes,month-to-month,1,mailed_check,85.45,85.45,1
3353,4536-pleqy,male,0,1,0,12,1,no,fiber_optic,no,yes,no,no,no,yes,month-to-month,1,credit_card_(automatic),85.05,999.8,0
3354,7029-ijejk,female,0,0,0,54,0,no_phone_service,dsl,yes,no,no,yes,no,yes,one_year,0,bank_transfer_(automatic),44.1,2369.7,0
3355,8871-jlmhm,female,0,1,0,68,1,yes,fiber_optic,no,yes,yes,yes,no,no,two_year,0,credit_card_(automatic),90.2,6297.65,0
3356,2235-zgkpt,female,0,1,1,4,1,yes,dsl,no,no,no,no,no,no,month-to-month,0,mailed_check,50.85,239.55,1
3357,3891-puqod,female,0,0,1,1,1,no,dsl,no,no,yes,no,no,yes,month-to-month,0,electronic_check,59.2,59.2,1
3358,5447-vytkw,male,0,0,0,27,1,no,dsl,yes,no,no,yes,no,no,month-to-month,0,mailed_check,53.45,1461.45,0
3359,3623-fqbox,male,0,0,0,21,1,no,no,no_internet_service,no_internet_service,no_internet_service,no_internet_service,no_internet_service,no_internet_service,month-to-month,1,mailed_check,19.95,416.4,0
3360,0689-nkylf,male,0,0,0,13,1,no,fiber_optic,no,no,yes,no,yes,no,month-to-month,1,electronic_check,83.2,1060.6,1
3361,8659-hdiye,female,1,0,0,64,1,yes,dsl,no,yes,yes,yes,no,yes,month-to-month,0,credit_card_(automatic),74.65,4869.35,0
3362,3658-kibgf,female,0,0,0,1,1,no,dsl,yes,yes,no,no,no,no,month-to-month,1,electronic_check,54.9,54.9,1
3363,3474-bafsj,male,0,1,0,57,0,no_phone_service,dsl,no,yes,yes,yes,yes,yes,two_year,1,bank_transfer_(automatic),57.5,3265.95,0
3364,5519-yldgw,female,0,1,0,21,1,yes,fiber_optic,yes,no,yes,no,yes,yes,month-to-month,1,electronic_check,103.9,2254.2,1
3365,3865-zfzib,male,0,0,0,19,1,no,no,no_internet_service,no_internet_service,no_internet_service,no_internet_service,no_internet_service,no_internet_service,two_year,0,mailed_check,19.65,358.15,0
3366,1855-agawh,male,0,1,0,31,1,no,fiber_optic,no,no,yes,no,yes,yes,one_year,1,electronic_check,93.8,2939.8,0
3367,7109-cqyuz,male,0,0,0,52,1,yes,dsl,yes,yes,yes,yes,yes,yes,two_year,1,mailed_check,89.25,4652.4,0
3368,1370-ggawx,female,0,0,0,46,1,yes,fiber_optic,no,yes,yes,no,no,yes,one_year,1,electronic_check,94.15,4408.45,0
3369,4680-kutaj,female,1,0,0,11,1,yes,dsl,yes,no,no,no,no,no,month-to-month,1,electronic_check,55.6,580.8,0
3370,5307-uvgnb,female,0,1,1,53,0,no_phone_service,dsl,yes,yes,yes,no,no,yes,month-to-month,1,bank_transfer_(automatic),48.7,2495.2,0
3371,4946-edsew,female,0,1,1,11,1,no,no,no_internet_service,no_internet_service,no_internet_service,no_internet_service,no_internet_service,no_internet_service,month-to-month,1,mailed_check,19.25,180.3,1
3372,2883-ilgwo,male,1,0,0,57,1,yes,fiber_optic,no,yes,no,yes,yes,yes,month-to-month,1,bank_transfer_(automatic),104.9,5913.95,0
3373,2516-vqrrv,female,1,0,0,2,1,yes,fiber_optic,no,no,no,no,no,no,month-to-month,1,mailed_check,75.45,158.4,1
3374,7580-ugxnc,female,1,0,0,2,1,no,dsl,yes,yes,no,no,no,no,month-to-month,0,mailed_check,54.85,104.2,1
3375,3642-byhdo,female,0,1,1,71,1,no,no,no_internet_service,no_internet_service,no_internet_service,no_internet_service,no_internet_service,no_internet_service,two_year,0,bank_transfer_(automatic),19.9,1389.35,0
3376,9629-nhxfw,female,0,1,1,1,1,no,no,no_internet_service,no_internet_service,no_internet_service,no_internet_service,no_internet_service,no_internet_service,month-to-month,1,mailed_check,19.4,19.4,0
3377,2696-rzvzw,male,0,1,0,68,1,yes,no,no_internet_service,no_internet_service,no_internet_service,no_internet_service,no_internet_service,no_internet_service,two_year,0,credit_card_(automatic),25.05,1629.2,0
3378,5766-ftrts,male,0,1,0,72,1,no,dsl,yes,yes,yes,yes,yes,yes,two_year,0,mailed_check,84.45,6033.1,0
3379,0396-hujbp,female,0,0,0,2,1,no,no,no_internet_service,no_internet_service,no_internet_service,no_internet_service,no_internet_service,no_internet_service,month-to-month,0,mailed_check,19.3,44.4,0
3380,5178-lmxop,male,1,1,0,1,1,yes,fiber_optic,no,no,no,no,yes,yes,month-to-month,1,electronic_check,95.1,95.1,1
3381,8879-zkjof,female,0,0,0,41,1,no,dsl,yes,no,yes,yes,yes,yes,one_year,1,bank_transfer_(automatic),79.85,3320.75,0
3382,6285-ftqbf,male,0,1,1,72,1,yes,no,no_internet_service,no_internet_service,no_internet_service,no_internet_service,no_internet_service,no_internet_service,two_year,0,credit_card_(automatic),25.55,1867.7,0
3383,8185-upybr,male,0,1,0,6,1,yes,fiber_optic,no,no,no,no,no,no,month-to-month,1,electronic_check,75.5,438.0,1
3384,4585-hetai,female,0,1,1,4,1,no,fiber_optic,no,no,yes,no,no,no,month-to-month,1,electronic_check,73.75,325.45,1
3385,7526-bezqb,male,0,0,0,12,1,yes,fiber_optic,no,no,no,no,yes,yes,month-to-month,1,electronic_check,96.05,1148.1,1
3386,1474-juwsm,female,0,1,0,58,1,yes,dsl,yes,no,no,yes,no,yes,one_year,1,electronic_check,68.4,3972.25,0
3387,3530-crzsb,female,0,0,0,7,1,no,no,no_internet_service,no_internet_service,no_internet_service,no_internet_service,no_internet_service,no_internet_service,month-to-month,0,mailed_check,20.65,155.9,0
3388,8498-xxgwa,female,0,1,0,65,1,no,dsl,yes,no,yes,no,no,no,month-to-month,1,mailed_check,55.15,3673.15,0
3389,9617-ingjy,male,0,0,0,1,1,no,fiber_optic,no,no,no,no,no,no,month-to-month,1,mailed_check,70.6,70.6,0
3390,0621-tssmu,male,0,1,0,56,1,no,no,no_internet_service,no_internet_service,no_internet_service,no_internet_service,no_internet_service,no_internet_service,one_year,0,credit_card_(automatic),19.95,1126.75,0
3391,7234-kmnrq,male,0,0,0,4,1,no,no,no_internet_service,no_internet_service,no_internet_service,no_internet_service,no_internet_service,no_internet_service,month-to-month,0,mailed_check,19.0,73.45,0
3392,7636-pepns,female,0,1,1,58,1,no,dsl,no,no,no,no,no,no,one_year,1,mailed_check,44.1,2413.05,0
3393,4683-wydou,male,0,1,0,62,1,yes,fiber_optic,no,no,yes,yes,yes,yes,two_year,1,bank_transfer_(automatic),107.6,6912.7,0
3394,9052-dhnkm,male,0,0,0,26,1,yes,dsl,yes,yes,no,no,no,no,one_year,0,electronic_check,61.55,1581.95,0
3395,6794-hkiaj,male,0,0,0,62,1,yes,fiber_optic,yes,yes,yes,no,no,no,month-to-month,0,bank_transfer_(automatic),90.7,5586.45,0
3396,5578-nkcxi,female,0,1,1,58,1,no,fiber_optic,yes,yes,no,no,yes,yes,one_year,0,credit_card_(automatic),99.25,5846.65,0
3397,1642-hmarx,female,0,1,0,68,1,yes,dsl,yes,yes,yes,yes,yes,yes,two_year,1,electronic_check,91.7,6424.7,0
3398,3096-wpxbt,female,0,1,1,61,1,yes,fiber_optic,yes,yes,yes,no,no,yes,one_year,1,credit_card_(automatic),100.7,6018.65,0
3399,8434-pnqzx,female,0,0,0,42,1,yes,dsl,no,no,yes,yes,yes,yes,two_year,1,credit_card_(automatic),78.45,3373.4,0
3400,5950-aaagj,male,0,0,0,18,1,yes,fiber_optic,no,no,no,no,yes,no,month-to-month,0,bank_transfer_(automatic),84.3,1537.9,0
3401,4299-opxej,female,0,0,0,56,1,no,no,no_internet_service,no_internet_service,no_internet_service,no_internet_service,no_internet_service,no_internet_service,two_year,1,bank_transfer_(automatic),19.55,1080.55,0
3402,4951-ukaaq,female,0,0,0,4,1,yes,fiber_optic,no,yes,no,no,no,yes,month-to-month,1,electronic_check,88.95,355.2,1
3403,9618-lfjru,female,0,0,0,4,1,no,no,no_internet_service,no_internet_service,no_internet_service,no_internet_service,no_internet_service,no_internet_service,month-to-month,0,credit_card_(automatic),20.45,82.85,0
3404,6693-djwty,female,0,0,1,35,1,no,dsl,yes,yes,no,no,no,no,one_year,0,credit_card_(automatic),55.6,2016.45,0
3405,0744-gknge,female,0,1,1,64,1,yes,fiber_optic,yes,no,no,yes,no,no,month-to-month,1,bank_transfer_(automatic),86.8,5327.25,0
3406,6447-egdiv,female,0,0,0,31,1,no,no,no_internet_service,no_internet_service,no_internet_service,no_internet_service,no_internet_service,no_internet_service,one_year,0,mailed_check,20.95,683.25,0
3407,1167-oyzjf,female,1,1,0,67,1,no,no,no_internet_service,no_internet_service,no_internet_service,no_internet_service,no_internet_service,no_internet_service,two_year,1,bank_transfer_(automatic),20.05,1263.05,0
3408,2108-ykqty,female,0,0,0,4,1,no,dsl,no,yes,no,no,no,no,month-to-month,0,credit_card_(automatic),50.7,151.3,1
3409,4806-dxqce,female,1,1,0,70,1,yes,fiber_optic,yes,yes,yes,yes,yes,yes,two_year,1,electronic_check,113.65,7714.65,0
3410,4918-qlliw,male,0,0,0,3,1,no,dsl,no,no,no,no,yes,no,month-to-month,0,credit_card_(automatic),53.4,188.7,1
3411,7056-imhcc,male,1,1,0,53,1,yes,fiber_optic,no,yes,no,no,yes,yes,month-to-month,1,electronic_check,101.9,5549.4,1
3412,4854-ssltn,male,0,1,1,2,1,no,dsl,yes,yes,no,yes,no,no,two_year,0,mailed_check,59.5,130.5,0
3413,5294-dmsfh,female,0,1,1,29,1,no,fiber_optic,no,no,no,no,yes,yes,month-to-month,1,credit_card_(automatic),87.8,2621.75,0
3414,4837-pztic,female,0,0,0,47,0,no_phone_service,dsl,yes,no,yes,yes,no,no,two_year,0,mailed_check,41.9,1875.25,0
3415,1625-jaiiy,female,0,1,1,68,1,yes,fiber_optic,no,no,no,no,yes,no,one_year,1,electronic_check,83.0,5685.8,1
3416,0603-olqdc,male,0,0,1,12,1,no,dsl,yes,no,no,no,yes,yes,month-to-month,1,mailed_check,69.85,837.5,0
3417,3272-vuhpv,female,0,1,1,8,1,no,dsl,no,yes,no,yes,no,no,month-to-month,0,bank_transfer_(automatic),56.3,401.5,0
3418,4176-fxybo,male,0,1,0,54,1,yes,fiber_optic,yes,yes,yes,no,yes,yes,month-to-month,0,electronic_check,109.55,6118.95,0
3419,1063-dhqjf,male,0,1,1,69,1,no,fiber_optic,no,yes,no,yes,yes,no,two_year,1,mailed_check,92.15,6480.9,0
3420,8663-updgf,female,0,0,0,26,1,yes,dsl,yes,yes,no,no,yes,no,month-to-month,1,bank_transfer_(automatic),69.5,1800.05,0
3421,6719-fgedo,female,0,1,0,72,1,yes,fiber_optic,yes,yes,yes,yes,no,no,two_year,1,bank_transfer_(automatic),97.0,7104.2,0
3422,1837-yquce,female,0,0,0,70,0,no_phone_service,dsl,yes,no,yes,yes,yes,yes,two_year,1,bank_transfer_(automatic),58.35,4214.25,0
3423,2947-domlj,male,0,0,1,1,1,no,dsl,yes,no,no,no,no,no,month-to-month,0,mailed_check,50.6,50.6,1
3424,4112-lueiz,male,0,0,0,10,1,no,fiber_optic,no,no,no,no,yes,yes,month-to-month,1,electronic_check,89.5,863.1,1
3425,0369-zgovk,female,0,1,1,28,1,no,fiber_optic,no,no,no,no,no,no,one_year,1,bank_transfer_(automatic),70.4,1992.2,0
3426,4510-himlv,male,0,0,0,1,1,no,fiber_optic,no,no,no,no,no,no,month-to-month,1,electronic_check,69.8,69.8,1
3427,9919-knpoo,female,0,1,0,21,1,yes,fiber_optic,no,no,no,no,yes,yes,month-to-month,1,electronic_check,94.3,1948.35,0
3428,8749-jmnkx,male,1,1,0,51,1,yes,fiber_optic,yes,no,yes,no,yes,no,month-to-month,1,bank_transfer_(automatic),93.8,4750.95,1
3429,7872-baazr,female,0,1,1,53,1,no,no,no_internet_service,no_internet_service,no_internet_service,no_internet_service,no_internet_service,no_internet_service,one_year,0,bank_transfer_(automatic),19.55,1007.9,0
3430,9391-lmann,male,0,0,1,53,1,no,fiber_optic,yes,yes,yes,no,no,yes,one_year,0,electronic_check,95.95,5036.9,0
3431,2430-usgxp,male,0,1,0,24,1,yes,fiber_optic,no,no,yes,no,yes,yes,month-to-month,1,electronic_check,101.05,2391.8,1
3432,8174-tbvcf,female,0,1,0,70,1,yes,dsl,yes,yes,yes,yes,yes,yes,two_year,1,credit_card_(automatic),94.8,6859.05,0
3433,1698-xfzci,male,0,0,0,61,1,yes,fiber_optic,yes,yes,yes,no,yes,yes,one_year,1,electronic_check,107.75,6521.9,0
3434,1877-hkbqx,female,0,0,0,11,1,no,dsl,yes,no,no,yes,no,no,one_year,1,mailed_check,54.6,617.85,0
3435,4450-dllmh,male,0,0,0,2,1,no,fiber_optic,no,no,no,no,no,no,month-to-month,1,credit_card_(automatic),71.3,157.75,0
3436,0428-axxlj,male,0,0,0,25,1,no,no,no_internet_service,no_internet_service,no_internet_service,no_internet_service,no_internet_service,no_internet_service,one_year,1,bank_transfer_(automatic),19.5,516.3,0
3437,2746-dijlo,female,0,0,0,41,1,yes,dsl,no,yes,no,no,no,no,one_year,1,credit_card_(automatic),56.3,2364.0,0
3438,5955-erihd,male,0,1,0,18,1,yes,fiber_optic,no,no,no,no,yes,yes,month-to-month,1,electronic_check,94.7,1687.95,1
3439,0917-ezola,male,1,1,0,72,1,yes,fiber_optic,no,yes,yes,no,yes,yes,two_year,1,bank_transfer_(automatic),104.15,7689.95,1
3440,3508-vlhcz,female,0,1,1,71,1,yes,dsl,yes,yes,yes,yes,yes,yes,two_year,1,credit_card_(automatic),90.55,6239.05,0
3441,4086-atnfv,female,0,1,1,34,1,no,dsl,yes,yes,yes,no,no,no,one_year,1,mailed_check,60.8,2042.05,0
3442,0468-yrpxn,male,0,0,0,29,1,no,fiber_optic,no,no,yes,yes,yes,yes,month-to-month,1,credit_card_(automatic),98.8,2807.1,0
3443,5996-nrvxr,male,1,1,0,40,1,no,fiber_optic,yes,yes,yes,yes,yes,no,one_year,1,credit_card_(automatic),98.15,4116.8,0
3444,3739-ybwab,male,0,1,0,36,0,no_phone_service,dsl,yes,no,yes,no,no,no,one_year,0,mailed_check,35.35,1317.95,0
3445,7047-fweya,female,0,1,0,46,1,yes,fiber_optic,no,yes,no,yes,yes,yes,one_year,1,electronic_check,103.15,4594.65,0
3446,2000-mpkca,female,0,0,0,58,1,yes,fiber_optic,yes,yes,yes,no,yes,yes,one_year,1,electronic_check,107.75,6332.75,0
3447,9762-yaqaa,male,0,0,0,39,1,yes,fiber_optic,no,yes,no,no,no,no,one_year,0,credit_card_(automatic),81.4,3213.75,0
3448,5949-ebsqk,male,0,1,1,4,1,no,dsl,no,no,no,yes,no,yes,month-to-month,0,credit_card_(automatic),61.45,229.55,1
3449,5473-khbps,female,0,1,1,52,1,yes,fiber_optic,no,yes,yes,no,yes,no,one_year,1,credit_card_(automatic),95.7,4976.15,0
3450,0100-duvfc,male,1,1,0,70,1,yes,fiber_optic,no,yes,yes,no,yes,yes,one_year,1,electronic_check,104.8,7308.95,0
3451,5397-tupsh,male,1,1,0,65,1,no,fiber_optic,no,no,no,no,no,no,one_year,1,bank_transfer_(automatic),70.95,4555.2,0
3452,8950-mtznv,male,0,0,0,1,1,no,dsl,no,no,no,no,no,no,month-to-month,1,mailed_check,44.95,44.95,0
3453,0326-vdyxe,female,0,1,0,70,1,yes,fiber_optic,no,no,yes,no,yes,yes,one_year,1,electronic_check,97.65,6982.5,0
3454,6773-lqtvt,female,1,1,1,29,0,no_phone_service,dsl,no,yes,yes,no,no,no,month-to-month,1,mailed_check,35.65,1025.15,0
3455,7274-rtapz,male,0,0,0,1,1,no,fiber_optic,no,no,no,no,yes,yes,month-to-month,1,electronic_check,90.55,90.55,1
3456,0436-twffz,female,0,0,0,67,1,yes,dsl,yes,no,yes,yes,yes,yes,two_year,1,mailed_check,85.25,5714.2,0
3457,8566-yprgl,female,0,0,0,1,1,no,no,no_internet_service,no_internet_service,no_internet_service,no_internet_service,no_internet_service,no_internet_service,month-to-month,1,mailed_check,19.5,19.5,0
3458,0311-unpff,female,0,0,0,26,1,no,fiber_optic,no,no,no,no,yes,yes,month-to-month,1,bank_transfer_(automatic),88.8,2274.35,1
3459,6609-mxjhj,female,0,1,1,30,1,yes,no,no_internet_service,no_internet_service,no_internet_service,no_internet_service,no_internet_service,no_internet_service,two_year,1,mailed_check,25.1,789.55,0
3460,2669-oidsd,female,0,1,0,48,1,no,fiber_optic,no,no,yes,yes,yes,yes,month-to-month,1,credit_card_(automatic),100.05,4834.0,0
3461,8400-wzicq,female,0,1,1,55,1,no,dsl,yes,yes,no,no,no,no,month-to-month,0,electronic_check,55.7,3131.8,0
3462,3834-xuifc,male,0,0,0,7,1,yes,fiber_optic,no,no,no,no,no,yes,month-to-month,1,mailed_check,85.2,602.55,1
3463,9576-syuhj,male,0,0,0,37,1,yes,fiber_optic,yes,no,no,no,yes,no,month-to-month,1,electronic_check,91.15,3369.25,0
3464,0410-ipfty,female,0,1,0,31,1,no,fiber_optic,no,yes,no,no,no,yes,month-to-month,1,bank_transfer_(automatic),83.85,2674.15,0
3465,2831-ebwrn,male,0,0,0,4,1,no,dsl,no,no,no,no,no,no,month-to-month,1,electronic_check,45.9,199.75,0
3466,9430-nkqly,male,0,1,1,72,1,yes,no,no_internet_service,no_internet_service,no_internet_service,no_internet_service,no_internet_service,no_internet_service,two_year,1,credit_card_(automatic),25.1,1790.8,0
3467,8414-myshr,male,1,0,0,5,1,no,fiber_optic,no,no,no,no,yes,yes,month-to-month,1,electronic_check,91.4,449.75,1
3468,0247-sluji,male,0,1,1,1,1,no,no,no_internet_service,no_internet_service,no_internet_service,no_internet_service,no_internet_service,no_internet_service,month-to-month,0,mailed_check,19.7,19.7,0
3469,9402-orrah,female,1,0,0,15,1,no,fiber_optic,no,no,no,no,yes,yes,month-to-month,1,electronic_check,91.5,1400.3,0
3470,6483-oatdn,male,0,1,1,8,1,no,dsl,yes,no,no,no,no,no,month-to-month,1,credit_card_(automatic),51.3,411.6,0
3471,1293-hhshj,female,0,0,0,35,1,no,no,no_internet_service,no_internet_service,no_internet_service,no_internet_service,no_internet_service,no_internet_service,one_year,0,mailed_check,21.1,741.0,0
3472,4840-orqxb,female,1,0,0,56,1,yes,fiber_optic,no,yes,yes,no,yes,yes,month-to-month,0,electronic_check,104.75,5841.35,0
3473,7599-fkvxz,male,0,1,0,42,1,yes,fiber_optic,no,no,yes,yes,yes,yes,month-to-month,1,bank_transfer_(automatic),106.15,4512.7,1
3474,3982-dqlus,male,1,1,1,65,1,yes,fiber_optic,yes,yes,no,no,no,no,month-to-month,1,electronic_check,85.75,5688.45,0
3475,8610-zikjj,female,0,1,1,2,1,no,no,no_internet_service,no_internet_service,no_internet_service,no_internet_service,no_internet_service,no_internet_service,one_year,0,mailed_check,20.3,31.9,0
3476,3756-vnwdh,male,1,1,0,65,1,yes,fiber_optic,yes,no,no,no,yes,yes,one_year,1,electronic_check,100.75,6674.65,0
3477,7801-kicao,female,0,0,0,18,1,yes,fiber_optic,no,no,no,no,no,no,month-to-month,1,electronic_check,74.15,1345.75,0
3478,7673-lprny,female,0,0,0,23,1,yes,dsl,yes,no,yes,no,yes,yes,one_year,1,electronic_check,78.55,1843.05,0
3479,8229-tniqa,female,0,0,0,4,1,no,dsl,no,no,no,no,no,no,month-to-month,1,mailed_check,45.3,196.95,1
3480,6060-qbmgv,male,0,1,0,70,1,no,no,no_internet_service,no_internet_service,no_internet_service,no_internet_service,no_internet_service,no_internet_service,two_year,0,credit_card_(automatic),19.85,1433.8,0
3481,7339-pogzn,female,0,0,0,4,1,yes,dsl,no,no,no,no,no,no,month-to-month,0,electronic_check,50.7,214.55,0
3482,2828-slqpf,male,0,0,0,19,1,no,dsl,no,no,no,no,no,no,month-to-month,1,bank_transfer_(automatic),45.0,865.85,0
3483,4465-vdkiq,female,0,0,0,18,1,no,fiber_optic,no,yes,yes,no,no,no,month-to-month,0,electronic_check,77.8,1358.6,0
3484,2921-xwdjh,female,1,1,0,38,1,no,fiber_optic,yes,no,no,no,no,yes,month-to-month,1,electronic_check,83.45,3147.15,0
3485,6221-avqyl,male,0,0,0,2,1,yes,fiber_optic,no,no,no,no,no,no,month-to-month,1,credit_card_(automatic),73.25,131.05,1
3486,2558-buozz,male,0,0,0,47,1,yes,fiber_optic,yes,yes,no,no,yes,no,one_year,0,bank_transfer_(automatic),94.8,4535.85,0
3487,9257-azmtz,female,0,1,1,52,1,no,no,no_internet_service,no_internet_service,no_internet_service,no_internet_service,no_internet_service,no_internet_service,two_year,0,bank_transfer_(automatic),20.1,1078.75,0
3488,0003-mknfe,male,0,0,0,9,1,yes,dsl,no,no,no,no,no,yes,month-to-month,0,mailed_check,59.9,542.4,0
3489,0975-uydtx,female,0,1,0,26,1,yes,dsl,yes,yes,yes,yes,yes,yes,one_year,1,credit_card_(automatic),90.1,2312.55,0
3490,7743-exurx,male,0,1,1,8,1,no,dsl,no,no,yes,no,no,no,month-to-month,1,electronic_check,51.05,415.05,1
3491,4682-blbuc,male,0,1,0,44,1,no,dsl,no,yes,yes,yes,yes,no,one_year,1,electronic_check,70.95,3250.45,0
3492,0975-voovl,female,0,0,0,3,0,no_phone_service,dsl,no,yes,no,no,no,no,month-to-month,0,mailed_check,29.2,98.5,0
3493,5968-vxzlg,male,0,0,0,2,1,no,dsl,no,no,no,no,no,no,month-to-month,1,bank_transfer_(automatic),46.6,87.9,0
3494,5569-kgjhx,female,0,1,1,9,1,yes,fiber_optic,no,no,no,no,yes,no,month-to-month,1,bank_transfer_(automatic),85.35,754.65,1
3495,4988-iqigl,male,1,0,0,1,1,yes,fiber_optic,no,no,no,no,no,no,month-to-month,1,electronic_check,75.35,75.35,1
3496,5201-frkks,male,0,0,0,25,1,no,fiber_optic,yes,no,no,no,no,no,month-to-month,0,bank_transfer_(automatic),74.3,1952.25,0
3497,9799-cayjj,female,1,1,0,2,1,no,fiber_optic,no,no,no,no,no,no,month-to-month,1,electronic_check,69.3,153.8,0
3498,7730-iutdz,male,0,0,0,43,1,no,fiber_optic,yes,no,no,no,no,no,month-to-month,1,electronic_check,75.2,3198.6,1
3499,0426-tirne,female,0,0,0,1,1,no,no,no_internet_service,no_internet_service,no_internet_service,no_internet_service,no_internet_service,no_internet_service,month-to-month,0,mailed_check,20.9,20.9,1
3500,5443-scmkx,female,0,1,0,58,1,yes,fiber_optic,no,yes,yes,no,no,yes,one_year,1,electronic_check,94.3,5610.15,0
3501,8295-kmene,female,0,1,1,59,1,yes,dsl,yes,no,yes,yes,yes,no,two_year,1,mailed_check,76.45,4519.5,0
3502,6738-iscbm,male,0,0,0,44,0,no_phone_service,dsl,yes,no,yes,no,yes,yes,one_year,1,electronic_check,54.0,2440.25,0
3503,9821-besnz,male,0,0,0,66,1,yes,fiber_optic,no,yes,no,yes,yes,yes,one_year,1,electronic_check,104.25,6860.6,0
3504,3678-mngzx,male,0,1,1,68,1,no,no,no_internet_service,no_internet_service,no_internet_service,no_internet_service,no_internet_service,no_internet_service,two_year,0,bank_transfer_(automatic),19.95,1377.7,0
3505,1335-ntiuc,male,0,0,0,9,0,no_phone_service,dsl,no,no,no,no,no,no,month-to-month,1,electronic_check,24.95,190.25,0
3506,2916-bqzln,male,0,0,0,19,1,yes,fiber_optic,yes,no,yes,no,no,no,month-to-month,1,electronic_check,84.75,1651.95,0
3507,4558-cgycz,male,0,0,0,4,1,no,no,no_internet_service,no_internet_service,no_internet_service,no_internet_service,no_internet_service,no_internet_service,month-to-month,0,mailed_check,19.75,78.3,0
3508,2368-gakkq,female,0,0,0,70,1,yes,fiber_optic,yes,yes,yes,yes,yes,yes,two_year,1,bank_transfer_(automatic),113.65,7939.25,0
3509,8710-yglwg,male,0,0,0,1,1,no,dsl,no,no,no,no,no,no,month-to-month,1,mailed_check,44.9,44.9,0
3510,3199-xgzcy,female,0,0,0,8,1,yes,fiber_optic,no,no,no,no,no,no,month-to-month,1,electronic_check,75.25,576.7,0
3511,3785-ktysh,male,0,0,0,53,1,yes,no,no_internet_service,no_internet_service,no_internet_service,no_internet_service,no_internet_service,no_internet_service,two_year,0,mailed_check,24.6,1279.0,0
3512,6814-zpwfq,male,1,0,0,51,1,yes,no,no_internet_service,no_internet_service,no_internet_service,no_internet_service,no_internet_service,no_internet_service,one_year,0,bank_transfer_(automatic),25.0,1260.7,0
3513,4063-eiknq,male,0,1,1,11,1,no,no,no_internet_service,no_internet_service,no_internet_service,no_internet_service,no_internet_service,no_internet_service,month-to-month,0,bank_transfer_(automatic),20.95,267.35,0
3514,6993-ycobk,male,0,1,1,60,1,yes,fiber_optic,yes,no,yes,yes,yes,yes,two_year,1,electronic_check,110.6,6586.85,0
3515,5206-hpjkm,male,0,0,0,17,1,no,dsl,yes,yes,no,no,no,no,month-to-month,1,credit_card_(automatic),55.5,934.15,0
3516,7587-rznme,male,0,0,0,3,1,no,dsl,no,no,no,no,no,no,month-to-month,1,electronic_check,43.3,123.65,1
3517,0748-rdggm,male,0,1,0,70,1,no,fiber_optic,yes,yes,yes,yes,yes,yes,one_year,1,bank_transfer_(automatic),109.5,7534.65,1
3518,8393-jmvmb,male,0,0,0,1,1,no,no,no_internet_service,no_internet_service,no_internet_service,no_internet_service,no_internet_service,no_internet_service,month-to-month,0,mailed_check,19.45,19.45,0
3519,5019-gqvcr,male,1,0,0,43,1,yes,fiber_optic,no,no,no,no,yes,no,month-to-month,1,electronic_check,84.85,3645.6,0
3520,6036-ttfyu,female,0,1,0,16,1,no,no,no_internet_service,no_internet_service,no_internet_service,no_internet_service,no_internet_service,no_internet_service,month-to-month,0,mailed_check,19.6,314.45,0
3521,2550-aevru,female,0,1,1,57,1,no,dsl,yes,yes,no,no,no,no,one_year,0,electronic_check,53.45,3053.0,0
3522,0969-rgkcu,male,0,1,1,37,1,no,no,no_internet_service,no_internet_service,no_internet_service,no_internet_service,no_internet_service,no_internet_service,one_year,0,credit_card_(automatic),19.8,677.05,0
3523,0378-cjkpv,female,0,1,0,72,1,yes,fiber_optic,yes,yes,yes,yes,yes,yes,two_year,0,credit_card_(automatic),112.1,7965.95,0
3524,4706-axvkm,female,1,0,0,11,1,yes,fiber_optic,no,no,no,no,no,yes,month-to-month,1,credit_card_(automatic),84.8,906.85,1
3525,5889-jtmul,female,1,1,0,50,1,yes,fiber_optic,no,yes,yes,no,yes,no,month-to-month,1,electronic_check,95.05,4888.7,1
3526,9026-rnujs,male,1,0,0,5,1,no,dsl,no,no,yes,no,no,no,month-to-month,0,electronic_check,50.35,237.25,1
3527,3746-eubyr,male,0,1,0,1,1,yes,fiber_optic,no,no,no,no,no,no,month-to-month,1,bank_transfer_(automatic),74.6,74.6,1
3528,2332-efbjy,male,0,0,0,16,1,no,no,no_internet_service,no_internet_service,no_internet_service,no_internet_service,no_internet_service,no_internet_service,month-to-month,1,mailed_check,19.7,342.4,1
3529,2880-fpnae,male,1,1,0,2,1,no,fiber_optic,no,no,yes,no,no,no,month-to-month,1,electronic_check,74.2,140.1,0
3530,1703-mgiab,female,0,0,0,17,1,yes,dsl,no,no,yes,yes,yes,no,month-to-month,1,mailed_check,69.0,1108.0,0
3531,4311-qttai,female,0,0,0,16,1,no,no,no_internet_service,no_internet_service,no_internet_service,no_internet_service,no_internet_service,no_internet_service,one_year,0,credit_card_(automatic),19.35,295.55,0
3532,9474-phlyd,female,0,0,0,15,1,no,dsl,no,no,yes,no,no,yes,month-to-month,1,electronic_check,59.45,892.65,1
3533,4318-rajvy,female,0,0,0,10,1,no,no,no_internet_service,no_internet_service,no_internet_service,no_internet_service,no_internet_service,no_internet_service,one_year,1,mailed_check,19.8,198.25,0
3534,2165-voegb,female,0,0,1,46,1,no,fiber_optic,yes,yes,no,yes,yes,yes,one_year,1,bank_transfer_(automatic),105.2,4822.85,1
3535,3612-yungg,male,0,1,1,64,1,yes,fiber_optic,no,yes,yes,yes,yes,yes,two_year,1,credit_card_(automatic),109.2,6741.15,0
3536,2254-dlxri,female,0,0,0,1,1,yes,fiber_optic,no,yes,no,no,no,no,month-to-month,1,mailed_check,79.15,79.15,0
3537,5062-cjjkh,male,0,1,1,25,1,no,dsl,no,yes,yes,no,no,no,one_year,0,mailed_check,53.65,1355.45,0
3538,9028-lihrp,male,0,1,1,71,1,no,fiber_optic,yes,yes,yes,yes,yes,no,two_year,0,credit_card_(automatic),100.2,7209.0,0
3539,2219-mvuso,male,0,0,0,8,1,no,dsl,no,no,no,no,no,no,month-to-month,1,mailed_check,45.15,438.4,1
3540,1053-mxttk,female,0,1,1,72,1,no,fiber_optic,yes,yes,yes,yes,yes,yes,two_year,1,bank_transfer_(automatic),108.65,7726.35,0
3541,1530-ztdoz,female,0,1,0,49,0,no_phone_service,dsl,yes,no,no,no,yes,no,month-to-month,0,bank_transfer_(automatic),40.65,2070.75,0
3542,1301-lopvr,male,0,1,1,29,0,no_phone_service,dsl,yes,yes,yes,yes,no,yes,one_year,1,credit_card_(automatic),55.35,1636.95,0
3543,0853-twrvk,male,0,1,0,72,1,yes,fiber_optic,yes,yes,yes,yes,no,yes,two_year,0,bank_transfer_(automatic),105.6,7581.5,0
3544,8914-rbtsb,male,0,1,0,31,1,yes,fiber_optic,no,yes,yes,no,yes,no,month-to-month,0,electronic_check,93.8,3019.5,1
3545,6212-atmlk,female,0,0,0,50,1,yes,fiber_optic,no,no,no,no,yes,yes,month-to-month,1,electronic_check,95.7,4729.75,0
3546,8200-lgksr,male,0,1,0,71,1,yes,dsl,yes,no,yes,yes,yes,yes,two_year,0,electronic_check,83.2,6126.1,0
3547,1568-bekzm,male,1,1,0,70,1,yes,dsl,yes,yes,yes,yes,yes,yes,two_year,0,credit_card_(automatic),90.05,6333.4,0
3548,0670-anmuu,male,0,0,0,71,1,yes,fiber_optic,yes,no,no,yes,no,yes,one_year,0,credit_card_(automatic),97.65,6687.85,0
3549,6897-rwmub,male,0,1,1,61,1,no,dsl,yes,yes,yes,yes,no,no,two_year,1,bank_transfer_(automatic),68.05,4158.25,0
3550,0963-zbdrn,male,0,0,0,32,1,no,fiber_optic,no,no,no,yes,yes,yes,month-to-month,1,electronic_check,96.2,3183.4,1
3551,7594-rqhxr,female,0,0,1,1,1,no,fiber_optic,no,no,no,no,no,yes,month-to-month,1,electronic_check,79.6,79.6,1
3552,6999-chvcf,male,0,0,0,68,1,yes,fiber_optic,yes,yes,yes,no,no,yes,two_year,1,bank_transfer_(automatic),102.1,7149.35,0
3553,6134-kwtbv,male,0,0,0,62,1,yes,no,no_internet_service,no_internet_service,no_internet_service,no_internet_service,no_internet_service,no_internet_service,two_year,0,bank_transfer_(automatic),23.4,1429.65,0
3554,1077-huujm,female,0,0,1,7,1,no,fiber_optic,no,no,no,no,no,no,month-to-month,1,electronic_check,71.05,472.65,0
3555,6331-ewieb,male,0,0,0,20,1,yes,fiber_optic,no,no,no,no,yes,no,month-to-month,1,electronic_check,85.25,1734.5,1
3556,0895-lnkrc,male,0,1,1,6,1,no,no,no_internet_service,no_internet_service,no_internet_service,no_internet_service,no_internet_service,no_internet_service,one_year,0,mailed_check,19.45,113.5,0
3557,2045-bmbtj,female,1,0,0,33,0,no_phone_service,dsl,yes,yes,yes,no,yes,yes,month-to-month,1,bank_transfer_(automatic),59.45,1884.65,0
3558,8417-gsoda,male,0,1,1,28,1,yes,fiber_optic,no,no,no,no,yes,yes,one_year,0,bank_transfer_(automatic),92.2,2568.15,0
3559,5171-eplkn,male,0,0,0,27,1,no,no,no_internet_service,no_internet_service,no_internet_service,no_internet_service,no_internet_service,no_internet_service,two_year,0,credit_card_(automatic),19.85,470.0,0
3560,4452-qiieb,male,0,0,0,7,1,no,dsl,no,no,no,no,no,no,month-to-month,0,mailed_check,43.9,278.4,0
3561,5998-vvejy,male,0,0,0,26,1,yes,fiber_optic,no,no,no,yes,no,no,month-to-month,1,electronic_check,80.5,2088.8,1
3562,1624-naloj,male,1,0,0,5,1,yes,fiber_optic,no,yes,no,no,no,yes,month-to-month,1,electronic_check,89.8,502.6,1
3563,6741-egcbi,male,1,0,0,30,1,yes,fiber_optic,yes,no,no,no,no,yes,month-to-month,1,credit_card_(automatic),90.5,2595.85,0
3564,7820-zygny,male,0,0,0,63,1,yes,fiber_optic,no,yes,no,no,no,yes,one_year,0,credit_card_(automatic),90.45,5825.5,0
3565,4317-vteoa,male,0,0,0,1,1,no,dsl,no,yes,no,no,no,no,month-to-month,1,electronic_check,50.75,50.75,1
3566,9677-avked,female,0,0,1,53,1,yes,dsl,no,yes,yes,yes,yes,yes,one_year,1,electronic_check,84.6,4449.75,0
3567,1670-svowz,female,0,1,1,14,1,no,fiber_optic,no,yes,no,yes,no,yes,month-to-month,1,credit_card_(automatic),89.65,1208.35,1
3568,2227-jrsjx,female,0,0,0,21,1,no,fiber_optic,no,yes,no,yes,yes,yes,month-to-month,1,bank_transfer_(automatic),99.15,1956.4,0
3569,9847-hnvgp,male,0,0,0,17,1,no,no,no_internet_service,no_internet_service,no_internet_service,no_internet_service,no_internet_service,no_internet_service,one_year,0,mailed_check,19.95,310.6,0
3570,6696-ydayz,male,0,1,1,16,1,no,no,no_internet_service,no_internet_service,no_internet_service,no_internet_service,no_internet_service,no_internet_service,two_year,0,mailed_check,20.5,290.55,0
3571,8980-wqfwl,female,0,0,0,35,1,no,dsl,no,no,yes,no,no,yes,month-to-month,1,electronic_check,62.1,2096.1,0
3572,1730-zmame,female,1,0,0,32,1,no,fiber_optic,no,no,no,no,no,yes,month-to-month,1,electronic_check,79.5,2665.0,0
3573,6506-eycnh,female,0,1,1,28,1,no,no,no_internet_service,no_internet_service,no_internet_service,no_internet_service,no_internet_service,no_internet_service,month-to-month,1,bank_transfer_(automatic),19.55,543.8,0
3574,4634-jlrjt,female,0,0,0,1,1,no,no,no_internet_service,no_internet_service,no_internet_service,no_internet_service,no_internet_service,no_internet_service,month-to-month,1,mailed_check,20.35,20.35,0
3575,9501-ukknl,male,0,0,0,59,0,no_phone_service,dsl,no,no,no,yes,yes,yes,month-to-month,1,electronic_check,51.7,3005.8,0
3576,2560-qtsbs,female,0,1,1,72,1,yes,no,no_internet_service,no_internet_service,no_internet_service,no_internet_service,no_internet_service,no_internet_service,one_year,1,bank_transfer_(automatic),23.3,1623.15,0
3577,7541-ylxcl,male,0,0,0,36,1,no,dsl,no,yes,no,yes,no,yes,one_year,1,mailed_check,65.4,2498.4,1
3578,4795-wrnvt,female,0,0,0,40,1,no,dsl,yes,yes,no,no,yes,no,month-to-month,0,mailed_check,65.1,2586.0,0
3579,6080-tcmyc,male,0,1,1,40,1,yes,fiber_optic,no,no,yes,no,no,no,month-to-month,1,electronic_check,81.2,3292.3,0
3580,0260-zdlgk,female,0,0,1,9,1,no,dsl,no,no,yes,yes,yes,yes,month-to-month,1,mailed_check,72.9,651.4,1
3581,7860-uxcrm,male,0,1,1,63,1,no,dsl,yes,yes,yes,yes,yes,no,two_year,0,credit_card_(automatic),74.5,4674.55,0
3582,6357-jjpqt,female,0,0,0,3,1,no,fiber_optic,no,no,no,no,yes,no,month-to-month,1,electronic_check,80.5,232.35,0
3583,2292-xqwsv,male,0,1,1,40,0,no_phone_service,dsl,no,yes,yes,yes,yes,yes,one_year,0,mailed_check,60.3,2448.5,0
3584,9552-tguzv,male,0,1,0,8,1,no,fiber_optic,yes,no,no,no,no,no,month-to-month,1,mailed_check,75.0,658.1,0
3585,5913-inrqv,male,1,1,0,34,1,no,fiber_optic,yes,no,no,yes,yes,no,one_year,0,mailed_check,90.15,3128.8,0
3586,8722-ngnbh,male,0,0,0,5,0,no_phone_service,dsl,yes,no,yes,yes,no,no,month-to-month,0,mailed_check,40.0,223.45,1
3587,6210-kbbpi,male,1,0,0,9,1,yes,fiber_optic,no,yes,no,no,yes,yes,month-to-month,1,credit_card_(automatic),99.45,919.4,1
3588,9643-yblur,male,0,1,0,9,1,yes,dsl,no,yes,yes,no,no,yes,month-to-month,1,credit_card_(automatic),69.05,653.95,0
3589,8734-fnwvh,male,0,1,1,31,1,yes,dsl,no,no,no,no,no,yes,month-to-month,0,bank_transfer_(automatic),59.7,1825.5,0
3590,9447-yptbx,female,0,1,0,50,1,no,no,no_internet_service,no_internet_service,no_internet_service,no_internet_service,no_internet_service,no_internet_service,one_year,1,bank_transfer_(automatic),19.85,943.1,0
3591,0133-bmfzo,female,0,0,0,2,1,no,fiber_optic,yes,yes,no,yes,no,no,month-to-month,1,electronic_check,86.25,181.65,1
3592,6128-czomy,female,0,0,0,1,1,no,dsl,no,no,no,no,no,no,month-to-month,1,electronic_check,45.65,45.65,1
3593,9540-jyroe,male,0,0,0,8,1,no,fiber_optic,no,no,no,no,no,no,month-to-month,1,mailed_check,70.1,551.35,1
3594,9026-lhevg,female,0,0,0,9,0,no_phone_service,dsl,no,yes,no,no,no,yes,month-to-month,0,electronic_check,40.75,359.4,0
3595,2260-ustrb,female,1,0,0,2,1,no,fiber_optic,no,no,no,no,no,no,month-to-month,1,bank_transfer_(automatic),70.2,115.95,1
3596,3656-tkrvz,female,0,0,0,3,1,no,dsl,yes,yes,no,no,no,no,month-to-month,0,electronic_check,55.35,165.2,1
3597,7011-cveuc,male,0,1,0,25,1,no,fiber_optic,no,no,no,yes,yes,yes,month-to-month,1,credit_card_(automatic),95.7,2338.35,0
3598,6185-tasnn,male,1,0,0,1,1,no,dsl,no,no,no,no,no,no,month-to-month,0,electronic_check,46.3,46.3,0
3599,7925-pnrgi,female,0,1,1,45,1,yes,dsl,yes,yes,yes,yes,yes,no,month-to-month,0,mailed_check,81.3,3541.1,0
3600,8623-tmrby,male,1,1,1,51,1,yes,fiber_optic,no,yes,yes,no,no,no,month-to-month,1,electronic_check,84.2,4146.05,1
3601,1552-czcll,female,0,1,1,55,1,no,no,no_internet_service,no_internet_service,no_internet_service,no_internet_service,no_internet_service,no_internet_service,month-to-month,0,credit_card_(automatic),20.0,1087.25,0
3602,3038-pqiuy,female,0,0,0,38,1,yes,dsl,yes,yes,yes,no,no,no,month-to-month,1,bank_transfer_(automatic),66.15,2522.4,0
3603,1501-sghbw,male,0,0,0,2,1,no,dsl,no,no,no,no,no,no,month-to-month,0,mailed_check,45.85,81.0,1
3604,9313-cdogy,male,0,1,1,38,1,no,no,no_internet_service,no_internet_service,no_internet_service,no_internet_service,no_internet_service,no_internet_service,month-to-month,0,electronic_check,19.6,717.3,0
3605,8148-bplzq,male,0,0,0,34,1,no,dsl,no,yes,no,no,no,no,month-to-month,1,electronic_check,49.8,1734.2,0
3606,2623-dryam,female,0,1,0,70,1,yes,fiber_optic,no,no,yes,no,yes,yes,one_year,1,electronic_check,101.75,7069.3,0
3607,9987-lutyd,female,0,0,0,13,1,no,dsl,yes,no,no,yes,no,no,one_year,0,mailed_check,55.15,742.9,0
3608,3208-ypioe,male,0,0,0,39,1,yes,fiber_optic,no,no,no,no,no,no,month-to-month,0,electronic_check,75.25,3017.65,1
3609,4488-kqfdt,female,0,0,0,61,1,yes,fiber_optic,no,yes,yes,no,yes,yes,one_year,1,electronic_check,103.95,6423.0,0
3610,2612-ranwt,female,0,0,0,12,1,yes,fiber_optic,no,no,yes,no,yes,yes,month-to-month,1,bank_transfer_(automatic),100.15,1164.3,1
3611,5693-pipcs,male,0,0,0,41,1,no,fiber_optic,no,yes,no,yes,yes,yes,two_year,1,credit_card_(automatic),99.65,4220.35,0
3612,0491-kapqg,male,0,0,0,21,1,yes,fiber_optic,no,no,no,no,no,no,month-to-month,1,electronic_check,73.7,1558.7,0
3613,1925-lfczz,male,1,0,0,55,0,no_phone_service,dsl,no,no,yes,no,yes,yes,one_year,1,bank_transfer_(automatic),50.05,2743.45,0
3614,8039-eqpim,male,0,1,0,69,0,no_phone_service,dsl,yes,no,yes,yes,yes,yes,two_year,0,bank_transfer_(automatic),60.25,4055.5,0
3615,6900-pxrms,male,1,1,1,26,1,yes,fiber_optic,no,yes,yes,no,yes,yes,month-to-month,0,electronic_check,105.75,2710.25,1
3616,8707-rmezh,female,1,1,0,69,1,no,fiber_optic,yes,yes,no,no,no,yes,one_year,0,credit_card_(automatic),87.3,6055.55,0
3617,3346-brmis,female,1,1,0,18,0,no_phone_service,dsl,no,no,yes,no,yes,yes,month-to-month,1,electronic_check,48.35,810.7,1
3618,3209-zpkfi,male,0,1,1,47,1,yes,dsl,no,yes,no,no,no,no,month-to-month,0,electronic_check,54.25,2538.2,0
3619,6479-vdgrk,female,0,1,1,72,1,no,dsl,yes,yes,yes,yes,yes,yes,two_year,0,bank_transfer_(automatic),85.3,6129.2,0
3620,9373-wsloy,male,1,1,0,33,0,no_phone_service,dsl,no,yes,yes,yes,yes,no,month-to-month,1,electronic_check,50.0,1750.85,0
3621,2933-filnv,female,0,1,1,2,0,no_phone_service,dsl,no,no,no,no,no,no,month-to-month,1,mailed_check,24.4,36.55,1
3622,3569-jfodw,female,0,1,1,72,1,yes,dsl,yes,yes,yes,yes,yes,yes,two_year,0,credit_card_(automatic),90.95,6652.45,0
3623,9819-fbnsv,male,1,1,0,37,1,no,fiber_optic,no,no,no,no,no,no,month-to-month,1,bank_transfer_(automatic),72.25,2575.45,0
3624,9544-pypsj,female,1,1,1,62,1,yes,fiber_optic,no,yes,yes,no,no,yes,month-to-month,1,credit_card_(automatic),96.1,6019.35,0
3625,1591-xwlgb,female,0,1,0,71,1,no,no,no_internet_service,no_internet_service,no_internet_service,no_internet_service,no_internet_service,no_internet_service,two_year,0,credit_card_(automatic),19.85,1379.6,0
3626,0396-ukgai,male,0,0,1,23,1,no,dsl,no,yes,no,yes,no,no,month-to-month,1,bank_transfer_(automatic),55.3,1284.2,0
3627,3243-zhohy,female,0,0,0,16,1,no,no,no_internet_service,no_internet_service,no_internet_service,no_internet_service,no_internet_service,no_internet_service,one_year,0,mailed_check,20.1,296.15,0
3628,5186-ejegl,male,0,0,0,9,1,no,dsl,yes,no,yes,yes,yes,no,month-to-month,1,mailed_check,69.5,653.25,0
3629,7527-qnrus,male,0,1,1,17,1,yes,no,no_internet_service,no_internet_service,no_internet_service,no_internet_service,no_internet_service,no_internet_service,two_year,1,mailed_check,25.15,412.6,0
3630,9986-bonce,female,0,0,0,4,1,no,no,no_internet_service,no_internet_service,no_internet_service,no_internet_service,no_internet_service,no_internet_service,month-to-month,0,bank_transfer_(automatic),20.95,85.5,1
3631,2722-jmoni,female,1,1,0,1,1,no,dsl,yes,no,no,no,no,no,month-to-month,1,electronic_check,49.55,49.55,1
3632,2203-ghnwn,female,0,1,0,24,1,yes,fiber_optic,no,no,yes,no,no,no,month-to-month,1,mailed_check,79.65,1928.7,0
3633,3878-avsoq,female,1,0,0,1,1,no,fiber_optic,no,no,no,no,no,no,month-to-month,1,electronic_check,71.25,71.25,0
3634,3258-sysws,male,1,0,0,72,1,yes,fiber_optic,yes,yes,yes,yes,yes,yes,two_year,0,bank_transfer_(automatic),113.8,7845.8,0
3635,5296-psyvw,female,0,1,0,72,1,yes,no,no_internet_service,no_internet_service,no_internet_service,no_internet_service,no_internet_service,no_internet_service,two_year,0,electronic_check,24.55,1750.7,0
3636,6319-qsusr,female,0,0,1,11,1,no,no,no_internet_service,no_internet_service,no_internet_service,no_internet_service,no_internet_service,no_internet_service,month-to-month,0,credit_card_(automatic),19.7,216.2,0
3637,4083-eugrj,male,0,0,0,9,1,no,no,no_internet_service,no_internet_service,no_internet_service,no_internet_service,no_internet_service,no_internet_service,month-to-month,0,mailed_check,20.25,178.5,1
3638,7579-oopec,female,1,1,0,2,1,no,dsl,no,yes,no,no,no,no,month-to-month,0,credit_card_(automatic),50.15,115.1,1
3639,0512-flfdw,female,1,1,0,60,1,yes,fiber_optic,no,no,yes,no,yes,yes,one_year,1,credit_card_(automatic),100.5,6029.0,0
3640,1771-oadnz,male,1,1,0,29,1,yes,fiber_optic,no,yes,yes,no,no,yes,month-to-month,1,electronic_check,95.9,2745.2,1
3641,0487-crlzf,female,0,0,0,49,1,no,dsl,no,no,yes,yes,yes,yes,two_year,1,bank_transfer_(automatic),74.45,3721.9,0
3642,2107-fbptk,female,1,0,0,30,1,yes,fiber_optic,no,yes,yes,no,yes,yes,month-to-month,1,electronic_check,104.1,3121.1,0
3643,9451-wlyri,female,0,1,0,53,1,no,no,no_internet_service,no_internet_service,no_internet_service,no_internet_service,no_internet_service,no_internet_service,one_year,0,credit_card_(automatic),19.05,990.45,0
3644,8219-vybvi,male,0,0,1,39,1,yes,no,no_internet_service,no_internet_service,no_internet_service,no_internet_service,no_internet_service,no_internet_service,two_year,0,mailed_check,25.0,1004.35,0
3645,1991-vopll,female,0,0,0,9,1,no,no,no_internet_service,no_internet_service,no_internet_service,no_internet_service,no_internet_service,no_internet_service,month-to-month,0,mailed_check,19.05,157.65,0
3646,9738-qlwtp,male,0,0,0,39,1,no,fiber_optic,no,no,yes,yes,no,no,one_year,0,electronic_check,81.9,3219.75,0
3647,1016-djtsv,male,1,0,0,8,1,no,fiber_optic,no,no,no,no,no,no,month-to-month,1,electronic_check,69.7,572.85,0
3648,9419-ippbe,female,0,1,1,51,1,yes,fiber_optic,no,no,yes,no,no,yes,one_year,1,electronic_check,90.15,4554.85,0
3649,0174-qrvvy,male,0,1,1,71,1,yes,no,no_internet_service,no_internet_service,no_internet_service,no_internet_service,no_internet_service,no_internet_service,two_year,0,credit_card_(automatic),25.35,1847.55,0
3650,5699-bncas,male,1,0,0,71,1,yes,no,no_internet_service,no_internet_service,no_internet_service,no_internet_service,no_internet_service,no_internet_service,two_year,1,mailed_check,24.65,1766.75,0
3651,2900-phpln,female,1,1,0,70,1,no,no,no_internet_service,no_internet_service,no_internet_service,no_internet_service,no_internet_service,no_internet_service,two_year,1,credit_card_(automatic),19.55,1462.05,0
3652,0612-rtzza,female,1,0,0,1,0,no_phone_service,dsl,no,no,no,no,no,no,month-to-month,0,electronic_check,25.25,25.25,1
3653,8106-gwqok,male,0,1,0,38,0,no_phone_service,dsl,yes,yes,no,yes,yes,yes,two_year,1,bank_transfer_(automatic),60.0,2193.2,0
3654,8751-edeka,female,0,1,0,28,1,no,fiber_optic,no,yes,yes,no,no,yes,month-to-month,0,credit_card_(automatic),89.9,2433.5,0
3655,6878-ggdwg,female,0,1,0,32,1,no,no,no_internet_service,no_internet_service,no_internet_service,no_internet_service,no_internet_service,no_internet_service,month-to-month,0,bank_transfer_(automatic),19.4,641.15,0
3656,4039-pimhx,male,1,1,0,49,1,no,dsl,no,yes,no,no,no,no,two_year,0,mailed_check,49.8,2398.4,0
3657,8450-luguk,female,0,1,1,37,1,yes,no,no_internet_service,no_internet_service,no_internet_service,no_internet_service,no_internet_service,no_internet_service,two_year,1,bank_transfer_(automatic),24.1,861.85,0
3658,3604-wlabm,female,0,0,0,10,1,no,dsl,no,no,yes,yes,no,no,month-to-month,0,electronic_check,54.25,583.0,0
3659,0795-gmvqo,male,0,1,0,67,1,yes,fiber_optic,yes,yes,yes,no,yes,yes,one_year,0,credit_card_(automatic),109.9,7332.4,0
3660,2259-ouusz,male,0,0,0,7,0,no_phone_service,dsl,no,no,yes,yes,no,no,one_year,1,credit_card_(automatic),35.5,249.55,0
3661,1142-ihloo,female,0,0,0,51,1,no,fiber_optic,no,no,no,no,yes,yes,one_year,0,credit_card_(automatic),87.55,4475.9,0
3662,6410-lefen,female,0,0,0,9,1,no,dsl,no,no,no,no,no,no,month-to-month,0,electronic_check,45.15,416.45,1
3663,4633-mkhyu,female,0,0,0,9,1,no,fiber_optic,no,no,no,no,yes,yes,month-to-month,1,mailed_check,88.4,788.6,0
3664,6257-rjohi,male,0,0,0,4,1,no,dsl,no,no,no,yes,no,no,month-to-month,1,mailed_check,50.8,202.3,0
3665,1545-jfuml,male,0,1,0,71,1,yes,fiber_optic,yes,yes,yes,no,yes,no,two_year,1,electronic_check,99.0,6994.6,0
3666,3194-orpik,female,0,1,1,50,1,yes,fiber_optic,no,no,no,no,yes,no,month-to-month,1,bank_transfer_(automatic),84.4,4116.15,1
3667,7826-vvkwt,female,1,1,1,24,1,no,fiber_optic,no,no,yes,no,yes,yes,two_year,1,electronic_check,96.55,2263.45,0
3668,1353-ghzos,male,0,1,0,22,1,no,dsl,yes,no,no,no,yes,no,one_year,1,bank_transfer_(automatic),59.75,1374.35,0
3669,2587-ekxts,male,0,0,0,44,1,yes,fiber_optic,yes,yes,yes,no,yes,yes,month-to-month,1,electronic_check,111.5,4915.15,0
3670,5442-bxvnd,female,0,1,1,33,1,yes,no,no_internet_service,no_internet_service,no_internet_service,no_internet_service,no_internet_service,no_internet_service,month-to-month,0,bank_transfer_(automatic),24.25,838.5,0
3671,8816-vxnzd,female,0,0,0,1,1,yes,fiber_optic,no,no,no,no,no,no,month-to-month,1,electronic_check,75.1,75.1,1
3672,9378-fxtiz,female,0,1,0,54,1,yes,dsl,no,no,no,no,yes,yes,one_year,1,credit_card_(automatic),70.15,3715.65,1
3673,1723-hkxjq,male,0,0,0,42,1,yes,fiber_optic,no,yes,no,no,yes,yes,month-to-month,1,electronic_check,101.75,4273.45,1
3674,7825-gkxmw,female,0,0,0,1,1,no,dsl,no,no,no,no,no,no,month-to-month,0,electronic_check,45.8,45.8,1
3675,9753-oylbx,female,0,0,0,1,1,no,no,no_internet_service,no_internet_service,no_internet_service,no_internet_service,no_internet_service,no_internet_service,month-to-month,0,mailed_check,20.5,20.5,0
3676,2364-ufrom,male,0,0,0,30,1,no,dsl,yes,yes,no,yes,yes,no,one_year,0,electronic_check,70.4,2044.75,0
3677,6656-jwrqx,female,0,0,0,1,0,no_phone_service,dsl,no,no,no,yes,no,no,month-to-month,0,mailed_check,30.55,30.55,0
3678,6473-uluht,male,0,1,1,16,1,yes,dsl,yes,yes,no,yes,yes,yes,month-to-month,0,electronic_check,84.9,1398.25,0
3679,1240-knsez,male,0,0,0,1,1,no,no,no_internet_service,no_internet_service,no_internet_service,no_internet_service,no_internet_service,no_internet_service,month-to-month,1,mailed_check,20.1,20.1,1
3680,0836-seylu,male,0,1,0,9,0,no_phone_service,dsl,no,no,no,yes,yes,no,month-to-month,0,mailed_check,40.65,328.95,1
3681,4433-jcgcg,male,1,1,0,46,1,yes,fiber_optic,no,no,yes,no,yes,yes,month-to-month,1,electronic_check,101.0,4680.05,1
3682,3716-bdvdb,male,0,0,0,1,1,no,fiber_optic,no,no,no,no,no,no,month-to-month,1,electronic_check,69.1,69.1,1
3683,7688-awmdx,male,0,1,0,71,1,no,dsl,yes,no,no,yes,no,no,two_year,0,bank_transfer_(automatic),54.5,3778.2,0
3684,2842-bcqge,male,0,0,0,43,1,yes,fiber_optic,no,no,no,no,no,no,month-to-month,1,credit_card_(automatic),75.35,3161.4,0
3685,7244-qwyhg,male,0,1,0,50,0,no_phone_service,dsl,yes,no,no,yes,yes,no,one_year,1,bank_transfer_(automatic),44.45,2188.45,0
3686,5899-mqzzl,female,0,0,0,13,1,yes,fiber_optic,no,no,no,no,no,no,month-to-month,1,mailed_check,75.0,999.45,1
3687,6849-oyamu,male,0,1,1,19,1,no,fiber_optic,no,yes,no,yes,yes,yes,one_year,0,bank_transfer_(automatic),100.0,1888.65,1
3688,5312-uxesg,female,0,0,0,41,1,yes,fiber_optic,no,no,yes,no,yes,yes,month-to-month,0,bank_transfer_(automatic),98.05,3990.6,0
3689,9488-hgmjh,female,1,0,0,1,1,no,fiber_optic,no,no,no,no,no,no,month-to-month,1,electronic_check,71.15,71.15,1
3690,6038-gcyec,female,0,0,0,24,0,no_phone_service,dsl,no,yes,yes,no,yes,yes,month-to-month,1,credit_card_(automatic),54.15,1240.25,1
3691,2150-wlkuw,female,0,1,0,40,1,yes,dsl,no,yes,no,no,yes,no,one_year,0,bank_transfer_(automatic),63.9,2635.0,0
3692,7159-fvypk,female,0,1,1,3,1,yes,dsl,no,yes,yes,no,yes,no,month-to-month,1,bank_transfer_(automatic),69.15,235.0,0
3693,7032-lmbhi,female,0,0,0,37,1,yes,dsl,yes,no,no,no,yes,no,one_year,0,bank_transfer_(automatic),64.65,2347.85,0
3694,1150-wfarn,female,0,1,1,67,1,yes,fiber_optic,yes,no,yes,yes,yes,yes,two_year,1,credit_card_(automatic),108.75,7156.2,1
3695,6088-bxmrg,female,0,1,1,32,1,yes,fiber_optic,no,yes,no,no,yes,yes,month-to-month,1,electronic_check,98.85,3089.6,0
3696,3144-audbs,female,0,1,0,6,1,no,dsl,no,no,no,yes,no,no,month-to-month,1,electronic_check,49.15,270.8,1
3697,4821-sjhjv,female,0,1,1,32,1,yes,fiber_optic,yes,no,no,no,yes,no,month-to-month,0,electronic_check,89.6,2901.8,0
3698,7346-medwm,female,0,0,0,59,1,yes,fiber_optic,no,yes,yes,no,no,no,month-to-month,1,electronic_check,83.25,4949.1,0
3699,1137-dgowi,female,0,1,0,30,1,no,dsl,no,yes,yes,yes,no,yes,one_year,0,bank_transfer_(automatic),70.25,2198.9,0
3700,5616-prtnt,male,0,0,1,20,1,no,no,no_internet_service,no_internet_service,no_internet_service,no_internet_service,no_internet_service,no_internet_service,month-to-month,1,electronic_check,19.4,374.5,1
3701,3812-lrzir,female,0,1,1,27,1,yes,no,no_internet_service,no_internet_service,no_internet_service,no_internet_service,no_internet_service,no_internet_service,two_year,0,electronic_check,24.5,761.95,0
3702,4818-qiufn,female,1,0,0,20,1,yes,fiber_optic,yes,no,no,no,no,no,month-to-month,1,electronic_check,79.15,1520.9,1
3703,9483-gcpwe,male,0,0,1,9,1,no,no,no_internet_service,no_internet_service,no_internet_service,no_internet_service,no_internet_service,no_internet_service,one_year,0,mailed_check,20.1,190.25,0
3704,4227-ojhal,female,0,1,1,68,1,yes,dsl,yes,yes,yes,no,yes,no,one_year,1,credit_card_(automatic),73.0,5163.0,0
3705,9220-cxrsc,female,0,1,1,69,1,yes,dsl,yes,no,no,yes,no,no,two_year,0,credit_card_(automatic),61.4,4059.85,0
3706,4993-jcrgj,male,0,0,0,26,1,yes,fiber_optic,no,no,yes,yes,no,no,month-to-month,1,mailed_check,84.3,2281.6,0
3707,9537-jalfh,male,0,1,1,69,1,no,no,no_internet_service,no_internet_service,no_internet_service,no_internet_service,no_internet_service,no_internet_service,two_year,0,bank_transfer_(automatic),19.9,1356.7,0
3708,6698-oxetb,male,0,0,0,11,1,no,no,no_internet_service,no_internet_service,no_internet_service,no_internet_service,no_internet_service,no_internet_service,two_year,0,mailed_check,20.4,231.45,0
3709,2103-zrxfn,male,0,0,0,1,1,yes,dsl,no,no,no,no,no,no,month-to-month,0,mailed_check,50.75,50.75,0
3710,3724-bscvh,male,0,1,1,10,1,no,no,no_internet_service,no_internet_service,no_internet_service,no_internet_service,no_internet_service,no_internet_service,one_year,0,mailed_check,20.45,242.4,0
3711,4877-tsoff,female,0,1,1,55,1,yes,dsl,yes,yes,no,yes,no,yes,one_year,1,bank_transfer_(automatic),75.75,4264.25,0
3712,9209-nwpgu,male,0,0,0,44,1,no,dsl,yes,no,no,yes,yes,no,one_year,0,electronic_check,65.4,2774.55,0
3713,6961-vcpmc,male,1,1,0,46,1,no,fiber_optic,no,no,no,no,no,yes,month-to-month,1,electronic_check,80.4,3605.2,1
3714,7306-ydsoi,male,0,1,1,69,1,no,dsl,yes,yes,yes,no,no,no,two_year,1,bank_transfer_(automatic),59.75,4069.9,0
3715,5288-ahoup,male,1,0,0,11,1,no,fiber_optic,no,no,no,no,no,yes,month-to-month,1,electronic_check,78.5,874.2,0
3716,6688-uzpwd,female,0,1,0,11,1,yes,fiber_optic,no,yes,no,no,yes,yes,month-to-month,1,electronic_check,102.0,1145.35,1
3717,0655-ydgfj,male,0,0,0,29,1,no,dsl,no,no,yes,no,no,no,month-to-month,0,bank_transfer_(automatic),48.95,1323.7,0
3718,8468-ehyja,female,0,1,0,57,1,yes,fiber_optic,yes,no,no,no,yes,yes,month-to-month,1,electronic_check,99.65,5497.05,0
3719,6823-sidfq,male,0,0,0,28,1,no,no,no_internet_service,no_internet_service,no_internet_service,no_internet_service,no_internet_service,no_internet_service,one_year,0,credit_card_(automatic),18.25,534.7,0
3720,1097-fspvw,female,0,0,0,42,1,no,dsl,yes,no,yes,no,no,no,month-to-month,0,credit_card_(automatic),54.55,2455.05,0
3721,2839-rfsqe,female,0,0,0,2,1,no,no,no_internet_service,no_internet_service,no_internet_service,no_internet_service,no_internet_service,no_internet_service,month-to-month,0,mailed_check,20.65,38.7,1
3722,8328-skjno,male,0,0,1,23,0,no_phone_service,dsl,yes,yes,no,yes,no,no,one_year,0,bank_transfer_(automatic),40.65,947.4,0
3723,7010-zmvbf,female,0,1,1,18,1,no,no,no_internet_service,no_internet_service,no_internet_service,no_internet_service,no_internet_service,no_internet_service,month-to-month,0,mailed_check,20.45,357.0,0
3724,5201-cbwyg,male,0,1,1,62,1,yes,no,no_internet_service,no_internet_service,no_internet_service,no_internet_service,no_internet_service,no_internet_service,one_year,0,bank_transfer_(automatic),24.8,1476.25,0
3725,0968-gsikn,female,0,0,0,1,1,no,fiber_optic,no,no,no,no,no,no,month-to-month,1,mailed_check,70.8,70.8,1
3726,1965-ddbwu,male,0,0,0,16,1,yes,fiber_optic,no,no,no,yes,no,yes,month-to-month,1,credit_card_(automatic),89.05,1448.6,1
3727,9057-sihch,female,0,0,0,3,1,yes,fiber_optic,no,no,no,no,yes,yes,month-to-month,1,electronic_check,96.6,291.9,1
3728,6352-giggq,male,0,0,0,67,1,yes,dsl,yes,yes,yes,yes,yes,yes,one_year,1,bank_transfer_(automatic),88.8,5903.15,0
3729,3635-qqrqd,male,0,0,0,62,1,no,no,no_internet_service,no_internet_service,no_internet_service,no_internet_service,no_internet_service,no_internet_service,two_year,1,credit_card_(automatic),20.05,1201.65,0
3730,6771-xwbdm,female,0,1,0,57,1,yes,fiber_optic,no,yes,yes,no,yes,yes,month-to-month,1,credit_card_(automatic),104.5,5921.35,1
3731,2897-dovnd,male,0,0,0,2,1,no,fiber_optic,no,no,no,no,no,no,month-to-month,1,electronic_check,69.8,146.65,0
3732,3082-yvekw,female,0,1,1,23,1,yes,dsl,yes,no,yes,yes,yes,no,two_year,1,bank_transfer_(automatic),77.15,1759.4,0
3733,0191-equuh,female,0,0,1,25,0,no_phone_service,dsl,yes,no,no,yes,no,no,two_year,0,bank_transfer_(automatic),35.05,844.45,0
3734,7134-hbpbs,female,1,0,0,72,1,yes,fiber_optic,no,yes,yes,yes,yes,yes,two_year,1,bank_transfer_(automatic),108.1,7774.05,0
3735,3489-hhpfy,female,0,1,0,2,1,yes,fiber_optic,no,no,no,no,yes,no,month-to-month,1,electronic_check,84.05,134.05,0
3736,2926-jejjc,female,0,0,0,8,1,no,no,no_internet_service,no_internet_service,no_internet_service,no_internet_service,no_internet_service,no_internet_service,one_year,1,bank_transfer_(automatic),20.2,140.95,0
3737,8601-qacrs,female,0,0,0,5,1,yes,dsl,no,no,no,no,no,no,month-to-month,1,mailed_check,50.6,249.95,1
3738,4950-bdeux,male,0,0,0,35,0,no_phone_service,dsl,no,no,yes,no,yes,yes,month-to-month,0,electronic_check,49.2,1701.65,0
3739,5789-ldfxo,male,0,0,0,24,1,yes,no,no_internet_service,no_internet_service,no_internet_service,no_internet_service,no_internet_service,no_internet_service,one_year,0,electronic_check,24.6,592.65,0
3740,0508-oolto,female,0,1,1,2,1,no,fiber_optic,no,no,no,no,no,no,month-to-month,1,electronic_check,71.65,135.75,0
3741,2984-tbyku,male,0,1,1,72,1,yes,fiber_optic,yes,yes,yes,yes,no,yes,two_year,1,credit_card_(automatic),104.9,7732.65,0
3742,9822-wmwvg,female,0,0,0,41,1,yes,fiber_optic,yes,yes,yes,yes,yes,no,month-to-month,1,electronic_check,106.5,4282.4,0
3743,2391-soori,male,0,0,1,4,1,no,dsl,yes,no,no,no,no,no,month-to-month,0,electronic_check,49.35,219.65,1
3744,9040-kzvwo,male,0,0,0,26,1,no,fiber_optic,no,yes,no,no,no,no,one_year,0,bank_transfer_(automatic),75.5,2018.1,0
3745,2645-qtlmb,male,0,0,0,7,1,no,fiber_optic,no,yes,no,no,yes,yes,month-to-month,1,electronic_check,94.25,669.0,1
3746,4806-hipdw,female,0,1,0,1,1,no,fiber_optic,no,no,no,no,no,no,month-to-month,1,electronic_check,68.95,68.95,1
3747,1548-aragg,female,0,1,1,4,1,yes,dsl,no,yes,no,yes,no,no,month-to-month,1,mailed_check,58.5,224.85,0
3748,6339-rzcbj,male,0,0,0,48,1,no,dsl,no,yes,yes,yes,yes,yes,two_year,0,credit_card_(automatic),78.9,3771.5,0
3749,4424-tkopw,male,1,0,0,2,1,yes,fiber_optic,no,no,no,no,yes,yes,month-to-month,1,electronic_check,93.85,196.75,1
3750,4415-wngvr,female,1,1,0,12,1,no,dsl,yes,no,yes,yes,yes,yes,one_year,1,electronic_check,79.2,943.85,0
3751,2522-ahjxr,male,0,1,0,60,1,yes,fiber_optic,yes,no,yes,yes,yes,yes,month-to-month,1,bank_transfer_(automatic),109.45,6572.85,0
3752,0412-uccnp,male,0,0,0,55,1,no,dsl,yes,no,yes,yes,no,no,two_year,1,electronic_check,59.2,3175.85,0
3753,1816-flzdk,male,0,0,0,1,0,no_phone_service,dsl,no,no,no,yes,no,no,month-to-month,0,mailed_check,29.15,29.15,0
3754,7096-uclnh,male,0,0,0,1,1,no,no,no_internet_service,no_internet_service,no_internet_service,no_internet_service,no_internet_service,no_internet_service,month-to-month,0,mailed_check,20.05,20.05,0
3755,8443-zrdbz,male,0,0,0,4,1,yes,fiber_optic,no,no,no,no,no,no,month-to-month,1,electronic_check,76.05,318.9,1
3756,9136-alybr,male,0,0,0,1,0,no_phone_service,dsl,no,no,no,no,no,no,month-to-month,1,mailed_check,24.45,24.45,1
3757,4615-pivvu,female,0,0,0,42,1,no,dsl,no,no,yes,yes,no,yes,two_year,0,credit_card_(automatic),66.5,2762.75,0
3758,8885-qsqbx,female,0,0,0,1,1,no,dsl,yes,no,no,no,no,no,month-to-month,0,bank_transfer_(automatic),49.55,49.55,0
3759,7479-nitws,male,0,0,0,7,1,yes,fiber_optic,no,no,yes,no,yes,no,month-to-month,1,credit_card_(automatic),89.35,631.85,1
3760,8617-enbds,male,0,0,0,3,1,no,fiber_optic,no,no,yes,no,no,no,month-to-month,1,credit_card_(automatic),73.6,232.5,0
3761,9385-nxkda,female,0,1,0,72,1,yes,dsl,yes,yes,yes,no,yes,yes,two_year,1,credit_card_(automatic),82.65,5919.35,0
3762,0430-ihcdj,male,0,0,0,15,1,yes,dsl,no,no,no,no,no,no,month-to-month,1,electronic_check,49.0,749.25,0
3763,2959-mjhic,male,0,1,0,4,1,no,fiber_optic,no,no,no,no,yes,no,month-to-month,1,electronic_check,80.35,307.4,1
3764,6674-kvjhg,female,0,0,0,11,1,yes,no,no_internet_service,no_internet_service,no_internet_service,no_internet_service,no_internet_service,no_internet_service,one_year,0,electronic_check,25.2,245.15,0
3765,1814-dkolc,female,0,0,0,5,1,yes,no,no_internet_service,no_internet_service,no_internet_service,no_internet_service,no_internet_service,no_internet_service,month-to-month,0,mailed_check,25.45,134.75,0
3766,4201-jmngr,female,1,0,0,1,1,no,dsl,yes,no,yes,no,no,no,month-to-month,1,electronic_check,55.8,55.8,1
3767,9351-hxdmr,male,0,1,0,72,1,yes,fiber_optic,yes,no,yes,yes,yes,yes,two_year,1,credit_card_(automatic),110.9,8240.85,0
3768,3537-hpkqt,female,0,1,0,55,1,yes,fiber_optic,no,yes,no,no,no,no,month-to-month,1,credit_card_(automatic),77.75,4266.4,0
3769,2129-alkbs,female,0,1,1,40,1,yes,no,no_internet_service,no_internet_service,no_internet_service,no_internet_service,no_internet_service,no_internet_service,month-to-month,1,electronic_check,26.2,1077.5,0
3770,5821-mmeil,female,0,1,0,57,1,no,no,no_internet_service,no_internet_service,no_internet_service,no_internet_service,no_internet_service,no_internet_service,two_year,0,bank_transfer_(automatic),19.9,1115.6,0
3771,5960-wpxqm,male,0,0,0,1,1,no,fiber_optic,no,no,no,no,yes,no,month-to-month,1,electronic_check,79.05,79.05,1
3772,0684-aosih,male,0,1,0,1,1,no,fiber_optic,yes,no,no,no,yes,yes,month-to-month,1,electronic_check,95.0,95.0,1
3773,8260-ngfny,female,0,0,0,1,0,no_phone_service,dsl,no,no,no,no,no,no,month-to-month,0,mailed_check,25.2,25.2,1
3774,1309-xgfsn,male,1,1,1,52,1,yes,dsl,no,yes,yes,no,yes,yes,one_year,1,electronic_check,80.85,4079.55,0
3775,1866-rzzqs,male,1,0,0,41,1,yes,fiber_optic,no,no,yes,no,yes,yes,month-to-month,1,electronic_check,98.4,4187.75,1
3776,6968-urwqu,male,0,1,0,43,1,no,dsl,no,no,no,no,yes,no,one_year,1,mailed_check,56.35,2391.15,0
3777,4742-txuex,female,0,1,1,47,1,no,no,no_internet_service,no_internet_service,no_internet_service,no_internet_service,no_internet_service,no_internet_service,two_year,0,bank_transfer_(automatic),19.3,890.5,0
3778,9631-xeyke,male,0,0,0,3,1,yes,dsl,no,no,no,no,no,no,month-to-month,0,bank_transfer_(automatic),50.4,137.25,0
3779,8631-nbhfz,male,1,1,1,66,1,yes,dsl,yes,yes,yes,yes,yes,no,two_year,0,credit_card_(automatic),79.4,5154.6,1
3780,1335-mxcse,male,0,1,1,55,1,no,dsl,no,no,yes,yes,no,no,two_year,1,credit_card_(automatic),55.25,3119.9,0
3781,8873-tmkgr,male,0,0,0,29,1,no,no,no_internet_service,no_internet_service,no_internet_service,no_internet_service,no_internet_service,no_internet_service,one_year,0,mailed_check,19.1,529.5,0
3782,8800-joocf,female,0,0,1,12,1,yes,fiber_optic,no,no,no,no,yes,no,month-to-month,1,electronic_check,84.05,966.55,0
3783,1469-lbjqj,female,0,1,0,66,1,yes,fiber_optic,no,yes,yes,no,yes,yes,month-to-month,1,electronic_check,105.2,6936.85,0
3784,4958-xcbdq,male,1,0,0,35,1,yes,fiber_optic,no,no,yes,no,yes,yes,month-to-month,1,electronic_check,101.4,3496.3,1
3785,8337-upoaq,male,1,1,0,10,1,yes,fiber_optic,no,no,yes,no,no,yes,month-to-month,1,electronic_check,89.8,914.3,1
3786,0064-yijgf,male,0,1,1,27,1,yes,fiber_optic,no,no,no,no,no,no,month-to-month,1,bank_transfer_(automatic),75.75,1929.0,0
3787,2386-owury,female,0,0,0,58,1,no,fiber_optic,no,no,no,yes,yes,yes,month-to-month,1,electronic_check,95.3,5817.7,0
3788,1725-iqniy,male,0,1,0,54,1,no,fiber_optic,yes,yes,yes,yes,yes,yes,two_year,0,bank_transfer_(automatic),109.75,6110.2,1
3789,0310-vqxam,male,0,0,0,9,1,no,no,no_internet_service,no_internet_service,no_internet_service,no_internet_service,no_internet_service,no_internet_service,month-to-month,0,mailed_check,19.85,178.8,0
3790,6598-rffvi,male,0,0,0,2,1,no,no,no_internet_service,no_internet_service,no_internet_service,no_internet_service,no_internet_service,no_internet_service,one_year,0,credit_card_(automatic),19.3,28.3,1
3791,3453-rthjq,male,0,0,0,6,1,no,fiber_optic,no,no,no,no,no,no,month-to-month,1,electronic_check,69.1,435.0,0
3792,6712-oawrh,female,1,0,0,26,1,no,fiber_optic,no,no,no,no,yes,yes,month-to-month,1,electronic_check,91.25,2351.8,1
3793,6278-fepbz,female,0,0,0,9,1,no,no,no_internet_service,no_internet_service,no_internet_service,no_internet_service,no_internet_service,no_internet_service,month-to-month,0,mailed_check,20.25,186.15,0
3794,4280-dlshd,male,0,1,0,8,1,no,dsl,no,yes,yes,no,no,no,month-to-month,1,mailed_check,54.75,445.85,0
3795,1508-dfxcu,male,0,0,0,12,1,no,fiber_optic,no,no,no,no,yes,no,month-to-month,1,electronic_check,81.45,912.0,0
3796,8614-vgmmv,female,0,0,0,15,1,yes,dsl,no,no,no,no,no,no,month-to-month,1,electronic_check,49.1,679.55,1
3797,7868-bgsza,male,0,1,0,43,1,yes,dsl,yes,no,yes,no,yes,yes,one_year,1,electronic_check,80.2,3581.6,0
3798,2800-qquso,male,0,0,0,42,1,yes,fiber_optic,no,no,no,yes,yes,yes,month-to-month,1,electronic_check,100.3,4222.95,0
3799,2930-uotmb,female,0,0,0,31,1,yes,dsl,yes,no,yes,yes,no,no,month-to-month,0,credit_card_(automatic),65.25,1994.3,1
3800,7973-dzrkh,female,0,0,1,66,1,yes,fiber_optic,yes,no,yes,yes,no,no,two_year,1,credit_card_(automatic),90.95,5930.05,0
3801,5914-dvbwj,female,1,0,0,18,1,yes,fiber_optic,no,yes,no,yes,no,no,month-to-month,1,electronic_check,85.45,1505.85,1
3802,7698-yfgez,male,0,0,0,1,1,no,no,no_internet_service,no_internet_service,no_internet_service,no_internet_service,no_internet_service,no_internet_service,month-to-month,0,mailed_check,20.0,20.0,0
3803,2533-qvmsk,male,0,1,0,61,1,yes,fiber_optic,no,yes,no,yes,yes,no,two_year,1,electronic_check,94.1,5638.3,1
3804,9773-peqbz,male,0,0,0,10,1,yes,fiber_optic,no,yes,no,no,no,no,month-to-month,0,electronic_check,79.85,797.25,0
3805,8644-xlfbw,male,1,0,0,1,1,no,fiber_optic,no,no,no,no,no,no,month-to-month,1,electronic_check,71.65,71.65,1
3806,0650-bwozn,female,1,0,0,18,1,no,fiber_optic,no,yes,no,no,no,no,month-to-month,1,electronic_check,73.55,1359.45,0
3807,8625-azyzy,male,0,1,0,24,1,yes,fiber_optic,no,yes,yes,no,yes,yes,month-to-month,1,electronic_check,104.65,2542.45,1
3808,7785-rdvig,female,0,1,1,3,1,no,no,no_internet_service,no_internet_service,no_internet_service,no_internet_service,no_internet_service,no_internet_service,month-to-month,0,mailed_check,19.3,54.7,0
3809,9602-wcxpi,male,0,0,0,50,1,no,no,no_internet_service,no_internet_service,no_internet_service,no_internet_service,no_internet_service,no_internet_service,one_year,0,credit_card_(automatic),20.15,989.05,0
3810,2903-yytbw,male,0,1,1,1,1,no,dsl,no,no,no,no,no,no,month-to-month,0,electronic_check,44.55,44.55,0
3811,3620-mwjne,male,0,0,0,2,1,no,dsl,yes,no,no,yes,no,no,month-to-month,1,mailed_check,54.45,87.3,0
3812,8573-jgczw,male,0,0,0,17,1,no,no,no_internet_service,no_internet_service,no_internet_service,no_internet_service,no_internet_service,no_internet_service,one_year,1,bank_transfer_(automatic),19.65,351.55,0
3813,6837-haevo,male,0,1,1,69,1,yes,fiber_optic,no,yes,yes,no,yes,yes,two_year,1,electronic_check,105.0,7297.75,0
3814,6701-yvnqg,male,0,1,0,72,1,yes,dsl,yes,yes,yes,yes,yes,yes,two_year,1,credit_card_(automatic),88.7,6301.7,0
3815,9306-cpcbc,female,0,0,0,3,1,yes,fiber_optic,no,no,no,no,no,no,month-to-month,1,electronic_check,74.25,210.3,1
3816,4304-xumgi,male,1,1,1,50,1,yes,dsl,yes,yes,yes,no,no,yes,two_year,1,bank_transfer_(automatic),75.15,3822.45,0
3817,9504-yazwb,female,0,0,0,53,1,no,no,no_internet_service,no_internet_service,no_internet_service,no_internet_service,no_internet_service,no_internet_service,two_year,0,mailed_check,20.25,1048.45,0
3818,8819-zbyna,female,0,1,0,58,1,yes,fiber_optic,yes,yes,no,yes,yes,yes,two_year,1,credit_card_(automatic),109.1,6393.65,0
3819,6174-nrbtz,male,0,0,0,46,0,no_phone_service,dsl,yes,no,no,no,no,no,one_year,1,bank_transfer_(automatic),30.75,1489.3,0
3820,9481-iebzy,male,1,1,0,72,1,yes,fiber_optic,yes,yes,yes,yes,yes,yes,month-to-month,1,credit_card_(automatic),112.9,8061.5,0
3821,1833-vgrum,female,1,0,0,1,1,yes,fiber_optic,no,no,no,no,no,no,month-to-month,1,electronic_check,74.2,74.2,1
3822,6137-nicco,female,0,1,1,6,1,yes,fiber_optic,no,yes,yes,no,yes,no,month-to-month,1,mailed_check,94.05,518.75,0
3823,9065-zcpqx,male,0,1,0,72,1,yes,dsl,yes,yes,yes,yes,no,yes,two_year,0,bank_transfer_(automatic),78.85,5763.15,0
3824,6402-ejmwf,male,0,0,0,4,1,no,dsl,no,no,no,no,no,yes,month-to-month,1,mailed_check,55.3,238.5,0
3825,3620-ehimz,female,0,1,1,52,1,no,no,no_internet_service,no_internet_service,no_internet_service,no_internet_service,no_internet_service,no_internet_service,two_year,0,mailed_check,19.35,1031.7,0
3826,3213-vvolg,male,0,1,1,0,1,yes,no,no_internet_service,no_internet_service,no_internet_service,no_internet_service,no_internet_service,no_internet_service,two_year,0,mailed_check,25.35,1397.475,0
3827,6870-ecshe,female,0,0,0,2,1,no,no,no_internet_service,no_internet_service,no_internet_service,no_internet_service,no_internet_service,no_internet_service,one_year,0,mailed_check,20.45,34.8,0
3828,8747-udcoi,female,0,1,0,65,1,no,no,no_internet_service,no_internet_service,no_internet_service,no_internet_service,no_internet_service,no_internet_service,two_year,0,bank_transfer_(automatic),19.35,1319.95,0
3829,8374-xgejj,male,1,1,0,43,1,yes,fiber_optic,no,yes,no,no,yes,yes,month-to-month,1,electronic_check,101.0,4388.4,1
3830,2656-tabeh,male,0,1,0,4,1,yes,fiber_optic,no,yes,no,no,yes,yes,month-to-month,1,electronic_check,100.2,420.2,1
3831,6946-lmsqs,male,1,1,0,25,1,yes,fiber_optic,yes,no,no,no,no,yes,one_year,1,electronic_check,89.05,2177.45,1
3832,4626-ozdtj,female,0,1,0,51,1,yes,dsl,no,yes,no,yes,yes,yes,one_year,1,credit_card_(automatic),78.65,3950.85,0
3833,9169-bsvin,male,0,0,0,12,1,yes,dsl,no,no,yes,no,yes,yes,month-to-month,0,bank_transfer_(automatic),74.75,827.05,0
3834,2325-zusfd,female,0,1,1,57,1,no,dsl,yes,no,no,no,yes,yes,one_year,1,bank_transfer_(automatic),70.1,3913.3,1
3835,8194-peeby,female,0,1,1,24,1,no,no,no_internet_service,no_internet_service,no_internet_service,no_internet_service,no_internet_service,no_internet_service,one_year,0,mailed_check,19.9,533.5,0
3836,6872-hxfnf,female,0,1,0,64,1,yes,dsl,no,no,yes,yes,no,no,one_year,0,bank_transfer_(automatic),58.35,3756.45,0
3837,3932-cmdtd,female,0,0,0,4,1,no,fiber_optic,no,yes,yes,yes,yes,yes,one_year,1,electronic_check,105.65,443.9,1
3838,7714-yxsmb,female,0,0,0,26,1,yes,fiber_optic,no,no,yes,no,yes,yes,month-to-month,1,bank_transfer_(automatic),100.5,2599.95,0
3839,8387-ugusu,female,0,1,1,15,1,no,no,no_internet_service,no_internet_service,no_internet_service,no_internet_service,no_internet_service,no_internet_service,month-to-month,0,mailed_check,20.05,284.3,0
3840,1080-bwsye,male,1,1,0,64,1,yes,no,no_internet_service,no_internet_service,no_internet_service,no_internet_service,no_internet_service,no_internet_service,two_year,0,credit_card_(automatic),25.65,1740.8,0
3841,4039-heunw,male,1,1,0,36,1,yes,fiber_optic,no,yes,no,no,yes,yes,month-to-month,1,electronic_check,96.5,3436.1,1
3842,1194-hvaif,female,0,1,0,27,1,yes,fiber_optic,no,no,no,no,yes,yes,month-to-month,0,credit_card_(automatic),95.0,2462.55,0
3843,0812-wuptb,male,1,1,0,1,1,no,fiber_optic,no,no,no,no,no,no,month-to-month,0,mailed_check,70.85,70.85,1
3844,3594-uvona,female,0,0,0,35,1,yes,dsl,yes,no,yes,yes,yes,yes,one_year,1,credit_card_(automatic),85.95,3110.1,1
3845,0004-tlhlj,male,0,0,0,4,1,no,fiber_optic,no,no,yes,no,no,no,month-to-month,1,electronic_check,73.9,280.85,1
3846,1767-tgtko,female,0,1,1,8,1,no,dsl,no,no,no,no,no,no,month-to-month,1,electronic_check,45.45,411.75,0
3847,8439-ltugf,male,0,0,0,10,1,no,no,no_internet_service,no_internet_service,no_internet_service,no_internet_service,no_internet_service,no_internet_service,month-to-month,1,credit_card_(automatic),20.0,198.6,0
3848,8805-jnraz,female,0,0,0,2,1,no,dsl,no,yes,no,no,no,no,month-to-month,0,mailed_check,49.2,103.7,0
3849,5089-ifsdp,female,0,1,0,58,1,yes,fiber_optic,yes,yes,yes,no,yes,yes,two_year,1,bank_transfer_(automatic),109.45,6144.55,1
3850,6418-hnfed,male,0,1,0,51,1,no,dsl,yes,yes,yes,yes,yes,yes,two_year,1,credit_card_(automatic),83.25,4089.45,0
3851,0206-oyvoc,female,0,1,1,46,1,no,no,no_internet_service,no_internet_service,no_internet_service,no_internet_service,no_internet_service,no_internet_service,two_year,1,mailed_check,19.25,864.2,0
3852,7291-cdtmj,male,0,0,0,1,1,no,no,no_internet_service,no_internet_service,no_internet_service,no_internet_service,no_internet_service,no_internet_service,month-to-month,1,bank_transfer_(automatic),19.65,19.65,0
3853,7128-ggcno,male,0,0,0,46,1,yes,fiber_optic,no,no,no,no,no,no,month-to-month,0,bank_transfer_(automatic),72.8,3249.4,0
3854,0237-yfutl,female,0,1,0,50,1,yes,fiber_optic,yes,yes,no,yes,yes,yes,month-to-month,1,bank_transfer_(automatic),109.65,5405.8,0
3855,7691-kgkgp,male,0,1,1,53,1,no,dsl,no,yes,no,yes,yes,no,month-to-month,0,credit_card_(automatic),65.0,3363.8,0
3856,6710-hsjrd,male,0,1,0,61,1,yes,fiber_optic,no,yes,yes,yes,yes,yes,month-to-month,1,electronic_check,114.1,7132.15,0
3857,3675-eqoza,male,0,0,0,5,1,no,no,no_internet_service,no_internet_service,no_internet_service,no_internet_service,no_internet_service,no_internet_service,month-to-month,0,bank_transfer_(automatic),20.65,93.55,0
3858,0840-dcnze,male,0,0,0,47,1,no,dsl,yes,yes,yes,yes,yes,yes,one_year,1,bank_transfer_(automatic),86.95,4138.9,0
3859,1732-fekld,female,0,0,0,54,1,yes,fiber_optic,no,yes,yes,no,yes,no,one_year,1,bank_transfer_(automatic),94.75,5121.75,0
3860,9862-kjtyk,male,0,0,1,19,0,no_phone_service,dsl,no,no,no,no,no,no,month-to-month,1,credit_card_(automatic),25.35,566.1,0
3861,0479-hmswa,female,0,0,1,26,1,no,fiber_optic,no,yes,yes,yes,yes,yes,two_year,1,electronic_check,105.45,2715.3,0
3862,5854-ksrbj,male,0,1,1,70,1,yes,no,no_internet_service,no_internet_service,no_internet_service,no_internet_service,no_internet_service,no_internet_service,two_year,0,mailed_check,25.4,1782.05,0
3863,0365-bzuwy,male,0,1,0,17,1,yes,fiber_optic,no,yes,yes,no,yes,yes,month-to-month,1,electronic_check,102.55,1742.5,0
3864,4817-vyyws,female,0,0,0,30,1,yes,fiber_optic,no,yes,no,no,yes,yes,month-to-month,1,electronic_check,100.2,2983.8,1
3865,5701-svcwr,female,0,0,1,1,1,yes,no,no_internet_service,no_internet_service,no_internet_service,no_internet_service,no_internet_service,no_internet_service,month-to-month,0,mailed_check,24.0,24.0,0
3866,3129-aaqou,female,0,1,1,19,1,yes,no,no_internet_service,no_internet_service,no_internet_service,no_internet_service,no_internet_service,no_internet_service,two_year,0,mailed_check,25.6,485.9,0
3867,4922-cvpdx,female,0,1,0,26,1,no,dsl,no,yes,yes,no,yes,yes,two_year,1,credit_card_(automatic),73.5,1905.7,0
3868,1396-qwfbj,female,0,1,1,21,1,no,fiber_optic,no,yes,no,no,no,no,month-to-month,1,bank_transfer_(automatic),74.05,1565.7,1
3869,1357-bijki,male,0,1,0,50,1,yes,fiber_optic,no,yes,no,no,yes,yes,one_year,1,electronic_check,98.25,4858.7,0
3870,1099-btkwt,female,0,1,0,68,0,no_phone_service,dsl,yes,no,yes,no,yes,yes,one_year,1,electronic_check,54.4,3723.65,0
3871,5299-sjczt,male,0,0,0,3,1,yes,fiber_optic,no,no,yes,no,yes,yes,month-to-month,1,bank_transfer_(automatic),101.55,298.35,1
3872,2018-pzkmu,male,0,1,1,9,1,no,fiber_optic,no,no,yes,yes,yes,yes,month-to-month,0,electronic_check,103.1,970.45,0
3873,7340-kefqe,female,0,1,1,51,0,no_phone_service,dsl,yes,no,no,yes,no,no,two_year,0,bank_transfer_(automatic),34.2,1782.0,0
3874,4570-qhxhl,female,0,0,0,9,1,no,dsl,no,no,no,no,no,no,month-to-month,1,electronic_check,43.75,405.7,0
3875,2403-bcasl,male,1,1,1,41,1,yes,fiber_optic,no,yes,yes,yes,yes,yes,one_year,1,electronic_check,111.95,4534.9,1
3876,7392-yypyj,male,0,0,0,22,1,yes,fiber_optic,no,yes,no,no,yes,yes,month-to-month,1,electronic_check,100.65,2415.95,0
3877,2898-lsjgd,female,0,1,1,21,0,no_phone_service,dsl,yes,no,yes,no,yes,yes,one_year,1,electronic_check,55.95,1157.05,1
3878,2223-gdshl,male,0,1,1,71,1,yes,fiber_optic,yes,yes,yes,yes,yes,yes,two_year,1,bank_transfer_(automatic),116.05,8297.5,0
3879,7359-ptsxy,male,0,0,0,1,1,no,dsl,no,no,no,no,no,no,month-to-month,0,electronic_check,45.75,45.75,1
3880,9470-rtwdv,male,0,1,1,26,1,yes,dsl,no,no,yes,yes,yes,yes,one_year,1,credit_card_(automatic),82.0,2083.1,0
3881,2176-osjuv,male,0,1,0,71,1,yes,dsl,yes,yes,no,yes,no,no,two_year,0,bank_transfer_(automatic),65.15,4681.75,0
3882,9348-yvomk,male,0,0,0,4,1,no,dsl,no,no,no,no,no,no,month-to-month,1,credit_card_(automatic),44.8,176.2,0
3883,8104-oskwt,female,0,0,0,12,1,yes,fiber_optic,yes,no,no,no,no,no,month-to-month,1,electronic_check,79.8,1001.2,0
3884,4521-yeehe,female,0,1,0,18,1,yes,fiber_optic,no,no,no,yes,yes,no,month-to-month,1,electronic_check,88.85,1594.75,0
3885,4090-kpjip,female,0,0,0,3,1,yes,fiber_optic,no,no,no,no,no,no,month-to-month,1,electronic_check,74.95,212.4,0
3886,3786-wovkf,female,1,1,0,72,1,yes,fiber_optic,yes,yes,no,no,yes,yes,one_year,1,bank_transfer_(automatic),106.85,7677.4,0
3887,4503-bdxbd,male,0,0,0,11,1,no,fiber_optic,no,yes,no,no,no,no,month-to-month,0,electronic_check,74.95,815.5,1
3888,6086-esgrl,female,0,0,0,1,1,no,fiber_optic,no,no,no,no,no,yes,month-to-month,0,credit_card_(automatic),80.15,80.15,1
3889,2592-hodov,male,0,0,0,13,1,no,no,no_internet_service,no_internet_service,no_internet_service,no_internet_service,no_internet_service,no_internet_service,one_year,0,credit_card_(automatic),19.3,259.65,0
3890,3886-certz,female,0,1,0,72,1,yes,fiber_optic,no,yes,yes,yes,yes,yes,one_year,1,electronic_check,109.25,8109.8,1
3891,7995-zhhnz,male,0,1,0,42,1,yes,dsl,yes,no,no,no,no,no,one_year,0,credit_card_(automatic),56.1,2386.85,0
3892,3824-rhkvr,female,0,0,0,17,1,no,no,no_internet_service,no_internet_service,no_internet_service,no_internet_service,no_internet_service,no_internet_service,month-to-month,0,credit_card_(automatic),19.7,340.35,0
3893,5816-scgfc,female,1,0,0,7,1,no,dsl,no,yes,no,no,no,no,month-to-month,1,mailed_check,51.3,419.35,0
3894,5989-axpuc,female,0,1,0,68,1,yes,fiber_optic,yes,yes,yes,yes,yes,yes,two_year,0,mailed_check,118.6,7990.05,0
3895,4979-hprfl,male,0,1,1,56,1,yes,no,no_internet_service,no_internet_service,no_internet_service,no_internet_service,no_internet_service,no_internet_service,two_year,0,bank_transfer_(automatic),24.15,1402.25,0
3896,8590-ohdiw,female,0,1,1,38,1,no,no,no_internet_service,no_internet_service,no_internet_service,no_internet_service,no_internet_service,no_internet_service,one_year,0,mailed_check,20.3,749.35,0
3897,8015-ihcgw,female,0,1,1,72,1,yes,fiber_optic,yes,yes,yes,yes,yes,yes,two_year,1,electronic_check,115.5,8425.15,0
3898,2332-todqs,female,0,0,0,48,1,yes,no,no_internet_service,no_internet_service,no_internet_service,no_internet_service,no_internet_service,no_internet_service,one_year,0,credit_card_(automatic),25.05,1171.5,0
3899,9278-vzkcd,female,1,1,0,52,1,yes,fiber_optic,yes,yes,yes,no,yes,yes,month-to-month,1,electronic_check,109.1,5647.95,0
3900,8008-otezx,female,0,1,1,35,1,no,no,no_internet_service,no_internet_service,no_internet_service,no_internet_service,no_internet_service,no_internet_service,one_year,0,mailed_check,19.65,708.8,0
3901,2773-ovbpk,male,0,1,0,67,1,yes,fiber_optic,no,yes,yes,yes,yes,yes,two_year,1,bank_transfer_(automatic),111.3,7567.2,0
3902,5999-lcxao,female,0,0,0,1,0,no_phone_service,dsl,yes,no,no,no,no,no,month-to-month,0,mailed_check,29.9,29.9,0
3903,5206-xzzqi,male,0,0,0,53,1,no,fiber_optic,no,yes,no,yes,no,no,month-to-month,1,mailed_check,80.6,4348.1,0
3904,4803-lbypn,male,0,1,1,34,1,no,no,no_internet_service,no_internet_service,no_internet_service,no_internet_service,no_internet_service,no_internet_service,month-to-month,0,mailed_check,20.8,635.9,0
3905,5759-rcvcb,female,0,0,0,3,0,no_phone_service,dsl,no,no,no,no,yes,no,month-to-month,0,credit_card_(automatic),35.2,108.95,1
3906,6372-rfvns,female,0,1,0,1,1,no,fiber_optic,no,no,no,no,yes,no,month-to-month,0,electronic_check,78.8,78.8,1
3907,2139-fqhlm,male,0,0,0,19,1,no,fiber_optic,no,no,yes,yes,yes,no,month-to-month,0,mailed_check,89.95,1682.4,0
3908,8261-gwdbq,female,1,1,0,60,1,yes,fiber_optic,yes,yes,yes,yes,yes,yes,two_year,1,bank_transfer_(automatic),116.05,6925.9,0
3909,1093-yswca,male,0,0,0,11,1,no,no,no_internet_service,no_internet_service,no_internet_service,no_internet_service,no_internet_service,no_internet_service,two_year,0,credit_card_(automatic),19.55,223.15,0
3910,8938-umkpi,female,0,0,0,47,1,yes,fiber_optic,no,yes,yes,no,yes,yes,month-to-month,1,electronic_check,106.4,5127.95,1
3911,0991-brrfb,male,0,0,0,18,1,no,dsl,yes,no,no,no,no,no,month-to-month,0,electronic_check,49.4,874.8,1
3912,3882-iyoij,female,0,1,1,60,1,yes,fiber_optic,yes,yes,yes,yes,yes,yes,two_year,0,credit_card_(automatic),115.25,6758.45,0
3913,8749-tzyec,male,0,1,0,72,1,yes,no,no_internet_service,no_internet_service,no_internet_service,no_internet_service,no_internet_service,no_internet_service,two_year,0,credit_card_(automatic),24.8,1874.3,0
3914,1755-fzqec,male,0,0,0,39,1,no,no,no_internet_service,no_internet_service,no_internet_service,no_internet_service,no_internet_service,no_internet_service,one_year,0,mailed_check,19.9,791.15,0
3915,3115-jpjdd,female,0,1,0,59,1,no,fiber_optic,yes,no,yes,no,no,no,one_year,1,credit_card_(automatic),81.25,4639.45,0
3916,5600-ktxfm,male,0,1,1,2,1,no,fiber_optic,no,no,no,no,no,no,month-to-month,0,mailed_check,69.95,143.9,0
3917,3871-ikpyh,male,1,0,0,1,1,no,fiber_optic,no,no,no,no,no,no,month-to-month,0,electronic_check,69.1,69.1,1
3918,6319-iejwj,male,0,1,1,20,1,no,fiber_optic,no,no,no,no,yes,yes,month-to-month,1,electronic_check,90.2,1776.55,1
3919,9025-aomki,female,0,0,0,6,1,yes,fiber_optic,no,no,no,no,yes,yes,month-to-month,1,bank_transfer_(automatic),93.55,536.4,1
3920,6339-tbelp,male,0,0,0,71,1,yes,fiber_optic,no,no,yes,yes,no,no,two_year,1,credit_card_(automatic),86.4,6172.0,0
3921,7964-yesjc,female,0,1,0,24,1,yes,dsl,yes,yes,yes,no,no,no,month-to-month,0,mailed_check,66.3,1559.45,0
3922,6173-golsu,male,1,1,0,67,1,yes,fiber_optic,no,no,no,no,yes,yes,month-to-month,1,credit_card_(automatic),94.65,6079.0,0
3923,5275-sqeiz,male,0,0,0,1,1,no,fiber_optic,no,no,no,no,no,yes,month-to-month,1,mailed_check,80.85,80.85,1
3924,7716-ytyhg,female,0,1,1,48,1,yes,fiber_optic,no,no,no,no,no,yes,one_year,1,mailed_check,82.05,4029.95,1
3925,9938-zrehm,female,0,1,0,37,1,yes,dsl,no,yes,no,yes,no,yes,one_year,0,mailed_check,72.1,2658.4,0
3926,7950-xwovn,male,0,0,0,11,0,no_phone_service,dsl,no,yes,yes,no,no,no,month-to-month,0,mailed_check,34.7,383.55,0
3927,4390-kyulv,male,0,1,0,3,1,no,no,no_internet_service,no_internet_service,no_internet_service,no_internet_service,no_internet_service,no_internet_service,month-to-month,1,credit_card_(automatic),20.55,51.15,1
3928,4647-muzon,female,0,1,0,18,1,no,fiber_optic,no,no,yes,no,yes,yes,month-to-month,1,credit_card_(automatic),95.95,1745.5,0
3929,9702-aiujo,male,0,1,1,50,1,no,dsl,no,no,no,no,no,no,one_year,1,bank_transfer_(automatic),44.8,2230.85,0
3930,8849-priqj,female,0,1,1,67,1,yes,fiber_optic,yes,no,yes,yes,yes,yes,one_year,1,electronic_check,109.4,7281.6,0
3931,8851-ragov,female,0,1,0,25,1,no,dsl,yes,yes,no,yes,no,yes,month-to-month,1,mailed_check,71.05,1837.7,0
3932,1304-necvq,female,1,0,0,2,1,yes,fiber_optic,no,no,yes,no,no,no,month-to-month,1,electronic_check,78.55,149.55,1
3933,5396-izepb,male,0,0,0,9,1,no,no,no_internet_service,no_internet_service,no_internet_service,no_internet_service,no_internet_service,no_internet_service,month-to-month,0,credit_card_(automatic),19.7,180.7,0
3934,1729-vlazj,female,0,0,1,10,0,no_phone_service,dsl,yes,yes,no,yes,no,no,one_year,0,mailed_check,40.25,411.45,0
3935,8285-abvlb,female,0,1,0,70,1,no,no,no_internet_service,no_internet_service,no_internet_service,no_internet_service,no_internet_service,no_internet_service,two_year,0,credit_card_(automatic),19.85,1328.35,0
3936,0701-tjsef,male,0,0,0,9,1,no,dsl,yes,no,yes,yes,no,yes,month-to-month,1,bank_transfer_(automatic),68.25,576.95,0
3937,5712-vboxd,female,0,0,0,4,1,no,no,no_internet_service,no_internet_service,no_internet_service,no_internet_service,no_internet_service,no_internet_service,month-to-month,1,credit_card_(automatic),20.15,68.45,0
3938,6629-ladhq,female,0,0,0,2,1,no,dsl,yes,no,no,no,no,no,month-to-month,0,mailed_check,50.95,123.05,0
3939,8945-grkhx,female,0,0,1,1,1,no,fiber_optic,no,no,no,no,no,yes,month-to-month,0,electronic_check,78.65,78.65,1
3940,1559-dtodc,male,0,0,0,19,0,no_phone_service,dsl,no,no,no,no,no,no,month-to-month,1,bank_transfer_(automatic),25.15,468.35,0
3941,4797-miwum,male,0,1,1,7,1,no,no,no_internet_service,no_internet_service,no_internet_service,no_internet_service,no_internet_service,no_internet_service,month-to-month,1,bank_transfer_(automatic),20.25,174.7,0
3942,6959-uwkhf,male,0,0,0,1,1,no,dsl,no,no,no,no,no,no,month-to-month,1,electronic_check,42.9,42.9,1
3943,8720-rqsbj,male,1,0,0,1,1,no,dsl,no,no,no,no,no,no,month-to-month,0,electronic_check,44.0,44.0,0
3944,4537-cibhb,female,0,1,1,9,1,no,no,no_internet_service,no_internet_service,no_internet_service,no_internet_service,no_internet_service,no_internet_service,one_year,0,mailed_check,20.25,172.35,0
3945,3815-slmef,female,0,0,0,3,0,no_phone_service,dsl,yes,no,no,yes,no,no,month-to-month,0,mailed_check,34.25,139.35,1
3946,5154-vekbl,female,0,0,0,9,0,no_phone_service,dsl,yes,no,yes,yes,yes,yes,month-to-month,0,mailed_check,58.5,539.85,1
3947,4324-ahjks,female,0,0,0,5,1,no,dsl,yes,no,yes,no,no,no,month-to-month,0,credit_card_(automatic),55.8,300.4,0
3948,4355-cvpvs,female,0,1,1,56,1,no,fiber_optic,no,no,no,no,yes,yes,one_year,0,bank_transfer_(automatic),88.9,4968.0,0
3949,4495-lhssk,female,0,0,1,18,1,yes,dsl,yes,no,no,no,no,no,month-to-month,0,mailed_check,57.65,992.7,0
3950,5655-jsmzm,male,1,0,0,49,1,yes,fiber_optic,no,no,no,no,yes,yes,month-to-month,1,electronic_check,96.2,4718.25,1
3951,5915-anoei,male,0,1,0,70,1,yes,dsl,yes,yes,yes,yes,yes,no,two_year,0,mailed_check,79.15,5536.5,0
3952,9861-pdszp,female,0,0,0,72,1,yes,fiber_optic,no,yes,yes,yes,yes,yes,two_year,1,credit_card_(automatic),108.05,7806.6,0
3953,4505-exzhb,female,1,0,0,6,1,no,fiber_optic,no,no,yes,no,no,no,month-to-month,0,electronic_check,74.4,434.1,1
3954,7225-cbzpl,male,1,1,0,17,1,yes,fiber_optic,no,no,no,no,yes,yes,month-to-month,1,electronic_check,94.8,1563.9,0
3955,6704-utukk,male,0,1,0,29,0,no_phone_service,dsl,no,no,no,no,yes,yes,month-to-month,1,electronic_check,45.9,1332.4,0
3956,4587-vvtox,female,0,1,0,6,1,yes,fiber_optic,no,yes,yes,no,yes,yes,month-to-month,1,electronic_check,105.3,545.2,1
3957,2019-hdczy,male,0,1,0,63,1,yes,fiber_optic,no,no,yes,no,yes,yes,two_year,0,electronic_check,102.6,6296.75,0
3958,4652-nnhny,male,0,1,0,16,1,yes,fiber_optic,no,no,no,no,no,no,month-to-month,1,bank_transfer_(automatic),73.85,1284.2,1
3959,8788-doxsu,male,0,0,0,59,1,no,dsl,no,no,yes,no,no,yes,one_year,1,bank_transfer_(automatic),61.35,3645.5,0
3960,7404-jlkqg,female,0,0,0,3,1,no,dsl,no,no,yes,no,yes,no,month-to-month,0,electronic_check,57.55,161.45,0
3961,7421-zlupa,female,0,0,0,8,0,no_phone_service,dsl,no,yes,no,no,no,no,month-to-month,1,mailed_check,29.25,226.95,0
3962,8972-hjwnv,female,1,1,0,7,1,yes,fiber_optic,no,no,no,no,no,yes,month-to-month,1,electronic_check,84.55,646.85,1
3963,3274-nsdwe,female,0,0,0,68,1,no,no,no_internet_service,no_internet_service,no_internet_service,no_internet_service,no_internet_service,no_internet_service,two_year,0,credit_card_(automatic),19.6,1441.65,0
3964,2632-ivxvf,female,0,1,1,68,1,yes,fiber_optic,yes,no,yes,yes,yes,yes,two_year,0,credit_card_(automatic),111.75,7511.3,0
3965,3692-jhonh,female,1,1,0,52,1,yes,fiber_optic,no,yes,yes,no,yes,yes,one_year,1,electronic_check,106.5,5621.85,0
3966,8915-nntrc,male,0,1,1,72,1,yes,fiber_optic,yes,yes,no,yes,yes,yes,two_year,1,credit_card_(automatic),107.7,7919.8,0
3967,5914-gxmda,female,0,1,0,32,1,no,no,no_internet_service,no_internet_service,no_internet_service,no_internet_service,no_internet_service,no_internet_service,one_year,0,mailed_check,19.3,593.2,0
3968,7463-ifmqu,female,0,1,0,72,1,no,no,no_internet_service,no_internet_service,no_internet_service,no_internet_service,no_internet_service,no_internet_service,two_year,0,bank_transfer_(automatic),20.05,1423.65,0
3969,2920-rncez,male,0,1,1,1,1,no,fiber_optic,no,no,no,no,no,no,month-to-month,1,credit_card_(automatic),69.95,69.95,0
3970,2541-ygpke,male,0,1,1,42,1,no,dsl,yes,no,no,yes,no,yes,one_year,0,credit_card_(automatic),63.7,2763.35,0
3971,8515-octjs,female,0,0,0,25,1,yes,no,no_internet_service,no_internet_service,no_internet_service,no_internet_service,no_internet_service,no_internet_service,two_year,0,credit_card_(automatic),24.75,692.1,1
3972,5382-temlv,male,0,0,0,45,1,no,dsl,yes,no,no,no,no,no,month-to-month,1,bank_transfer_(automatic),50.9,2298.55,0
3973,3441-cgzjh,female,0,1,1,43,0,no_phone_service,dsl,yes,no,yes,yes,yes,yes,one_year,1,credit_card_(automatic),60.4,2640.55,0
3974,9592-erdkv,male,0,1,0,37,1,yes,dsl,yes,no,yes,no,yes,yes,one_year,0,mailed_check,79.25,2911.8,0
3975,2860-ranus,female,1,0,0,20,1,yes,fiber_optic,no,no,no,no,no,yes,month-to-month,1,credit_card_(automatic),85.8,1727.5,1
3976,5261-qshqm,female,0,0,0,4,0,no_phone_service,dsl,no,no,no,no,no,no,month-to-month,1,electronic_check,24.45,86.6,1
3977,4778-izarl,male,0,1,0,63,1,no,fiber_optic,yes,yes,yes,yes,yes,yes,two_year,1,credit_card_(automatic),110.1,6705.7,0
3978,0432-cajzv,male,0,0,0,3,1,no,fiber_optic,no,no,no,no,yes,yes,month-to-month,0,mailed_check,90.7,237.65,0
3979,7008-lzvoz,male,0,1,1,66,1,yes,no,no_internet_service,no_internet_service,no_internet_service,no_internet_service,no_internet_service,no_internet_service,two_year,1,credit_card_(automatic),25.3,1672.35,0
3980,8868-wozgu,male,0,0,0,28,1,yes,fiber_optic,no,yes,yes,no,yes,yes,month-to-month,1,electronic_check,105.7,2979.5,1
3981,1200-tuzhr,female,1,0,0,8,1,yes,fiber_optic,no,no,no,no,no,yes,month-to-month,0,electronic_check,85.2,695.75,0
3982,9365-cslbq,male,0,0,1,71,1,yes,no,no_internet_service,no_internet_service,no_internet_service,no_internet_service,no_internet_service,no_internet_service,two_year,0,mailed_check,24.35,1654.6,0
3983,1334-fjsvr,male,0,0,0,1,0,no_phone_service,dsl,no,no,no,no,no,no,month-to-month,1,electronic_check,24.25,24.25,1
3984,5884-fbctl,female,0,1,1,72,1,yes,no,no_internet_service,no_internet_service,no_internet_service,no_internet_service,no_internet_service,no_internet_service,two_year,0,bank_transfer_(automatic),25.1,1857.85,0
3985,7130-ctcus,male,1,1,0,16,1,no,dsl,yes,yes,no,no,no,no,month-to-month,1,bank_transfer_(automatic),54.55,825.1,0
3986,6242-fegfd,male,0,1,0,66,1,yes,fiber_optic,yes,yes,yes,yes,no,no,two_year,0,mailed_check,96.6,6424.25,0
3987,7625-xcqrh,female,0,0,0,11,1,yes,fiber_optic,no,no,no,no,no,no,month-to-month,1,electronic_check,76.5,837.95,1
3988,6194-hbgqn,male,0,0,0,51,1,yes,dsl,yes,yes,yes,yes,yes,no,one_year,1,credit_card_(automatic),81.15,4126.2,0
3989,7634-wswdb,female,0,0,1,8,0,no_phone_service,dsl,yes,no,no,no,no,yes,month-to-month,1,electronic_check,38.5,330.8,0
3990,6986-ixndm,male,0,0,0,14,1,no,fiber_optic,no,no,no,no,yes,yes,month-to-month,1,electronic_check,92.9,1337.45,0
3991,1731-tviuk,female,0,0,0,4,1,yes,fiber_optic,no,yes,no,yes,no,yes,month-to-month,1,electronic_check,93.5,362.2,1
3992,2987-bjxik,female,0,0,0,70,1,yes,dsl,yes,yes,yes,no,yes,yes,two_year,0,mailed_check,84.7,5991.05,0
3993,9769-tsbze,female,0,0,1,70,1,yes,dsl,yes,yes,no,yes,no,no,two_year,0,electronic_check,66.0,4891.5,0
3994,0406-bpdvr,female,1,1,0,54,1,yes,fiber_optic,no,yes,no,no,yes,yes,one_year,1,credit_card_(automatic),101.5,5373.1,1
3995,0618-xwmss,male,0,0,1,28,1,no,fiber_optic,yes,no,no,no,no,no,month-to-month,1,bank_transfer_(automatic),74.9,2068.55,1
3996,1395-wswxr,male,0,0,0,24,1,no,no,no_internet_service,no_internet_service,no_internet_service,no_internet_service,no_internet_service,no_internet_service,two_year,0,mailed_check,20.75,487.05,0
3997,6023-gssxw,female,0,1,0,69,1,no,dsl,no,yes,no,no,no,yes,two_year,1,credit_card_(automatic),61.45,4131.2,0
3998,6752-apnjl,male,0,1,1,42,1,no,dsl,yes,yes,no,no,no,no,month-to-month,0,mailed_check,54.5,2301.15,0
3999,5276-kqwhg,female,1,0,0,2,1,no,fiber_optic,no,no,no,no,no,no,month-to-month,1,electronic_check,69.6,131.65,1
4000,0420-hlgxf,female,1,0,0,39,1,yes,fiber_optic,no,no,yes,no,yes,yes,month-to-month,1,electronic_check,99.75,4036.0,0
4001,7446-kqiso,male,0,1,1,45,1,yes,fiber_optic,no,yes,yes,yes,yes,yes,two_year,1,bank_transfer_(automatic),109.75,4900.65,0
4002,9823-ealyc,male,0,1,1,72,1,yes,dsl,yes,yes,yes,yes,yes,no,two_year,1,bank_transfer_(automatic),80.85,5727.45,0
4003,0582-avcln,female,0,0,0,38,1,no,no,no_internet_service,no_internet_service,no_internet_service,no_internet_service,no_internet_service,no_internet_service,two_year,0,mailed_check,20.3,743.05,0
4004,5803-nqjzo,male,0,1,0,72,1,yes,dsl,yes,yes,yes,yes,no,no,two_year,1,bank_transfer_(automatic),67.8,4804.65,0
4005,2565-jslry,male,0,0,0,1,1,yes,no,no_internet_service,no_internet_service,no_internet_service,no_internet_service,no_internet_service,no_internet_service,month-to-month,1,mailed_check,24.05,24.05,1
4006,2607-dhdak,male,0,1,1,72,1,no,no,no_internet_service,no_internet_service,no_internet_service,no_internet_service,no_internet_service,no_internet_service,two_year,1,credit_card_(automatic),19.8,1414.65,0
4007,1073-xxczd,male,0,1,0,55,1,yes,no,no_internet_service,no_internet_service,no_internet_service,no_internet_service,no_internet_service,no_internet_service,two_year,0,bank_transfer_(automatic),25.7,1443.65,0
4008,0743-hrvff,female,0,1,1,51,0,no_phone_service,dsl,no,no,yes,yes,yes,yes,one_year,1,electronic_check,56.15,2898.95,0
4009,4006-hkyho,male,0,0,0,63,1,no,dsl,yes,yes,yes,yes,yes,yes,two_year,1,bank_transfer_(automatic),86.7,5309.5,0
4010,3727-jeztu,female,0,0,0,1,1,no,no,no_internet_service,no_internet_service,no_internet_service,no_internet_service,no_internet_service,no_internet_service,month-to-month,0,mailed_check,20.4,20.4,0
4011,8143-etqti,female,0,1,1,23,1,no,no,no_internet_service,no_internet_service,no_internet_service,no_internet_service,no_internet_service,no_internet_service,two_year,1,mailed_check,19.65,451.55,0
4012,6689-kxgbo,female,0,0,0,1,1,no,dsl,no,yes,no,no,no,no,month-to-month,0,electronic_check,50.55,50.55,1
4013,9667-tktvz,female,0,0,0,2,1,yes,dsl,no,no,no,yes,no,no,month-to-month,1,mailed_check,54.35,117.05,0
4014,3657-cogmw,female,1,0,0,52,1,yes,fiber_optic,yes,yes,yes,no,yes,yes,month-to-month,0,credit_card_(automatic),108.1,5839.3,0
4015,8570-kljyj,female,0,0,0,36,1,yes,dsl,yes,no,no,no,no,no,one_year,0,mailed_check,54.45,1893.5,0
4016,7754-ixrmc,female,0,0,0,1,1,no,dsl,no,no,no,no,no,no,month-to-month,0,mailed_check,45.35,45.35,0
4017,9473-cbzop,female,0,0,0,28,1,yes,dsl,yes,no,yes,no,no,no,one_year,0,mailed_check,59.0,1654.45,0
4018,2969-wghqo,female,0,1,1,7,1,no,dsl,yes,yes,yes,no,yes,no,one_year,0,electronic_check,69.45,477.05,0
4019,6615-nggzj,male,0,0,0,14,1,yes,fiber_optic,no,yes,no,no,yes,yes,month-to-month,1,electronic_check,100.55,1415.55,1
4020,4334-howrp,male,1,1,0,72,0,no_phone_service,dsl,yes,yes,yes,yes,yes,yes,two_year,1,credit_card_(automatic),64.95,4546.0,0
4021,4255-dduou,female,0,1,1,1,1,no,no,no_internet_service,no_internet_service,no_internet_service,no_internet_service,no_internet_service,no_internet_service,month-to-month,1,mailed_check,20.5,20.5,1
4022,5863-ookcl,female,0,0,0,10,1,no,no,no_internet_service,no_internet_service,no_internet_service,no_internet_service,no_internet_service,no_internet_service,month-to-month,0,mailed_check,18.85,163.2,0
4023,1686-stuhn,male,0,0,0,42,1,no,no,no_internet_service,no_internet_service,no_internet_service,no_internet_service,no_internet_service,no_internet_service,one_year,0,bank_transfer_(automatic),19.8,849.9,0
4024,1329-vhwnp,female,0,0,0,7,0,no_phone_service,dsl,no,no,no,no,no,no,month-to-month,0,bank_transfer_(automatic),25.05,189.95,0
4025,2984-miizl,male,0,0,0,4,1,no,fiber_optic,no,no,yes,no,no,no,month-to-month,1,bank_transfer_(automatic),74.8,321.9,1
4026,0266-gmeao,male,0,1,1,72,1,yes,fiber_optic,yes,yes,yes,yes,yes,yes,two_year,1,credit_card_(automatic),114.3,8058.55,0
4027,5590-yrfjt,female,0,1,0,20,0,no_phone_service,dsl,no,no,no,no,no,no,month-to-month,1,electronic_check,24.45,482.8,1
4028,5574-nxziu,male,0,0,0,63,1,no,fiber_optic,yes,yes,yes,yes,yes,yes,two_year,0,credit_card_(automatic),109.2,7049.75,0
4029,0019-gfntw,female,0,0,0,56,0,no_phone_service,dsl,yes,yes,yes,yes,no,no,two_year,0,bank_transfer_(automatic),45.05,2560.1,0
4030,4256-zwtzi,female,0,0,1,5,1,no,dsl,no,no,no,yes,no,no,month-to-month,1,mailed_check,51.0,286.8,0
4031,8309-ppced,female,0,1,0,72,1,yes,fiber_optic,no,yes,yes,yes,yes,yes,two_year,1,bank_transfer_(automatic),110.45,7982.5,0
4032,4098-naukp,male,1,1,1,68,1,yes,fiber_optic,no,yes,yes,no,no,no,month-to-month,1,electronic_check,84.65,5683.6,0
4033,5196-wpyow,male,0,1,1,67,1,no,dsl,yes,yes,no,yes,no,no,one_year,0,mailed_check,60.05,3994.05,0
4034,4608-lcimn,male,0,1,1,8,1,no,dsl,no,no,no,no,no,no,month-to-month,0,bank_transfer_(automatic),44.65,369.15,0
4035,1485-ydhmm,male,0,1,1,52,1,yes,fiber_optic,no,yes,no,yes,no,yes,month-to-month,1,bank_transfer_(automatic),93.25,4631.7,0
4036,4054-cumia,female,0,1,1,18,1,no,no,no_internet_service,no_internet_service,no_internet_service,no_internet_service,no_internet_service,no_internet_service,month-to-month,1,mailed_check,20.25,401.95,0
4037,0603-tpmib,female,0,1,1,59,1,yes,no,no_internet_service,no_internet_service,no_internet_service,no_internet_service,no_internet_service,no_internet_service,two_year,0,mailed_check,25.45,1534.05,0
4038,2525-gvkqu,female,0,0,0,60,1,no,no,no_internet_service,no_internet_service,no_internet_service,no_internet_service,no_internet_service,no_internet_service,two_year,0,mailed_check,20.6,1093.0,0
4039,8161-qymtt,male,0,0,0,7,1,yes,fiber_optic,no,no,no,no,yes,yes,month-to-month,1,electronic_check,94.1,701.3,0
4040,9581-gvbxt,male,0,1,1,59,0,no_phone_service,dsl,yes,no,yes,no,no,no,one_year,0,mailed_check,34.8,1980.3,0
4041,5862-brixz,male,0,0,0,46,0,no_phone_service,dsl,yes,no,yes,yes,yes,yes,two_year,1,bank_transfer_(automatic),60.75,2893.4,0
4042,5404-ggukr,male,0,0,0,5,1,no,dsl,no,yes,no,no,no,no,month-to-month,1,electronic_check,51.35,262.3,0
4043,3308-jsgml,male,1,1,0,59,0,no_phone_service,dsl,yes,no,yes,yes,yes,yes,two_year,1,credit_card_(automatic),64.05,3886.85,0
4044,2126-gsegl,female,0,1,0,70,1,yes,dsl,no,yes,yes,yes,yes,yes,two_year,1,bank_transfer_(automatic),84.8,5917.55,0
4045,3677-tnkio,female,0,0,0,14,1,no,fiber_optic,no,no,no,no,no,no,month-to-month,1,credit_card_(automatic),71.0,914.0,1
4046,0440-qexbz,female,0,0,0,44,1,yes,dsl,no,no,no,no,no,no,month-to-month,1,mailed_check,50.15,2139.1,0
4047,2434-eevdb,female,0,1,0,64,1,yes,fiber_optic,yes,no,yes,no,yes,no,two_year,1,credit_card_(automatic),94.6,5948.7,0
4048,6762-qvyjo,female,0,1,1,58,0,no_phone_service,dsl,yes,no,yes,yes,yes,yes,two_year,0,mailed_check,59.75,3624.35,0
4049,6199-iwkgc,female,1,1,0,46,1,yes,fiber_optic,no,no,no,yes,yes,yes,one_year,0,electronic_check,100.25,4753.85,0
4050,2675-dhutr,male,1,1,0,58,1,yes,fiber_optic,no,yes,no,no,yes,yes,month-to-month,1,electronic_check,98.9,5780.7,0
4051,8152-vetur,female,0,1,0,72,1,yes,fiber_optic,no,yes,no,no,yes,yes,two_year,1,credit_card_(automatic),97.7,6869.7,0
4052,9667-eqrxu,female,1,0,0,30,0,no_phone_service,dsl,no,no,yes,no,yes,no,month-to-month,1,electronic_check,40.3,1172.95,1
4053,7446-ypode,male,1,0,0,11,1,yes,dsl,yes,yes,no,no,no,no,month-to-month,0,bank_transfer_(automatic),60.25,662.95,0
4054,9522-bnthx,female,1,0,0,34,0,no_phone_service,dsl,no,yes,yes,no,yes,yes,month-to-month,1,electronic_check,56.25,1765.95,0
4055,4676-wluht,male,0,0,0,54,0,no_phone_service,dsl,yes,yes,no,no,no,yes,two_year,0,bank_transfer_(automatic),46.2,2431.95,0
4056,3329-wdiok,female,0,0,0,3,0,no_phone_service,dsl,no,yes,no,no,yes,yes,month-to-month,1,electronic_check,50.6,155.35,1
4057,7980-mhflq,female,0,1,1,72,1,yes,no,no_internet_service,no_internet_service,no_internet_service,no_internet_service,no_internet_service,no_internet_service,two_year,0,mailed_check,24.9,1859.2,0
4058,2873-zliwt,female,0,1,1,40,1,yes,fiber_optic,no,no,yes,yes,no,no,month-to-month,1,electronic_check,84.85,3303.05,1
4059,3415-taile,female,0,1,1,2,1,no,dsl,no,no,no,no,yes,yes,month-to-month,0,mailed_check,65.7,134.35,1
4060,0757-wcuuz,male,0,1,1,54,1,yes,dsl,no,no,yes,no,no,yes,two_year,0,credit_card_(automatic),63.35,3409.1,0
4061,1629-dqqvb,female,0,0,0,14,1,no,dsl,yes,no,no,no,no,no,month-to-month,0,bank_transfer_(automatic),50.1,709.5,0
4062,1915-iofgu,female,0,0,0,1,1,no,fiber_optic,no,no,no,no,no,no,month-to-month,0,electronic_check,70.5,70.5,1
4063,3045-xetsh,female,0,0,0,10,1,yes,fiber_optic,no,yes,yes,no,no,yes,month-to-month,1,electronic_check,94.85,953.45,1
4064,0374-aacsz,female,0,0,0,1,1,no,dsl,yes,no,no,no,no,no,month-to-month,0,electronic_check,50.15,50.15,0
4065,7239-hzzcx,male,0,0,0,1,1,no,no,no_internet_service,no_internet_service,no_internet_service,no_internet_service,no_internet_service,no_internet_service,month-to-month,0,mailed_check,19.75,19.75,1
4066,4872-vxril,male,0,0,0,56,1,yes,dsl,yes,yes,no,yes,no,no,one_year,1,bank_transfer_(automatic),64.65,3665.55,0
4067,9140-czqzz,female,0,1,0,68,1,no,dsl,yes,yes,no,yes,yes,yes,two_year,1,bank_transfer_(automatic),79.6,5515.8,0
4068,3423-hhxao,female,0,1,1,14,1,no,no,no_internet_service,no_internet_service,no_internet_service,no_internet_service,no_internet_service,no_internet_service,one_year,1,mailed_check,19.5,272.0,0
4069,9938-tkdgl,male,0,1,1,68,1,no,fiber_optic,yes,no,no,yes,yes,yes,two_year,1,electronic_check,99.55,6668.0,0
4070,0531-zzjwq,male,1,1,0,55,1,yes,fiber_optic,no,no,no,no,no,no,month-to-month,1,electronic_check,74.0,4052.4,0
4071,6537-qlgex,female,0,0,0,16,0,no_phone_service,dsl,yes,no,no,no,yes,no,month-to-month,1,electronic_check,38.9,664.4,0
4072,2688-bhgog,male,1,0,0,9,1,no,fiber_optic,no,no,no,no,no,yes,month-to-month,1,electronic_check,79.55,718.55,0
4073,7683-cbdkj,male,0,1,1,14,1,no,dsl,yes,yes,no,no,yes,no,month-to-month,1,electronic_check,65.45,937.6,1
4074,0946-cljti,male,1,1,0,58,1,yes,fiber_optic,no,no,yes,no,yes,yes,month-to-month,1,electronic_check,98.7,5812.6,1
4075,3160-tyxlt,male,0,0,0,53,0,no_phone_service,dsl,yes,yes,no,no,no,yes,month-to-month,1,bank_transfer_(automatic),46.3,2546.85,0
4076,1325-usmec,male,0,1,0,70,1,yes,fiber_optic,yes,yes,yes,no,yes,no,two_year,1,credit_card_(automatic),99.35,6944.5,0
4077,0916-qofdp,female,1,1,1,14,1,yes,fiber_optic,no,no,no,no,yes,yes,month-to-month,1,electronic_check,95.8,1346.3,0
4078,0628-cnqrm,male,0,1,1,22,1,no,dsl,yes,no,yes,yes,yes,no,one_year,1,bank_transfer_(automatic),67.5,1544.05,1
4079,5606-amzbo,female,0,1,0,10,1,yes,fiber_optic,yes,no,no,no,no,no,month-to-month,1,credit_card_(automatic),78.15,765.15,0
4080,6199-ipcao,female,0,1,1,29,1,yes,no,no_internet_service,no_internet_service,no_internet_service,no_internet_service,no_internet_service,no_internet_service,two_year,0,mailed_check,26.1,692.55,0
4081,7665-toald,female,0,0,0,1,1,no,fiber_optic,no,no,no,no,no,no,month-to-month,1,electronic_check,69.6,69.6,1
4082,0112-qwpnc,male,0,1,0,49,1,yes,dsl,yes,no,yes,yes,yes,yes,one_year,0,electronic_check,84.35,4059.35,1
4083,0324-brpcj,female,1,1,0,68,1,yes,fiber_optic,no,yes,no,no,yes,yes,month-to-month,1,electronic_check,100.2,6851.65,1
4084,2777-phdei,female,0,0,0,1,1,no,fiber_optic,no,no,no,no,yes,no,month-to-month,0,electronic_check,78.05,78.05,1
4085,5640-caxoa,female,0,0,0,30,0,no_phone_service,dsl,no,no,no,yes,no,yes,one_year,1,credit_card_(automatic),40.35,1187.05,0
4086,2235-ezaik,female,0,1,0,72,1,yes,dsl,yes,yes,yes,yes,yes,no,two_year,0,credit_card_(automatic),79.2,5401.9,0
4087,3847-baerp,female,0,0,0,10,1,no,no,no_internet_service,no_internet_service,no_internet_service,no_internet_service,no_internet_service,no_internet_service,month-to-month,1,mailed_check,20.9,247.0,0
4088,1196-amora,male,0,0,0,7,1,yes,fiber_optic,no,no,no,no,no,no,month-to-month,0,electronic_check,73.6,520.0,1
4089,4282-ymkna,female,0,0,0,9,1,yes,fiber_optic,no,no,no,no,no,no,month-to-month,1,electronic_check,74.75,706.6,1
4090,1453-rzfon,female,0,0,1,1,1,no,dsl,yes,no,no,no,no,no,month-to-month,0,mailed_check,49.9,49.9,0
4091,8263-oketd,female,0,0,0,20,1,yes,dsl,no,yes,no,yes,no,yes,month-to-month,1,credit_card_(automatic),68.9,1370.35,0
4092,0670-kdoma,female,0,0,0,1,1,no,no,no_internet_service,no_internet_service,no_internet_service,no_internet_service,no_internet_service,no_internet_service,month-to-month,1,mailed_check,20.25,20.25,0
4093,2476-ygefm,female,0,0,0,29,1,yes,fiber_optic,no,no,no,no,no,no,month-to-month,1,credit_card_(automatic),76.0,2215.25,0
4094,8687-bafgu,male,0,0,0,1,1,no,fiber_optic,no,no,no,yes,no,no,month-to-month,0,electronic_check,74.0,74.0,0
4095,0641-evboj,male,0,0,0,3,1,no,fiber_optic,yes,no,no,yes,no,no,month-to-month,1,mailed_check,82.3,214.4,0
4096,0829-xxplx,female,0,0,0,20,1,no,fiber_optic,yes,no,yes,no,yes,no,month-to-month,1,bank_transfer_(automatic),89.4,1871.15,0
4097,9974-jfbhq,male,0,0,1,64,1,no,fiber_optic,no,yes,no,yes,yes,yes,month-to-month,1,credit_card_(automatic),99.15,6171.2,0
4098,5356-rhipp,male,0,0,0,1,1,no,no,no_internet_service,no_internet_service,no_internet_service,no_internet_service,no_internet_service,no_internet_service,month-to-month,1,mailed_check,20.2,20.2,1
4099,6624-jdrds,female,0,0,0,6,0,no_phone_service,dsl,yes,no,no,no,no,no,month-to-month,0,bank_transfer_(automatic),29.45,161.45,0
4100,0608-jdvec,male,0,1,0,50,1,no,no,no_internet_service,no_internet_service,no_internet_service,no_internet_service,no_internet_service,no_internet_service,two_year,0,electronic_check,19.8,1013.2,0
4101,9780-fkvvf,male,0,0,0,6,1,no,dsl,yes,no,no,no,no,yes,month-to-month,1,bank_transfer_(automatic),59.15,336.7,0
4102,1919-rtpqd,male,0,1,1,7,1,no,dsl,no,no,no,no,no,no,month-to-month,0,electronic_check,44.75,333.65,0
4103,5214-nltit,male,0,1,1,72,1,yes,fiber_optic,no,no,yes,no,no,yes,two_year,1,credit_card_(automatic),90.8,6511.8,0
4104,3345-pbbfh,male,0,1,0,8,1,no,dsl,no,yes,no,no,no,no,month-to-month,1,bank_transfer_(automatic),49.55,393.45,0
4105,5055-brmne,female,0,1,1,67,1,yes,fiber_optic,yes,no,no,yes,yes,yes,two_year,0,credit_card_(automatic),106.7,7009.5,0
4106,9189-jwshv,female,1,1,0,24,1,yes,fiber_optic,no,no,no,no,yes,yes,month-to-month,1,electronic_check,93.55,2264.05,1
4107,2190-phbhr,female,0,1,0,72,1,yes,fiber_optic,yes,yes,no,no,no,yes,two_year,1,credit_card_(automatic),94.45,6921.7,0
4108,2650-gyryl,male,0,1,1,33,1,no,no,no_internet_service,no_internet_service,no_internet_service,no_internet_service,no_internet_service,no_internet_service,one_year,1,bank_transfer_(automatic),19.45,600.25,0
4109,0746-jtrfu,male,0,0,0,2,0,no_phone_service,dsl,no,no,no,no,no,no,month-to-month,1,electronic_check,25.05,56.35,1
4110,5208-fvqkb,male,0,1,0,70,1,no,dsl,yes,yes,no,yes,no,yes,two_year,0,mailed_check,67.95,4664.15,0
4111,7184-lruur,female,0,0,0,22,1,no,dsl,no,yes,yes,no,yes,no,one_year,0,bank_transfer_(automatic),65.25,1441.8,0
4112,6627-cfosn,female,0,0,0,59,1,yes,fiber_optic,yes,yes,yes,no,no,yes,month-to-month,1,bank_transfer_(automatic),99.45,5623.7,0
4113,3982-jgsfd,male,0,0,0,36,1,no,no,no_internet_service,no_internet_service,no_internet_service,no_internet_service,no_internet_service,no_internet_service,one_year,1,credit_card_(automatic),20.35,695.85,0
4114,1574-dycwe,female,0,1,1,51,1,no,no,no_internet_service,no_internet_service,no_internet_service,no_internet_service,no_internet_service,no_internet_service,two_year,0,mailed_check,19.95,1028.75,0
4115,7247-xozpb,male,0,1,0,53,1,yes,dsl,yes,no,yes,yes,yes,no,one_year,0,bank_transfer_(automatic),77.4,4155.95,0
4116,2466-fccpt,female,0,1,1,20,1,no,no,no_internet_service,no_internet_service,no_internet_service,no_internet_service,no_internet_service,no_internet_service,one_year,0,bank_transfer_(automatic),19.7,395.6,0
4117,6211-wwltf,male,0,1,0,63,1,no,fiber_optic,yes,no,yes,no,yes,yes,two_year,0,credit_card_(automatic),99.7,6330.4,0
4118,4826-tzeva,female,0,0,0,40,1,no,fiber_optic,no,yes,no,no,no,no,month-to-month,0,credit_card_(automatic),74.8,2971.7,0
4119,6016-nxbnj,male,0,0,0,35,1,no,no,no_internet_service,no_internet_service,no_internet_service,no_internet_service,no_internet_service,no_internet_service,one_year,1,mailed_check,19.15,638.0,0
4120,9138-efsmo,male,0,1,1,26,1,no,fiber_optic,no,no,no,no,no,yes,one_year,0,bank_transfer_(automatic),78.95,2034.25,0
4121,0576-wnxxc,male,1,1,0,27,1,yes,fiber_optic,no,yes,yes,no,no,yes,month-to-month,1,electronic_check,95.55,2510.2,1
4122,4632-xjmex,male,0,0,1,53,1,no,dsl,yes,yes,no,yes,no,no,one_year,0,credit_card_(automatic),62.85,3419.5,0
4123,8910-ledag,male,1,1,0,34,1,no,fiber_optic,no,no,no,no,no,no,month-to-month,0,credit_card_(automatic),71.55,2427.35,0
4124,3452-gwuin,female,1,1,0,19,1,yes,fiber_optic,no,no,no,no,yes,yes,month-to-month,1,electronic_check,94.95,1760.25,0
4125,2716-gfzor,male,0,1,0,43,1,no,fiber_optic,yes,yes,yes,no,no,no,month-to-month,1,credit_card_(automatic),86.1,3551.65,0
4126,3724-ucshy,male,0,1,1,6,1,no,no,no_internet_service,no_internet_service,no_internet_service,no_internet_service,no_internet_service,no_internet_service,month-to-month,0,mailed_check,19.55,122.9,0
4127,8626-xhbie,male,0,0,1,56,1,yes,no,no_internet_service,no_internet_service,no_internet_service,no_internet_service,no_internet_service,no_internet_service,two_year,1,mailed_check,24.8,1424.2,0
4128,4628-cttla,male,0,0,0,57,0,no_phone_service,dsl,no,yes,no,no,yes,no,month-to-month,1,electronic_check,39.3,2111.45,1
4129,3192-lnkrk,male,0,1,1,34,1,no,fiber_optic,no,no,yes,no,yes,no,month-to-month,1,mailed_check,84.05,2909.95,0
4130,4439-yrnvd,female,0,0,0,10,0,no_phone_service,dsl,no,yes,no,yes,no,no,month-to-month,0,electronic_check,36.25,374.0,0
4131,2876-vbbbl,female,0,0,0,1,1,no,no,no_internet_service,no_internet_service,no_internet_service,no_internet_service,no_internet_service,no_internet_service,month-to-month,1,mailed_check,20.25,20.25,1
4132,6834-nxdca,female,0,0,0,13,0,no_phone_service,dsl,no,no,no,no,no,no,month-to-month,1,electronic_check,23.9,300.8,1
4133,2208-ugtgr,male,0,0,0,56,1,yes,fiber_optic,no,yes,no,no,yes,yes,month-to-month,0,electronic_check,98.6,5581.05,0
4134,3005-tyfrd,female,0,1,0,55,1,yes,fiber_optic,no,yes,yes,no,yes,yes,month-to-month,1,credit_card_(automatic),103.65,5676.65,0
4135,8670-mefcp,female,0,1,1,36,1,yes,dsl,yes,yes,yes,yes,yes,yes,two_year,1,credit_card_(automatic),92.9,3379.25,0
4136,3079-bchln,male,0,1,0,47,1,no,no,no_internet_service,no_internet_service,no_internet_service,no_internet_service,no_internet_service,no_internet_service,one_year,0,bank_transfer_(automatic),19.9,942.95,0
4137,7777-unyhb,female,0,1,1,12,1,no,no,no_internet_service,no_internet_service,no_internet_service,no_internet_service,no_internet_service,no_internet_service,month-to-month,1,credit_card_(automatic),20.1,232.4,0
4138,5597-glbuc,female,0,0,0,1,1,no,fiber_optic,no,no,yes,no,yes,no,month-to-month,1,electronic_check,85.45,85.45,1
4139,7278-ckdnc,male,1,0,0,24,1,yes,fiber_optic,no,yes,no,no,no,no,month-to-month,1,electronic_check,80.5,2088.45,0
4140,2748-myrvk,female,0,0,0,63,1,yes,fiber_optic,no,yes,no,no,yes,yes,one_year,0,bank_transfer_(automatic),99.9,6137.0,1
4141,8450-uyibu,female,1,0,0,35,0,no_phone_service,dsl,no,no,yes,no,yes,no,month-to-month,1,electronic_check,39.85,1434.6,0
4142,2969-vapyh,female,0,0,0,67,1,no,dsl,yes,yes,no,yes,no,no,one_year,0,credit_card_(automatic),60.5,3870.0,0
4143,4822-ycxmx,male,0,0,0,25,1,yes,fiber_optic,no,no,no,no,no,yes,month-to-month,1,electronic_check,84.8,2043.45,1
4144,7181-oqcut,male,0,0,0,21,1,yes,fiber_optic,yes,no,yes,no,yes,yes,month-to-month,0,mailed_check,103.85,2215.0,0
4145,8474-umlnt,female,0,0,0,13,1,no,dsl,yes,yes,no,yes,no,yes,month-to-month,0,bank_transfer_(automatic),67.8,842.25,0
4146,9821-pootn,male,0,1,0,35,1,yes,fiber_optic,no,no,no,no,no,no,month-to-month,1,electronic_check,75.2,2576.2,1
4147,3836-fzsdj,male,1,1,0,71,1,yes,no,no_internet_service,no_internet_service,no_internet_service,no_internet_service,no_internet_service,no_internet_service,two_year,0,bank_transfer_(automatic),24.85,1901.0,0
4148,9142-xmyjh,female,0,0,0,29,1,no,no,no_internet_service,no_internet_service,no_internet_service,no_internet_service,no_internet_service,no_internet_service,month-to-month,0,credit_card_(automatic),19.35,601.6,0
4149,6559-ilwkj,male,0,1,0,71,0,no_phone_service,dsl,no,yes,no,no,yes,yes,two_year,0,electronic_check,49.35,3515.25,1
4150,0187-qsxoe,male,1,1,0,7,1,no,fiber_optic,no,no,no,no,yes,yes,month-to-month,1,electronic_check,89.0,605.45,0
4151,7733-udmtp,female,1,0,0,57,0,no_phone_service,dsl,no,yes,yes,no,yes,yes,month-to-month,1,electronic_check,55.0,3094.05,0
4152,2649-hwlyb,male,0,1,0,65,1,yes,dsl,yes,no,yes,yes,no,yes,two_year,0,bank_transfer_(automatic),76.15,4929.55,0
4153,5214-chiwj,male,0,0,0,27,1,no,no,no_internet_service,no_internet_service,no_internet_service,no_internet_service,no_internet_service,no_internet_service,one_year,0,mailed_check,20.3,595.05,0
4154,4229-czmll,male,0,0,0,6,1,yes,fiber_optic,no,no,no,no,no,no,month-to-month,1,electronic_check,74.9,469.8,1
4155,6904-jlbgy,female,1,0,0,72,1,yes,fiber_optic,yes,yes,yes,yes,yes,yes,two_year,1,credit_card_(automatic),117.35,8436.25,0
4156,2465-blleu,male,0,0,0,1,1,no,no,no_internet_service,no_internet_service,no_internet_service,no_internet_service,no_internet_service,no_internet_service,month-to-month,1,mailed_check,19.75,19.75,0
4157,1685-vayjf,male,0,0,0,11,1,no,dsl,no,no,no,no,no,no,month-to-month,0,credit_card_(automatic),45.2,492.0,0
4158,8874-ejnsr,male,0,1,1,39,1,yes,no,no_internet_service,no_internet_service,no_internet_service,no_internet_service,no_internet_service,no_internet_service,two_year,0,mailed_check,25.2,987.95,0
4159,6917-yacbp,female,1,0,0,59,1,yes,fiber_optic,yes,yes,yes,no,no,no,month-to-month,1,electronic_check,89.75,5496.9,0
4160,5049-mubwg,male,0,0,0,26,1,no,dsl,yes,no,no,yes,yes,yes,one_year,0,bank_transfer_(automatic),75.0,1908.35,0
4161,4223-wozcm,male,1,0,0,2,1,no,dsl,no,no,yes,no,no,no,month-to-month,0,mailed_check,49.95,107.1,0
4162,0769-murvm,female,0,1,1,72,0,no_phone_service,dsl,yes,yes,yes,yes,yes,yes,two_year,0,bank_transfer_(automatic),65.7,4575.35,0
4163,9253-vifjq,male,0,1,0,65,1,yes,dsl,yes,yes,yes,no,no,no,one_year,0,credit_card_(automatic),67.05,4309.55,0
4164,7030-fztfm,male,0,1,1,72,1,yes,fiber_optic,no,yes,yes,yes,yes,yes,two_year,0,credit_card_(automatic),110.9,7922.75,0
4165,9741-ylntd,male,0,0,0,6,1,yes,fiber_optic,no,no,no,yes,no,yes,month-to-month,1,bank_transfer_(automatic),87.95,522.35,0
4166,5917-ryrmg,male,1,0,0,32,1,no,no,no_internet_service,no_internet_service,no_internet_service,no_internet_service,no_internet_service,no_internet_service,one_year,0,credit_card_(automatic),19.8,587.7,0
4167,5120-zblai,female,0,1,0,50,1,yes,dsl,no,no,yes,no,yes,yes,one_year,0,bank_transfer_(automatic),75.7,3876.2,0
4168,1194-bhjyc,male,0,1,0,61,0,no_phone_service,dsl,yes,no,yes,yes,yes,yes,two_year,1,mailed_check,62.15,3778.85,0
4169,3663-mitlp,female,0,0,0,15,1,no,fiber_optic,no,yes,yes,no,yes,yes,month-to-month,1,electronic_check,101.25,1457.25,1
4170,0906-qvpms,male,0,1,0,72,1,yes,fiber_optic,yes,yes,yes,yes,yes,yes,two_year,0,bank_transfer_(automatic),115.15,8349.45,0
4171,9025-zrpvr,male,0,0,0,9,1,no,no,no_internet_service,no_internet_service,no_internet_service,no_internet_service,no_internet_service,no_internet_service,month-to-month,1,mailed_check,18.95,185.6,1
4172,1905-oeilc,female,0,0,0,1,1,no,no,no_internet_service,no_internet_service,no_internet_service,no_internet_service,no_internet_service,no_internet_service,month-to-month,0,mailed_check,19.5,19.5,0
4173,7858-gtzsp,female,0,0,0,12,1,yes,fiber_optic,no,no,no,no,no,yes,month-to-month,1,electronic_check,86.55,1066.9,0
4174,3285-ucqvc,female,0,0,0,37,0,no_phone_service,dsl,no,no,no,yes,no,no,month-to-month,0,credit_card_(automatic),28.6,973.55,1
4175,6248-bshkg,male,0,1,1,61,1,no,no,no_internet_service,no_internet_service,no_internet_service,no_internet_service,no_internet_service,no_internet_service,one_year,0,mailed_check,20.4,1226.45,0
4176,4685-tflls,male,0,1,1,18,1,no,no,no_internet_service,no_internet_service,no_internet_service,no_internet_service,no_internet_service,no_internet_service,one_year,0,bank_transfer_(automatic),19.8,342.3,0
4177,3470-btgqo,male,0,0,1,21,1,no,dsl,no,no,no,no,no,no,month-to-month,0,mailed_check,45.65,985.05,0
4178,1209-vffoc,male,0,1,1,68,0,no_phone_service,dsl,yes,yes,yes,yes,no,yes,two_year,1,mailed_check,56.4,3948.45,0
4179,8224-dwckx,male,1,0,0,12,1,yes,fiber_optic,no,no,no,no,no,no,month-to-month,1,credit_card_(automatic),73.3,828.05,0
4180,5482-plvpe,female,1,0,0,2,0,no_phone_service,dsl,no,no,no,no,no,no,month-to-month,0,electronic_check,24.35,41.85,1
4181,4553-dvpzg,female,0,1,0,62,1,yes,fiber_optic,no,no,yes,no,yes,yes,month-to-month,1,electronic_check,101.35,6164.7,0
4182,4902-ohlsk,female,1,0,0,29,1,yes,fiber_optic,no,no,no,yes,yes,yes,month-to-month,0,electronic_check,98.65,2862.75,1
4183,6917-iayhd,male,0,0,1,1,0,no_phone_service,dsl,no,yes,no,yes,no,no,month-to-month,0,mailed_check,33.6,33.6,0
4184,0495-zbngw,male,1,1,0,5,1,yes,fiber_optic,no,no,yes,no,no,no,month-to-month,1,bank_transfer_(automatic),79.9,343.95,1
4185,8620-rjpzn,female,0,0,0,1,1,no,no,no_internet_service,no_internet_service,no_internet_service,no_internet_service,no_internet_service,no_internet_service,month-to-month,0,electronic_check,20.7,20.7,0
4186,7572-kpvkk,male,0,0,1,62,1,yes,fiber_optic,no,no,yes,yes,yes,yes,two_year,1,electronic_check,104.05,6590.5,0
4187,2642-mawlj,female,0,1,1,36,1,no,no,no_internet_service,no_internet_service,no_internet_service,no_internet_service,no_internet_service,no_internet_service,two_year,0,bank_transfer_(automatic),20.25,717.95,0
4188,2357-coqek,female,1,0,0,28,1,yes,fiber_optic,no,no,yes,yes,yes,yes,month-to-month,1,electronic_check,103.3,2890.65,1
4189,7103-zgvnt,female,0,1,1,69,1,yes,dsl,yes,yes,no,yes,yes,no,one_year,0,credit_card_(automatic),73.7,4885.85,0
4190,3737-gcspv,female,0,1,0,11,1,yes,fiber_optic,yes,no,no,yes,yes,no,month-to-month,1,credit_card_(automatic),96.2,1222.05,1
4191,2027-wkxmw,female,0,1,0,63,1,yes,fiber_optic,no,yes,yes,yes,yes,yes,month-to-month,1,electronic_check,108.75,6871.7,0
4192,7137-naxml,male,0,0,0,23,1,no,no,no_internet_service,no_internet_service,no_internet_service,no_internet_service,no_internet_service,no_internet_service,one_year,0,bank_transfer_(automatic),20.15,405.6,0
4193,2428-zmctb,male,0,0,0,10,1,no,no,no_internet_service,no_internet_service,no_internet_service,no_internet_service,no_internet_service,no_internet_service,month-to-month,0,credit_card_(automatic),19.75,208.25,0
4194,2961-vnfkl,female,0,1,0,71,1,yes,no,no_internet_service,no_internet_service,no_internet_service,no_internet_service,no_internet_service,no_internet_service,two_year,1,credit_card_(automatic),25.95,1801.9,0
4195,1768-hnvgj,female,1,0,0,45,1,yes,dsl,yes,no,no,yes,no,yes,month-to-month,1,electronic_check,70.05,3062.45,0
4196,6963-kqyqb,female,0,1,1,70,1,yes,no,no_internet_service,no_internet_service,no_internet_service,no_internet_service,no_internet_service,no_internet_service,two_year,0,mailed_check,24.05,1764.75,0
4197,5934-rmpov,female,0,0,1,22,1,yes,fiber_optic,no,no,no,no,no,yes,month-to-month,1,electronic_check,84.75,1816.75,0
4198,1207-blksa,female,0,1,1,52,1,yes,no,no_internet_service,no_internet_service,no_internet_service,no_internet_service,no_internet_service,no_internet_service,two_year,0,mailed_check,23.05,1255.1,0
4199,4088-yldsu,male,0,1,0,55,1,yes,fiber_optic,no,no,yes,yes,yes,yes,one_year,1,electronic_check,104.15,5743.05,1
4200,8316-bbqay,female,0,0,0,65,0,no_phone_service,dsl,yes,no,yes,yes,yes,yes,two_year,0,credit_card_(automatic),59.95,3921.1,0
4201,1166-pqlgg,female,0,1,1,72,1,no,no,no_internet_service,no_internet_service,no_internet_service,no_internet_service,no_internet_service,no_internet_service,two_year,0,bank_transfer_(automatic),19.55,1463.45,0
4202,3146-jtqhr,male,0,1,0,10,1,no,no,no_internet_service,no_internet_service,no_internet_service,no_internet_service,no_internet_service,no_internet_service,one_year,0,bank_transfer_(automatic),19.6,189.45,0
4203,4291-yzodp,female,0,0,1,7,1,no,no,no_internet_service,no_internet_service,no_internet_service,no_internet_service,no_internet_service,no_internet_service,one_year,0,mailed_check,20.05,96.8,0
4204,4395-pzmsn,male,1,0,0,5,1,no,fiber_optic,no,yes,no,no,no,yes,month-to-month,1,electronic_check,85.55,408.5,0
4205,6427-fefig,female,0,1,1,24,1,yes,dsl,yes,no,yes,no,yes,yes,two_year,0,credit_card_(automatic),78.6,1846.65,0
4206,0017-iudmw,female,0,1,1,72,1,yes,fiber_optic,yes,yes,yes,yes,yes,yes,two_year,1,credit_card_(automatic),116.8,8456.75,0
4207,8706-hradd,male,0,0,0,21,0,no_phone_service,dsl,yes,no,no,yes,yes,no,month-to-month,1,mailed_check,43.55,1011.5,0
4208,9955-qopoy,male,0,1,0,69,0,no_phone_service,dsl,no,yes,yes,yes,yes,yes,one_year,1,credit_card_(automatic),60.8,4263.4,0
4209,4385-zkvnw,male,0,1,1,44,1,no,dsl,no,yes,no,yes,no,no,month-to-month,1,bank_transfer_(automatic),54.9,2549.1,0
4210,5446-dkwyw,female,1,1,1,61,1,yes,dsl,no,no,yes,no,yes,no,one_year,1,electronic_check,65.2,3965.05,0
4211,2034-cgrhz,male,1,0,0,24,1,yes,fiber_optic,no,yes,yes,no,yes,yes,month-to-month,1,credit_card_(automatic),102.95,2496.7,1
4212,5797-apwzc,female,0,0,0,1,1,no,fiber_optic,no,no,no,no,yes,yes,month-to-month,0,electronic_check,90.6,90.6,1
4213,3683-qkiue,female,0,0,0,6,1,no,dsl,no,no,no,yes,no,no,month-to-month,1,bank_transfer_(automatic),50.8,288.05,1
4214,4228-zgyuw,male,0,0,0,4,1,yes,fiber_optic,no,yes,no,no,no,yes,month-to-month,1,electronic_check,90.05,368.1,1
4215,9031-zvqpt,male,0,1,0,72,1,yes,fiber_optic,no,yes,yes,yes,yes,yes,two_year,1,electronic_check,108.2,7840.6,0
4216,2990-iajsv,male,0,0,0,72,1,yes,dsl,yes,yes,yes,yes,yes,yes,two_year,0,bank_transfer_(automatic),92.0,6632.75,0
4217,8107-kncim,male,1,1,0,14,1,yes,fiber_optic,no,no,no,no,no,no,month-to-month,1,electronic_check,75.1,1013.35,0
4218,9027-yfhqj,male,0,0,0,7,1,yes,no,no_internet_service,no_internet_service,no_internet_service,no_internet_service,no_internet_service,no_internet_service,month-to-month,1,bank_transfer_(automatic),25.05,152.95,0
4219,5176-ldkuh,female,0,0,0,48,1,no,fiber_optic,no,yes,no,no,no,no,one_year,0,electronic_check,75.15,3772.65,0
4220,4644-obgfz,male,0,1,1,55,1,no,no,no_internet_service,no_internet_service,no_internet_service,no_internet_service,no_internet_service,no_internet_service,one_year,0,mailed_check,19.5,1026.35,0
4221,7926-ijoou,male,0,0,0,1,1,no,no,no_internet_service,no_internet_service,no_internet_service,no_internet_service,no_internet_service,no_internet_service,month-to-month,0,credit_card_(automatic),19.3,19.3,0
4222,6480-yagiy,male,0,0,0,45,1,no,fiber_optic,yes,yes,yes,yes,yes,yes,one_year,0,credit_card_(automatic),112.2,5031.85,0
4223,4029-hpfvy,male,0,0,0,3,1,no,fiber_optic,no,no,no,no,no,no,month-to-month,1,mailed_check,70.3,220.4,0
4224,7602-dbtou,female,0,1,0,71,1,no,no,no_internet_service,no_internet_service,no_internet_service,no_internet_service,no_internet_service,no_internet_service,two_year,0,mailed_check,19.6,1416.5,0
4225,5345-bmkwb,male,0,1,0,8,1,no,no,no_internet_service,no_internet_service,no_internet_service,no_internet_service,no_internet_service,no_internet_service,month-to-month,0,mailed_check,20.25,158.35,0
4226,3519-zkxgg,female,0,1,0,3,1,yes,fiber_optic,no,no,no,no,no,no,month-to-month,1,electronic_check,75.85,256.6,1
4227,5457-colht,male,0,1,1,69,1,no,dsl,yes,yes,no,yes,yes,yes,two_year,0,bank_transfer_(automatic),80.65,5542.55,0
4228,6416-tvaih,male,0,1,1,1,1,no,fiber_optic,no,no,no,no,no,no,month-to-month,1,electronic_check,68.5,68.5,1
4229,5451-yhypw,female,1,1,0,72,1,yes,fiber_optic,yes,yes,yes,yes,yes,yes,two_year,1,credit_card_(automatic),115.75,8443.7,0
4230,5108-adxwo,male,0,0,0,11,1,no,fiber_optic,yes,no,no,no,no,no,month-to-month,1,electronic_check,73.5,791.75,1
4231,7998-wnzem,male,0,0,0,71,1,yes,dsl,yes,yes,yes,yes,no,yes,two_year,0,bank_transfer_(automatic),80.6,5708.2,0
4232,3066-rrjio,female,0,0,0,1,1,no,fiber_optic,no,no,no,no,no,no,month-to-month,1,mailed_check,69.95,69.95,1
4233,4664-njcms,female,0,1,0,33,0,no_phone_service,dsl,yes,no,yes,yes,yes,yes,two_year,0,bank_transfer_(automatic),59.55,2016.3,0
4234,0307-bcopk,female,0,0,0,16,1,no,no,no_internet_service,no_internet_service,no_internet_service,no_internet_service,no_internet_service,no_internet_service,one_year,0,mailed_check,19.05,326.65,0
4235,7629-wfglw,female,1,1,0,56,1,yes,fiber_optic,yes,yes,yes,yes,no,no,one_year,0,electronic_check,95.65,5471.75,0
4236,2542-hygiq,female,0,0,0,1,1,no,no,no_internet_service,no_internet_service,no_internet_service,no_internet_service,no_internet_service,no_internet_service,month-to-month,0,credit_card_(automatic),19.95,19.95,0
4237,6715-ofdbp,male,0,0,0,5,1,no,dsl,no,no,yes,no,yes,yes,month-to-month,1,electronic_check,70.05,346.4,1
4238,5016-lipdw,male,0,1,1,57,1,no,no,no_internet_service,no_internet_service,no_internet_service,no_internet_service,no_internet_service,no_internet_service,one_year,0,mailed_check,19.4,1061.6,0
4239,6481-lxpwl,male,0,1,1,56,0,no_phone_service,dsl,no,yes,yes,no,no,no,one_year,1,credit_card_(automatic),36.1,1971.5,0
4240,1567-dscic,male,0,0,0,8,1,yes,fiber_optic,no,yes,yes,no,yes,no,month-to-month,1,electronic_check,94.0,773.65,1
4241,2150-uwtfy,female,0,1,1,22,1,no,dsl,yes,yes,yes,no,no,no,month-to-month,0,mailed_check,61.15,1422.05,1
4242,6124-acrhj,female,0,0,0,1,1,no,no,no_internet_service,no_internet_service,no_internet_service,no_internet_service,no_internet_service,no_internet_service,month-to-month,0,mailed_check,19.75,19.75,0
4243,9362-mwodr,female,0,0,1,40,1,no,dsl,yes,no,no,yes,yes,no,month-to-month,1,credit_card_(automatic),64.1,2460.35,0
4244,9975-gpkzu,male,0,1,1,46,1,no,no,no_internet_service,no_internet_service,no_internet_service,no_internet_service,no_internet_service,no_internet_service,two_year,0,credit_card_(automatic),19.75,856.5,0
4245,9625-rzfuk,male,0,1,1,63,1,no,no,no_internet_service,no_internet_service,no_internet_service,no_internet_service,no_internet_service,no_internet_service,two_year,0,mailed_check,19.7,1275.85,0
4246,5153-lxkdt,male,0,1,1,68,1,yes,fiber_optic,yes,yes,yes,no,yes,yes,two_year,1,electronic_check,110.2,7467.5,0
4247,5161-ubzxi,male,0,1,1,69,1,no,fiber_optic,yes,yes,no,yes,yes,yes,two_year,1,credit_card_(automatic),106.35,7261.75,0
4248,1020-jpqow,female,0,1,0,56,1,yes,fiber_optic,no,yes,yes,yes,no,no,month-to-month,0,electronic_check,90.55,5116.6,0
4249,7919-zodzz,female,0,1,1,10,1,no,dsl,no,yes,yes,no,no,yes,one_year,1,mailed_check,65.9,660.05,0
4250,0565-jupyd,male,0,0,0,63,1,yes,fiber_optic,yes,yes,yes,yes,yes,no,one_year,0,credit_card_(automatic),104.5,6590.8,0
4251,6867-acczi,female,0,1,1,24,0,no_phone_service,dsl,yes,yes,yes,yes,no,yes,two_year,1,mailed_check,52.5,1208.15,0
4252,5939-xaixz,female,0,0,0,19,1,yes,dsl,no,no,yes,no,no,no,month-to-month,1,mailed_check,56.1,1033.9,0
4253,9054-fownv,male,0,1,1,22,1,yes,fiber_optic,no,no,yes,no,yes,no,month-to-month,1,electronic_check,88.75,1885.15,0
4254,2683-bpjso,male,0,1,0,29,1,yes,fiber_optic,yes,yes,no,no,no,no,month-to-month,1,electronic_check,84.45,2467.1,1
4255,2157-mxbjs,male,0,1,0,13,1,yes,dsl,no,no,yes,no,yes,yes,one_year,1,mailed_check,75.3,989.45,1
4256,8207-vvmyb,female,0,1,0,70,1,yes,no,no_internet_service,no_internet_service,no_internet_service,no_internet_service,no_internet_service,no_internet_service,two_year,1,bank_transfer_(automatic),26.0,2006.95,0
4257,9732-eqmwy,female,0,1,0,49,1,no,fiber_optic,no,yes,yes,no,yes,yes,month-to-month,0,electronic_check,99.4,5025.0,0
4258,9360-ahgnl,female,1,1,0,43,1,yes,fiber_optic,yes,no,yes,yes,yes,yes,one_year,1,mailed_check,109.55,4830.25,1
4259,1087-udsih,female,0,0,0,3,1,no,no,no_internet_service,no_internet_service,no_internet_service,no_internet_service,no_internet_service,no_internet_service,month-to-month,1,mailed_check,19.6,59.75,1
4260,5269-nrgdp,male,0,1,1,42,1,no,dsl,no,no,yes,yes,yes,yes,one_year,0,electronic_check,73.15,3088.25,0
4261,6195-melti,male,0,0,0,57,1,no,dsl,no,yes,no,yes,no,no,one_year,1,mailed_check,54.65,3134.7,0
4262,5485-wuywf,male,1,0,0,2,1,no,dsl,yes,no,yes,no,yes,no,month-to-month,0,bank_transfer_(automatic),66.4,94.55,1
4263,2121-jafom,female,0,1,0,72,1,yes,fiber_optic,yes,yes,yes,yes,yes,yes,two_year,1,credit_card_(automatic),115.55,8312.4,0
4264,8818-dopvl,female,1,0,0,46,1,yes,fiber_optic,no,yes,yes,no,yes,yes,month-to-month,1,electronic_check,104.45,4863.85,0
4265,2632-ucgvd,male,1,1,0,66,1,yes,fiber_optic,no,no,no,yes,yes,yes,month-to-month,1,credit_card_(automatic),100.05,6871.9,1
4266,5445-pzwgx,male,0,0,0,62,1,yes,fiber_optic,yes,yes,no,yes,no,yes,one_year,0,electronic_check,102.0,6529.25,1
4267,1227-udmzr,female,0,1,0,72,1,yes,dsl,yes,yes,yes,yes,yes,yes,two_year,1,bank_transfer_(automatic),91.15,6637.9,0
4268,5198-hqaen,male,0,1,1,35,1,no,fiber_optic,no,yes,no,yes,yes,no,one_year,1,electronic_check,89.7,3165.6,0
4269,9170-cckou,male,0,1,0,17,1,yes,fiber_optic,yes,yes,yes,no,no,no,month-to-month,0,credit_card_(automatic),90.2,1454.15,1
4270,2167-fqstq,female,0,1,0,72,1,yes,dsl,yes,yes,yes,yes,yes,yes,two_year,1,electronic_check,92.4,6786.1,0
4271,2819-gweni,female,0,1,1,28,1,no,no,no_internet_service,no_internet_service,no_internet_service,no_internet_service,no_internet_service,no_internet_service,one_year,0,mailed_check,19.9,543.0,0
4272,1043-ycute,male,0,1,0,56,1,yes,no,no_internet_service,no_internet_service,no_internet_service,no_internet_service,no_internet_service,no_internet_service,two_year,1,credit_card_(automatic),25.15,1327.15,1
4273,3814-mlaxc,female,0,0,0,31,1,yes,fiber_optic,no,no,no,yes,no,no,month-to-month,1,credit_card_(automatic),79.85,2404.15,1
4274,3572-uuhrs,male,0,0,0,45,1,no,no,no_internet_service,no_internet_service,no_internet_service,no_internet_service,no_internet_service,no_internet_service,one_year,0,bank_transfer_(automatic),18.85,867.3,0
4275,2692-pfytj,female,0,0,0,1,1,yes,no,no_internet_service,no_internet_service,no_internet_service,no_internet_service,no_internet_service,no_internet_service,month-to-month,1,mailed_check,25.75,25.75,0
4276,1226-udfzr,female,0,0,0,2,1,no,dsl,no,yes,no,no,no,no,month-to-month,1,mailed_check,49.6,114.7,1
4277,5955-epoaz,female,0,0,0,6,1,no,no,no_internet_service,no_internet_service,no_internet_service,no_internet_service,no_internet_service,no_internet_service,month-to-month,1,mailed_check,20.95,109.5,0
4278,6821-jpcdc,female,0,1,0,48,1,no,fiber_optic,no,yes,yes,no,yes,yes,one_year,1,electronic_check,97.05,4692.95,0
4279,8815-lmflx,male,0,1,1,25,1,yes,no,no_internet_service,no_internet_service,no_internet_service,no_internet_service,no_internet_service,no_internet_service,month-to-month,1,bank_transfer_(automatic),25.4,546.85,0
4280,9135-hswoc,male,0,1,1,64,1,no,no,no_internet_service,no_internet_service,no_internet_service,no_internet_service,no_internet_service,no_internet_service,two_year,1,bank_transfer_(automatic),19.7,1274.05,0
4281,8582-krhpj,male,0,0,0,50,0,no_phone_service,dsl,yes,yes,no,no,no,no,month-to-month,1,mailed_check,35.0,1782.4,0
4282,5811-iwxym,female,0,1,1,52,1,yes,fiber_optic,no,no,yes,no,yes,yes,one_year,0,bank_transfer_(automatic),101.25,5301.1,0
4283,7044-yaacc,male,1,1,0,4,1,no,fiber_optic,no,no,no,no,no,no,month-to-month,1,electronic_check,70.2,280.35,0
4284,8189-xrike,female,1,0,0,32,1,no,fiber_optic,no,no,no,no,yes,yes,month-to-month,0,electronic_check,90.95,2897.95,0
4285,1506-yjtyt,male,0,1,1,45,1,yes,dsl,yes,yes,no,yes,yes,no,two_year,0,credit_card_(automatic),73.85,3371.0,0
4286,4123-dvhph,male,0,1,0,9,1,yes,fiber_optic,yes,no,no,no,no,yes,month-to-month,1,electronic_check,88.05,801.3,0
4287,6425-yqllo,female,1,1,0,66,1,yes,fiber_optic,no,no,yes,yes,yes,yes,one_year,1,credit_card_(automatic),105.95,6975.25,1
4288,5442-utcvd,male,0,0,1,3,1,yes,fiber_optic,no,no,yes,no,no,yes,month-to-month,0,electronic_check,91.85,257.05,1
4289,2228-bzdee,female,0,0,0,54,1,no,no,no_internet_service,no_internet_service,no_internet_service,no_internet_service,no_internet_service,no_internet_service,two_year,0,mailed_check,20.1,1079.45,0
4290,7734-dboai,female,0,1,1,1,0,no_phone_service,dsl,no,no,no,yes,yes,no,month-to-month,0,electronic_check,40.1,40.1,1
4291,2789-czanw,female,0,1,1,64,1,yes,fiber_optic,yes,yes,no,yes,yes,yes,two_year,0,bank_transfer_(automatic),110.3,6997.3,0
4292,2091-rffba,female,1,0,0,31,1,yes,fiber_optic,no,no,no,no,no,no,month-to-month,1,electronic_check,73.9,2217.15,1
4293,2114-mgina,female,0,0,0,14,1,no,fiber_optic,no,no,no,no,yes,yes,month-to-month,1,mailed_check,89.8,1129.1,1
4294,7596-lduxp,female,0,0,0,12,1,no,fiber_optic,yes,no,no,no,yes,no,one_year,1,credit_card_(automatic),85.15,979.05,0
4295,3740-rlmvt,male,1,1,0,67,1,no,dsl,yes,yes,no,yes,no,no,one_year,1,bank_transfer_(automatic),60.95,4119.4,0
4296,4489-snojf,female,0,1,1,35,1,yes,dsl,yes,no,yes,yes,yes,no,month-to-month,0,electronic_check,72.25,2568.55,1
4297,2192-ozitf,female,0,0,0,45,1,yes,dsl,yes,no,no,yes,no,yes,two_year,0,mailed_check,73.55,3349.1,0
4298,5651-cpdnd,male,0,0,0,10,1,no,dsl,no,no,no,no,no,no,month-to-month,0,mailed_check,46.0,492.1,0
4299,2186-qzeya,female,1,0,0,29,1,yes,dsl,yes,yes,no,no,no,no,month-to-month,1,bank_transfer_(automatic),58.55,1718.95,0
4300,1131-alzwv,female,0,0,0,24,1,yes,no,no_internet_service,no_internet_service,no_internet_service,no_internet_service,no_internet_service,no_internet_service,one_year,0,bank_transfer_(automatic),24.6,605.25,0
4301,7729-xbtwx,male,0,1,1,66,1,no,no,no_internet_service,no_internet_service,no_internet_service,no_internet_service,no_internet_service,no_internet_service,two_year,1,mailed_check,19.75,1344.5,0
4302,9134-wyrvp,male,0,0,0,51,1,no,fiber_optic,yes,no,no,no,yes,no,one_year,0,mailed_check,86.35,4267.15,0
4303,3284-svcro,female,0,1,0,45,1,yes,no,no_internet_service,no_internet_service,no_internet_service,no_internet_service,no_internet_service,no_internet_service,two_year,0,mailed_check,25.5,1121.05,0
4304,9732-ouyrn,female,0,1,0,49,1,no,no,no_internet_service,no_internet_service,no_internet_service,no_internet_service,no_internet_service,no_internet_service,one_year,0,credit_card_(automatic),19.0,918.7,0
4305,0559-ckhus,female,0,1,0,29,1,no,no,no_internet_service,no_internet_service,no_internet_service,no_internet_service,no_internet_service,no_internet_service,two_year,1,mailed_check,19.55,521.8,0
4306,2931-svltv,male,0,1,1,40,1,yes,fiber_optic,yes,yes,no,yes,yes,yes,month-to-month,1,credit_card_(automatic),110.1,4469.1,0
4307,6899-ppeea,female,1,0,0,37,1,yes,fiber_optic,no,no,no,no,yes,yes,month-to-month,1,electronic_check,96.55,3580.3,1
4308,7504-uwhnb,male,0,0,0,25,1,no,fiber_optic,no,no,no,no,no,no,month-to-month,0,electronic_check,69.75,1729.35,0
4309,2582-fffzr,female,0,0,0,22,0,no_phone_service,dsl,no,no,yes,no,yes,yes,month-to-month,1,electronic_check,50.6,1073.3,0
4310,8908-nmqtx,male,0,0,0,72,0,no_phone_service,dsl,yes,yes,yes,yes,yes,yes,two_year,1,bank_transfer_(automatic),65.6,4566.5,0
4311,2187-lzgpl,female,0,0,0,7,0,no_phone_service,dsl,no,yes,no,no,no,yes,month-to-month,1,credit_card_(automatic),40.1,293.3,1
4312,1431-aidjq,male,0,1,1,33,1,no,dsl,no,yes,yes,yes,yes,yes,two_year,0,credit_card_(automatic),82.1,2603.1,0
4313,6288-lbear,female,0,0,0,23,1,no,fiber_optic,no,yes,no,yes,no,no,month-to-month,1,mailed_check,79.1,1783.75,0
4314,4597-nucqv,male,1,0,0,24,1,yes,fiber_optic,no,yes,no,no,yes,yes,month-to-month,1,electronic_check,101.25,2440.15,1
4315,9019-qvlzd,female,0,0,0,1,1,no,fiber_optic,no,no,no,no,yes,no,month-to-month,0,electronic_check,79.55,79.55,1
4316,8413-ynhnv,male,0,0,0,69,1,yes,dsl,yes,yes,yes,yes,yes,yes,two_year,0,mailed_check,90.65,6322.1,0
4317,5808-totxo,female,0,0,1,3,1,no,no,no_internet_service,no_internet_service,no_internet_service,no_internet_service,no_internet_service,no_internet_service,one_year,1,credit_card_(automatic),20.55,57.4,0
4318,4369-nyscf,male,0,0,0,56,1,no,dsl,no,yes,no,yes,yes,yes,one_year,1,bank_transfer_(automatic),75.75,4284.65,0
4319,6333-ydvlt,male,0,0,0,65,1,yes,fiber_optic,yes,no,yes,yes,yes,yes,one_year,1,credit_card_(automatic),110.0,7138.65,0
4320,5324-ktgcg,male,0,1,0,71,1,no,no,no_internet_service,no_internet_service,no_internet_service,no_internet_service,no_internet_service,no_internet_service,one_year,0,electronic_check,20.85,1539.75,0
4321,5599-hvltw,female,1,0,0,14,1,yes,fiber_optic,no,no,yes,no,no,no,month-to-month,1,bank_transfer_(automatic),80.35,1058.1,0
4322,7394-lwlyn,female,0,0,0,2,1,no,fiber_optic,no,no,no,no,no,no,month-to-month,1,electronic_check,70.15,123.8,0
4323,3707-lrwzd,female,0,0,0,32,1,yes,fiber_optic,no,no,no,no,yes,no,one_year,0,electronic_check,84.05,2781.85,1
4324,6873-udnld,male,0,0,0,40,1,no,dsl,yes,no,yes,no,no,yes,month-to-month,0,electronic_check,67.45,2731.0,0
4325,2700-lueva,male,0,0,0,1,1,no,no,no_internet_service,no_internet_service,no_internet_service,no_internet_service,no_internet_service,no_internet_service,month-to-month,0,credit_card_(automatic),20.75,20.75,0
4326,1455-esiqh,male,0,0,0,1,1,no,fiber_optic,no,no,no,no,yes,yes,month-to-month,1,electronic_check,89.1,89.1,1
4327,0958-yhxgp,female,0,0,0,7,1,no,fiber_optic,no,no,no,no,no,no,month-to-month,1,mailed_check,69.9,497.3,0
4328,1101-sswag,female,0,1,0,15,1,yes,dsl,no,no,no,no,no,no,month-to-month,1,electronic_check,51.1,711.15,0
4329,2979-sxese,female,0,1,1,17,1,yes,fiber_optic,yes,no,yes,no,yes,no,month-to-month,0,electronic_check,94.4,1607.2,1
4330,4013-tldhq,male,0,0,0,19,1,no,fiber_optic,no,yes,yes,no,no,no,month-to-month,1,electronic_check,78.25,1490.95,1
4331,5743-khmna,male,0,0,0,71,1,yes,no,no_internet_service,no_internet_service,no_internet_service,no_internet_service,no_internet_service,no_internet_service,two_year,0,bank_transfer_(automatic),25.55,1898.1,0
4332,4194-fjarj,female,0,1,1,54,1,yes,dsl,yes,no,no,yes,no,no,two_year,0,bank_transfer_(automatic),60.0,3273.95,0
4333,5325-uwtwj,male,0,1,0,31,1,yes,fiber_optic,yes,yes,no,yes,no,no,month-to-month,1,credit_card_(automatic),90.55,2929.75,0
4334,3969-gyxel,female,0,0,0,11,1,no,fiber_optic,yes,no,no,no,no,no,month-to-month,0,electronic_check,76.4,838.7,0
4335,9208-olgaq,female,1,0,0,18,1,no,fiber_optic,no,no,yes,no,no,yes,month-to-month,1,electronic_check,84.95,1443.65,0
4336,3244-cqphu,female,1,0,0,72,1,yes,fiber_optic,yes,yes,no,yes,yes,yes,two_year,1,bank_transfer_(automatic),110.1,7746.7,0
4337,2674-mlxmn,female,1,0,0,71,1,yes,fiber_optic,no,yes,no,no,yes,yes,month-to-month,1,credit_card_(automatic),99.65,6951.15,0
4338,9708-hpxwz,male,1,0,0,5,0,no_phone_service,dsl,no,no,yes,yes,yes,no,month-to-month,0,credit_card_(automatic),45.4,214.75,0
4339,6992-tknyo,male,0,1,0,38,1,yes,dsl,no,no,yes,yes,no,yes,one_year,0,credit_card_(automatic),69.0,2669.45,0
4340,4468-ydovk,male,0,0,1,5,1,no,dsl,no,no,no,yes,no,no,month-to-month,1,bank_transfer_(automatic),48.65,235.2,0
4341,3754-dxmrt,male,1,0,0,2,1,no,dsl,no,no,no,no,no,no,month-to-month,1,electronic_check,44.15,92.65,1
4342,5792-jalqc,female,1,0,0,52,1,yes,dsl,yes,no,yes,no,no,no,two_year,0,bank_transfer_(automatic),59.85,3103.25,0
4343,7130-vtewq,female,1,0,0,8,1,yes,fiber_optic,no,no,no,no,no,no,month-to-month,1,electronic_check,75.75,606.25,1
4344,2200-dsaal,female,0,0,0,68,1,yes,dsl,no,yes,yes,no,yes,yes,two_year,1,electronic_check,80.65,5330.2,0
4345,4302-zyfel,male,0,1,1,69,1,no,no,no_internet_service,no_internet_service,no_internet_service,no_internet_service,no_internet_service,no_internet_service,one_year,1,credit_card_(automatic),20.55,1403.1,0
4346,9351-lzygf,female,0,1,0,42,1,yes,dsl,yes,yes,no,yes,no,no,month-to-month,1,credit_card_(automatic),66.4,2727.8,0
4347,4366-ctouz,female,0,0,0,50,1,no,fiber_optic,no,yes,no,yes,yes,yes,two_year,1,mailed_check,100.2,5038.45,0
4348,6121-vznqb,female,0,0,0,1,1,no,no,no_internet_service,no_internet_service,no_internet_service,no_internet_service,no_internet_service,no_internet_service,month-to-month,1,mailed_check,19.1,19.1,1
4349,7903-cmpey,male,1,1,0,1,1,yes,fiber_optic,yes,no,no,no,no,no,month-to-month,1,electronic_check,80.3,80.3,1
4350,1518-omdik,male,0,1,0,33,1,no,dsl,no,no,no,no,no,no,month-to-month,1,credit_card_(automatic),44.55,1462.6,0
4351,6671-ngwon,female,0,0,0,7,1,no,no,no_internet_service,no_internet_service,no_internet_service,no_internet_service,no_internet_service,no_internet_service,month-to-month,0,mailed_check,20.35,150.6,0
4352,0595-itudf,male,0,1,1,64,1,yes,fiber_optic,yes,yes,yes,no,no,no,month-to-month,1,electronic_check,91.8,5960.5,0
4353,6996-knsml,female,0,0,0,1,1,no,fiber_optic,no,no,yes,no,no,no,month-to-month,1,electronic_check,74.9,74.9,1
4354,1955-ibmmb,male,0,0,0,59,1,no,no,no_internet_service,no_internet_service,no_internet_service,no_internet_service,no_internet_service,no_internet_service,two_year,1,bank_transfer_(automatic),20.2,1192.3,0
4355,0096-bxers,female,0,1,0,6,1,yes,dsl,no,no,no,no,no,no,month-to-month,0,electronic_check,50.35,314.55,0
4356,3806-yazov,female,0,0,0,3,1,no,no,no_internet_service,no_internet_service,no_internet_service,no_internet_service,no_internet_service,no_internet_service,month-to-month,0,mailed_check,18.8,56.0,0
4357,7998-zlxwn,female,0,1,0,15,1,no,no,no_internet_service,no_internet_service,no_internet_service,no_internet_service,no_internet_service,no_internet_service,month-to-month,0,credit_card_(automatic),20.45,330.8,0
4358,6253-wrfhy,male,0,1,1,13,1,no,dsl,no,no,no,no,yes,yes,one_year,1,electronic_check,64.75,877.35,0
4359,9133-ayjzg,female,0,0,0,23,1,yes,fiber_optic,no,yes,no,no,yes,yes,month-to-month,1,credit_card_(automatic),98.7,2249.1,0
4360,2675-otvvj,male,1,1,0,31,1,yes,fiber_optic,yes,no,no,no,yes,no,month-to-month,0,electronic_check,89.45,2807.65,0
4361,8680-cgltp,male,0,0,0,29,1,no,dsl,yes,yes,no,yes,no,no,one_year,1,electronic_check,58.75,1696.2,0
4362,8430-twcbx,female,0,1,0,49,1,no,no,no_internet_service,no_internet_service,no_internet_service,no_internet_service,no_internet_service,no_internet_service,one_year,0,credit_card_(automatic),20.7,1032.05,0
4363,5018-gwuro,female,0,1,0,56,1,yes,fiber_optic,no,no,no,no,yes,no,month-to-month,1,bank_transfer_(automatic),85.6,4902.8,0
4364,6741-qrlup,female,0,0,0,63,1,yes,dsl,yes,yes,yes,yes,no,yes,two_year,1,credit_card_(automatic),80.3,4995.35,0
4365,4737-hobax,male,0,1,0,63,1,yes,dsl,no,no,yes,yes,yes,yes,two_year,0,credit_card_(automatic),79.8,5034.05,0
4366,0537-qyzzn,male,1,1,1,24,1,yes,fiber_optic,yes,no,no,no,no,no,month-to-month,1,electronic_check,79.85,1857.75,0
4367,3340-qbbfm,male,1,1,0,36,1,no,dsl,no,no,yes,yes,no,no,one_year,0,credit_card_(automatic),54.1,1992.85,0
4368,1704-nrwye,female,1,0,0,9,1,no,fiber_optic,no,no,no,no,yes,no,month-to-month,1,electronic_check,80.85,751.65,1
4369,2592-seifq,male,0,0,0,3,0,no_phone_service,dsl,no,no,no,no,no,no,month-to-month,0,electronic_check,24.75,66.95,1
4370,8200-klnyw,female,0,1,0,21,1,no,dsl,yes,no,yes,yes,yes,yes,one_year,0,mailed_check,80.9,1714.95,0
4371,3372-cdxfj,male,0,1,1,13,1,yes,no,no_internet_service,no_internet_service,no_internet_service,no_internet_service,no_internet_service,no_internet_service,one_year,0,bank_transfer_(automatic),24.5,343.6,0
4372,4781-zxygu,male,0,1,1,1,1,no,no,no_internet_service,no_internet_service,no_internet_service,no_internet_service,no_internet_service,no_internet_service,month-to-month,1,bank_transfer_(automatic),20.15,20.15,0
4373,7632-yutxb,female,0,1,1,25,1,no,no,no_internet_service,no_internet_service,no_internet_service,no_internet_service,no_internet_service,no_internet_service,one_year,0,mailed_check,20.05,520.1,0
4374,2718-yskcs,male,0,1,1,71,1,no,no,no_internet_service,no_internet_service,no_internet_service,no_internet_service,no_internet_service,no_internet_service,two_year,1,bank_transfer_(automatic),19.6,1387.45,0
4375,9896-uymie,male,0,0,0,66,1,yes,fiber_optic,yes,yes,yes,yes,yes,yes,one_year,1,bank_transfer_(automatic),114.3,7383.7,0
4376,0853-nwifk,female,0,0,0,45,1,no,fiber_optic,yes,yes,no,no,yes,yes,one_year,1,electronic_check,100.3,4483.95,0
4377,8212-crqxp,female,0,1,0,22,1,no,fiber_optic,no,no,no,no,yes,no,month-to-month,1,credit_card_(automatic),80.0,1706.45,0
4378,6980-cdgfc,female,0,1,0,67,1,no,no,no_internet_service,no_internet_service,no_internet_service,no_internet_service,no_internet_service,no_internet_service,one_year,1,bank_transfer_(automatic),20.85,1327.4,0
4379,7691-xvtzh,female,0,1,0,68,1,yes,fiber_optic,no,no,yes,no,yes,no,two_year,1,bank_transfer_(automatic),89.95,5974.3,0
4380,2520-sgtta,female,0,1,1,0,1,no,no,no_internet_service,no_internet_service,no_internet_service,no_internet_service,no_internet_service,no_internet_service,two_year,0,mailed_check,20.0,1397.475,0
4381,7481-atqqs,female,1,0,0,49,1,yes,fiber_optic,no,no,yes,no,no,yes,month-to-month,1,credit_card_(automatic),90.85,4515.85,1
4382,2277-vwcni,female,1,0,0,4,1,yes,dsl,no,no,no,no,no,no,month-to-month,0,mailed_check,48.75,179.85,0
4383,1088-cnnkb,male,0,1,0,63,1,yes,dsl,yes,yes,yes,yes,no,yes,one_year,0,credit_card_(automatic),80.0,5040.2,0
4384,8642-gvwrf,female,0,1,0,2,1,no,fiber_optic,no,yes,yes,no,no,no,month-to-month,0,bank_transfer_(automatic),79.7,165.0,1
4385,1930-bzlhi,male,0,0,0,21,1,no,no,no_internet_service,no_internet_service,no_internet_service,no_internet_service,no_internet_service,no_internet_service,one_year,1,mailed_check,20.35,422.7,0
4386,3400-esfuw,male,0,1,1,55,1,no,dsl,yes,yes,no,yes,no,no,two_year,0,bank_transfer_(automatic),57.55,3046.4,1
4387,5868-ytyks,male,0,0,1,1,1,no,no,no_internet_service,no_internet_service,no_internet_service,no_internet_service,no_internet_service,no_internet_service,month-to-month,1,mailed_check,20.25,20.25,0
4388,3525-dvkfn,female,0,0,0,17,1,no,no,no_internet_service,no_internet_service,no_internet_service,no_internet_service,no_internet_service,no_internet_service,two_year,0,mailed_check,19.4,358.05,0
4389,1482-oxzsy,male,0,0,0,30,1,yes,fiber_optic,yes,no,no,no,yes,yes,month-to-month,1,bank_transfer_(automatic),100.4,2936.25,0
4390,0377-jbkkt,male,0,1,1,22,1,no,dsl,yes,yes,no,yes,no,no,month-to-month,1,mailed_check,57.95,1271.8,0
4391,5778-bvofb,female,0,0,0,9,1,no,dsl,no,no,no,yes,yes,no,month-to-month,1,bank_transfer_(automatic),59.5,530.05,0
4392,3373-yzzym,male,0,1,1,1,1,no,no,no_internet_service,no_internet_service,no_internet_service,no_internet_service,no_internet_service,no_internet_service,month-to-month,0,mailed_check,19.2,19.2,0
4393,2057-zblpd,female,0,1,0,21,1,yes,fiber_optic,no,no,no,no,no,yes,month-to-month,1,electronic_check,86.5,1808.7,1
4394,0228-mauwc,male,0,0,0,19,1,yes,dsl,no,no,yes,yes,no,no,month-to-month,0,electronic_check,59.55,1144.6,0
4395,5502-rluyv,female,0,1,1,69,1,yes,fiber_optic,no,yes,yes,no,yes,yes,month-to-month,1,electronic_check,103.95,7446.9,1
4396,0023-hghwl,male,1,0,0,1,0,no_phone_service,dsl,no,no,no,no,no,no,month-to-month,1,electronic_check,25.1,25.1,1
4397,7663-yjhsn,female,0,1,0,72,1,yes,fiber_optic,yes,yes,yes,yes,yes,no,two_year,1,bank_transfer_(automatic),103.95,7556.9,0
4398,4915-bfsxl,male,0,1,1,70,1,yes,dsl,yes,no,yes,no,yes,no,two_year,0,credit_card_(automatic),68.95,4858.7,0
4399,3086-rucrn,female,0,0,0,66,1,yes,fiber_optic,yes,yes,yes,yes,no,yes,month-to-month,1,bank_transfer_(automatic),103.1,6595.0,0
4400,5215-lnldj,female,0,1,1,7,0,no_phone_service,dsl,no,no,no,no,no,no,month-to-month,1,electronic_check,24.7,149.05,0
4401,7576-jmywv,female,1,1,1,46,1,yes,fiber_optic,yes,yes,no,yes,yes,yes,month-to-month,1,electronic_check,110.2,4972.1,0
4402,9039-rbeee,male,0,0,0,39,0,no_phone_service,dsl,yes,yes,no,yes,yes,no,month-to-month,1,credit_card_(automatic),48.95,1880.85,1
4403,0257-kxzgu,female,0,1,1,32,1,yes,dsl,no,yes,yes,no,no,no,month-to-month,0,bank_transfer_(automatic),62.45,2045.55,0
4404,1307-atkgb,male,0,0,0,24,1,no,fiber_optic,no,yes,yes,no,no,yes,month-to-month,1,electronic_check,89.55,2187.15,0
4405,8417-fmlzi,male,0,1,1,6,1,no,fiber_optic,no,yes,no,no,no,yes,month-to-month,1,credit_card_(automatic),83.55,477.55,1
4406,3714-xpxbw,female,0,0,0,37,1,yes,dsl,yes,yes,yes,yes,yes,no,month-to-month,1,credit_card_(automatic),78.9,2976.95,0
4407,1850-akqep,male,0,0,1,8,1,no,no,no_internet_service,no_internet_service,no_internet_service,no_internet_service,no_internet_service,no_internet_service,month-to-month,0,mailed_check,20.35,178.7,0
4408,2824-dxnkn,female,0,1,1,72,1,yes,dsl,yes,no,yes,no,yes,no,two_year,1,bank_transfer_(automatic),71.45,5025.85,0
4409,5227-jscfe,male,1,1,0,71,0,no_phone_service,dsl,yes,yes,yes,yes,no,no,two_year,0,credit_card_(automatic),46.35,3353.4,0
4410,0848-zgqij,female,0,1,0,16,1,no,fiber_optic,no,yes,no,no,yes,yes,month-to-month,1,bank_transfer_(automatic),94.65,1461.15,0
4411,3621-chyvb,female,0,1,0,57,0,no_phone_service,dsl,yes,no,yes,yes,no,yes,month-to-month,1,bank_transfer_(automatic),49.9,2782.4,0
4412,8042-rnlko,male,0,0,0,66,1,yes,no,no_internet_service,no_internet_service,no_internet_service,no_internet_service,no_internet_service,no_internet_service,one_year,0,bank_transfer_(automatic),25.45,1699.15,0
4413,1792-uxafy,female,1,0,0,17,1,no,fiber_optic,no,yes,yes,no,yes,no,month-to-month,1,electronic_check,89.15,1496.9,1
4414,5372-fbkbn,female,0,0,1,21,1,no,no,no_internet_service,no_internet_service,no_internet_service,no_internet_service,no_internet_service,no_internet_service,month-to-month,0,mailed_check,20.75,452.2,0
4415,0420-txvsg,male,0,1,0,66,1,yes,dsl,yes,yes,yes,no,no,no,two_year,1,credit_card_(automatic),66.1,4428.45,0
4416,6217-towgs,female,0,1,0,17,1,yes,dsl,no,yes,no,no,yes,yes,month-to-month,1,bank_transfer_(automatic),75.4,1322.55,0
4417,0515-ypmcw,male,0,0,1,1,1,no,fiber_optic,no,no,no,no,no,no,month-to-month,1,mailed_check,70.45,70.45,1
4418,0378-xszpu,male,0,1,0,58,1,no,dsl,yes,yes,yes,no,no,no,one_year,0,credit_card_(automatic),60.3,3563.8,1
4419,1045-ltcyt,female,0,1,1,8,1,no,no,no_internet_service,no_internet_service,no_internet_service,no_internet_service,no_internet_service,no_internet_service,month-to-month,0,credit_card_(automatic),21.05,139.75,0
4420,1544-jjmyl,male,0,0,0,27,1,no,dsl,yes,no,yes,yes,yes,no,one_year,0,credit_card_(automatic),69.35,1927.3,0
4421,4636-jgaai,male,0,1,0,34,1,yes,fiber_optic,no,yes,no,no,no,yes,month-to-month,0,mailed_check,88.85,3000.25,0
4422,6874-sglhu,male,0,0,0,30,1,no,fiber_optic,no,yes,no,no,yes,yes,one_year,1,bank_transfer_(automatic),97.0,3021.3,0
4423,5951-aofih,male,0,0,0,33,1,no,dsl,no,yes,yes,no,yes,no,month-to-month,1,credit_card_(automatic),66.4,2245.4,0
4424,4729-xkasr,male,0,0,1,1,0,no_phone_service,dsl,no,no,no,no,no,no,month-to-month,0,electronic_check,24.75,24.75,1
4425,3059-ngmxb,male,0,1,1,14,1,yes,dsl,yes,yes,no,no,no,yes,month-to-month,0,mailed_check,69.2,944.65,0
4426,8652-yhiyu,female,0,0,1,16,1,yes,fiber_optic,no,no,no,yes,no,no,one_year,1,credit_card_(automatic),79.5,1264.2,0
4427,5278-pnyox,female,0,0,0,49,1,no,fiber_optic,no,no,yes,yes,yes,yes,two_year,0,credit_card_(automatic),100.65,4917.75,0
4428,5449-fibxj,male,0,1,1,19,1,yes,fiber_optic,no,no,yes,yes,yes,yes,month-to-month,0,electronic_check,103.3,2012.7,1
4429,3486-hoogq,female,0,1,1,70,1,yes,dsl,yes,yes,yes,yes,yes,no,two_year,0,bank_transfer_(automatic),79.7,5743.3,0
4430,5061-pbxfw,female,0,1,1,32,1,no,dsl,yes,yes,no,yes,no,no,month-to-month,0,bank_transfer_(automatic),61.4,1864.65,0
4431,8630-fjlib,female,0,0,0,18,1,no,fiber_optic,no,no,no,no,no,no,month-to-month,1,electronic_check,69.8,1221.65,0
4432,3891-nlxjb,male,0,0,0,37,0,no_phone_service,dsl,yes,yes,no,yes,no,no,two_year,1,mailed_check,40.55,1390.85,0
4433,4749-ojkqu,female,0,0,0,4,1,yes,fiber_optic,no,no,no,no,no,no,month-to-month,1,electronic_check,75.65,302.35,0
4434,0577-whmev,female,0,1,0,16,1,yes,fiber_optic,yes,yes,yes,no,no,no,month-to-month,0,electronic_check,90.7,1374.9,0
4435,5453-axepf,male,0,1,0,17,1,yes,fiber_optic,no,yes,no,no,no,no,month-to-month,1,bank_transfer_(automatic),80.5,1336.9,0
4436,3639-xjhkq,female,0,0,1,19,1,no,dsl,yes,yes,yes,no,no,no,month-to-month,1,electronic_check,60.6,1297.8,0
4437,3716-lrgxk,male,0,1,0,60,1,yes,fiber_optic,no,no,yes,no,yes,yes,two_year,0,credit_card_(automatic),101.15,6067.4,0
4438,2263-sfsqz,male,0,1,1,51,1,yes,no,no_internet_service,no_internet_service,no_internet_service,no_internet_service,no_internet_service,no_internet_service,two_year,1,mailed_check,24.95,1222.25,0
4439,9950-mtgyx,male,0,1,1,28,1,no,no,no_internet_service,no_internet_service,no_internet_service,no_internet_service,no_internet_service,no_internet_service,two_year,1,credit_card_(automatic),20.3,487.95,0
4440,3397-avtku,male,0,0,0,43,1,no,dsl,no,yes,no,no,no,yes,two_year,1,electronic_check,60.0,2548.55,0
4441,4825-furez,male,0,1,0,42,1,no,no,no_internet_service,no_internet_service,no_internet_service,no_internet_service,no_internet_service,no_internet_service,two_year,0,electronic_check,20.25,835.5,0
4442,9837-bmclm,male,0,0,0,3,1,no,fiber_optic,no,no,no,no,yes,no,month-to-month,1,electronic_check,78.5,242.05,1
4443,2672-ojqzp,female,0,0,0,1,1,no,dsl,no,no,no,no,no,no,month-to-month,0,mailed_check,44.75,44.75,0
4444,0137-udeuo,female,0,0,0,3,1,no,no,no_internet_service,no_internet_service,no_internet_service,no_internet_service,no_internet_service,no_internet_service,month-to-month,0,mailed_check,19.85,63.75,1
4445,3134-dshvc,female,0,0,0,63,1,yes,fiber_optic,yes,yes,yes,no,yes,no,two_year,0,credit_card_(automatic),98.0,6218.45,0
4446,6161-uuuta,male,1,0,0,3,1,no,fiber_optic,no,no,no,no,yes,no,month-to-month,1,electronic_check,79.9,260.9,1
4447,7821-dprqe,male,0,1,0,68,1,yes,fiber_optic,yes,yes,no,yes,yes,yes,month-to-month,1,electronic_check,107.7,7320.9,0
4448,6543-xrmyr,female,1,0,0,30,1,yes,fiber_optic,no,yes,no,no,yes,yes,month-to-month,1,electronic_check,99.7,2967.35,1
4449,2001-ewbqu,female,0,0,0,60,1,yes,fiber_optic,no,yes,yes,no,yes,yes,two_year,0,electronic_check,104.7,6333.8,0
4450,4925-lmhok,male,0,0,0,15,1,yes,dsl,no,yes,no,yes,no,no,month-to-month,1,credit_card_(automatic),58.6,939.7,1
4451,1608-gmewb,male,1,0,0,45,1,yes,fiber_optic,no,no,no,no,yes,yes,month-to-month,1,bank_transfer_(automatic),93.9,4200.25,0
4452,6695-amzuf,female,0,1,0,70,1,no,dsl,yes,yes,yes,yes,yes,yes,two_year,0,credit_card_(automatic),86.45,5950.2,0
4453,1455-ugqvh,male,0,1,0,10,1,yes,fiber_optic,no,no,yes,no,yes,yes,month-to-month,1,electronic_check,98.5,1037.75,1
4454,8410-bgqxn,male,0,0,0,4,1,no,no,no_internet_service,no_internet_service,no_internet_service,no_internet_service,no_internet_service,no_internet_service,month-to-month,0,mailed_check,19.4,93.4,0
4455,8280-mqrqn,female,0,0,0,1,1,no,dsl,no,no,yes,no,no,no,month-to-month,1,mailed_check,50.45,50.45,1
4456,1619-ywubb,female,0,1,0,68,1,yes,no,no_internet_service,no_internet_service,no_internet_service,no_internet_service,no_internet_service,no_internet_service,two_year,1,credit_card_(automatic),24.95,1614.9,0
4457,7611-ykytc,male,0,1,1,22,1,no,fiber_optic,yes,no,no,no,no,no,month-to-month,0,bank_transfer_(automatic),75.0,1573.95,0
4458,2037-sgxhh,male,0,1,1,38,1,yes,fiber_optic,no,yes,yes,no,yes,no,month-to-month,1,electronic_check,94.65,3624.3,1
4459,3178-feszo,female,0,0,0,1,1,yes,fiber_optic,no,yes,no,no,yes,yes,month-to-month,1,credit_card_(automatic),100.25,100.25,1
4460,0365-gxezs,male,0,1,0,18,1,no,fiber_optic,no,no,yes,yes,no,no,month-to-month,0,electronic_check,78.2,1468.75,0
4461,0082-oqiqy,male,0,0,0,29,1,no,fiber_optic,no,no,no,yes,yes,yes,month-to-month,1,electronic_check,94.2,2607.6,0
4462,6087-mvhjh,female,0,0,0,16,1,yes,fiber_optic,no,no,yes,no,no,yes,month-to-month,1,electronic_check,88.45,1422.1,1
4463,4603-janfb,male,0,0,0,1,1,no,fiber_optic,no,no,no,no,no,no,month-to-month,1,electronic_check,69.85,69.85,1
4464,3018-tftsu,male,0,0,0,12,1,no,fiber_optic,yes,no,yes,no,no,no,month-to-month,0,bank_transfer_(automatic),81.7,858.6,1
4465,3606-sbkry,male,0,0,0,31,0,no_phone_service,dsl,no,no,yes,no,yes,yes,one_year,1,electronic_check,50.05,1523.4,0
4466,4806-kexqr,male,0,0,0,4,1,no,fiber_optic,no,no,no,no,no,yes,month-to-month,1,electronic_check,79.9,324.3,1
4467,0667-nsrgi,female,0,1,0,48,1,yes,dsl,no,no,yes,yes,no,yes,one_year,1,mailed_check,69.55,3435.6,0
4468,7083-ynsky,female,0,0,0,15,1,yes,no,no_internet_service,no_internet_service,no_internet_service,no_internet_service,no_internet_service,no_internet_service,month-to-month,1,credit_card_(automatic),25.4,399.6,1
4469,6893-odyye,male,0,0,0,50,1,no,fiber_optic,yes,yes,yes,yes,no,no,one_year,1,credit_card_(automatic),90.1,4549.45,0
4470,8242-jsvbo,male,0,0,0,7,1,no,dsl,no,no,no,no,no,no,month-to-month,1,bank_transfer_(automatic),44.65,322.5,0
4471,2479-bramr,male,1,1,0,41,1,yes,fiber_optic,yes,no,yes,no,no,no,month-to-month,1,bank_transfer_(automatic),83.75,3273.55,1
4472,9541-zpsea,male,0,1,1,68,1,no,fiber_optic,yes,no,yes,no,no,no,two_year,0,credit_card_(automatic),80.35,5375.15,0
4473,2665-nptgl,female,1,1,0,26,1,yes,fiber_optic,no,no,yes,no,yes,yes,month-to-month,1,bank_transfer_(automatic),98.1,2510.7,0
4474,1139-wuoah,male,0,0,0,57,0,no_phone_service,dsl,no,no,yes,yes,yes,yes,two_year,0,credit_card_(automatic),53.35,3090.05,0
4475,4693-vwvbo,female,0,0,0,3,1,no,no,no_internet_service,no_internet_service,no_internet_service,no_internet_service,no_internet_service,no_internet_service,month-to-month,0,electronic_check,19.55,61.05,0
4476,7434-shxls,female,0,0,0,1,1,no,no,no_internet_service,no_internet_service,no_internet_service,no_internet_service,no_internet_service,no_internet_service,month-to-month,0,mailed_check,20.9,20.9,1
4477,6937-gcdgq,male,0,1,1,19,1,no,dsl,yes,no,no,no,no,no,one_year,1,bank_transfer_(automatic),48.95,955.6,0
4478,0988-jrwwp,female,0,0,0,3,1,no,dsl,no,no,no,no,yes,no,month-to-month,1,electronic_check,54.2,140.4,0
4479,5075-jsdki,female,0,0,0,59,1,yes,no,no_internet_service,no_internet_service,no_internet_service,no_internet_service,no_internet_service,no_internet_service,two_year,0,electronic_check,24.45,1493.1,0
4480,7908-qcbca,female,0,1,0,1,1,no,fiber_optic,no,no,no,no,no,no,month-to-month,1,mailed_check,69.4,69.4,1
4481,8644-xytsv,male,0,1,0,42,0,no_phone_service,dsl,yes,no,no,no,yes,no,month-to-month,1,bank_transfer_(automatic),40.15,1626.05,0
4482,6711-fldfb,female,0,0,0,7,1,yes,fiber_optic,no,no,no,no,no,no,month-to-month,1,electronic_check,74.9,541.15,1
4483,3873-wosbc,male,0,1,0,67,1,yes,no,no_internet_service,no_internet_service,no_internet_service,no_internet_service,no_internet_service,no_internet_service,two_year,0,credit_card_(automatic),25.6,1784.9,0
4484,7465-zzrvx,male,0,0,0,1,1,no,fiber_optic,no,no,no,no,no,no,month-to-month,1,electronic_check,70.35,70.35,0
4485,7975-jmznt,male,0,1,0,66,1,yes,dsl,yes,yes,yes,yes,yes,yes,two_year,0,bank_transfer_(automatic),91.7,6075.9,0
4486,7251-xfoil,female,0,0,0,61,1,yes,fiber_optic,no,no,yes,no,no,yes,month-to-month,0,mailed_check,89.2,5500.6,0
4487,4116-iqrfr,male,0,1,1,4,1,yes,no,no_internet_service,no_internet_service,no_internet_service,no_internet_service,no_internet_service,no_internet_service,one_year,0,credit_card_(automatic),24.1,73.1,0
4488,3714-jtvov,female,1,1,0,42,1,no,fiber_optic,yes,no,no,no,no,no,month-to-month,1,credit_card_(automatic),74.15,3229.4,1
4489,8259-dzliz,female,0,1,1,64,1,yes,dsl,no,yes,no,no,no,no,one_year,1,bank_transfer_(automatic),53.85,3399.85,0
4490,0442-zxkvs,female,1,1,0,54,1,yes,fiber_optic,yes,yes,yes,yes,yes,yes,one_year,1,bank_transfer_(automatic),115.6,6431.05,0
4491,7853-wnzsy,male,0,0,0,1,1,no,no,no_internet_service,no_internet_service,no_internet_service,no_internet_service,no_internet_service,no_internet_service,month-to-month,1,credit_card_(automatic),19.75,19.75,0
4492,3120-fazkd,male,0,1,1,54,1,yes,no,no_internet_service,no_internet_service,no_internet_service,no_internet_service,no_internet_service,no_internet_service,two_year,1,bank_transfer_(automatic),24.05,1230.9,0
4493,8606-oegqz,female,0,0,1,18,1,yes,no,no_internet_service,no_internet_service,no_internet_service,no_internet_service,no_internet_service,no_internet_service,two_year,0,credit_card_(automatic),25.3,454.65,0
4494,0225-zorzp,male,0,0,0,3,1,no,fiber_optic,no,yes,no,no,no,yes,month-to-month,0,electronic_check,84.3,235.05,0
4495,4702-ioqdc,female,0,0,0,1,1,no,fiber_optic,no,no,no,no,no,no,month-to-month,1,electronic_check,70.1,70.1,1
4496,9489-jmttn,female,0,1,1,72,1,yes,dsl,yes,yes,yes,yes,yes,yes,two_year,0,credit_card_(automatic),89.75,6595.9,0
4497,0575-cuqov,male,1,1,0,60,1,no,fiber_optic,no,yes,yes,no,yes,yes,one_year,1,electronic_check,97.95,5867.0,0
4498,0967-bmlbd,female,0,1,1,11,1,no,no,no_internet_service,no_internet_service,no_internet_service,no_internet_service,no_internet_service,no_internet_service,one_year,1,mailed_check,20.0,196.35,0
4499,6178-kfnhs,female,0,0,1,12,1,yes,fiber_optic,yes,no,no,no,no,no,month-to-month,1,electronic_check,78.3,909.25,1
4500,2830-lewoa,male,0,1,1,61,1,no,fiber_optic,no,yes,yes,yes,yes,yes,one_year,0,credit_card_(automatic),103.9,6449.15,0
4501,5006-mxvrn,female,0,0,0,39,1,no,no,no_internet_service,no_internet_service,no_internet_service,no_internet_service,no_internet_service,no_internet_service,two_year,0,credit_card_(automatic),20.7,762.45,0
4502,1264-bywms,male,0,0,0,55,1,yes,fiber_optic,no,no,no,no,yes,yes,month-to-month,1,electronic_check,96.8,5283.95,1
4503,9658-wyufb,female,0,0,0,17,1,yes,fiber_optic,yes,yes,no,no,yes,no,month-to-month,1,electronic_check,94.4,1617.5,1
4504,8327-wkmie,male,0,0,0,37,1,no,no,no_internet_service,no_internet_service,no_internet_service,no_internet_service,no_internet_service,no_internet_service,one_year,0,credit_card_(automatic),20.15,785.75,0
4505,6917-fijhc,female,0,1,0,72,1,yes,no,no_internet_service,no_internet_service,no_internet_service,no_internet_service,no_internet_service,no_internet_service,two_year,1,mailed_check,26.0,1776.0,0
4506,5329-krdtm,male,1,1,0,72,1,yes,dsl,no,yes,yes,yes,yes,no,two_year,0,credit_card_(automatic),77.35,5396.25,0
4507,7797-ejmdp,female,0,0,0,8,1,no,dsl,yes,no,no,yes,no,yes,month-to-month,0,bank_transfer_(automatic),66.05,574.5,0
4508,3530-vwvgu,female,0,1,1,22,1,no,no,no_internet_service,no_internet_service,no_internet_service,no_internet_service,no_internet_service,no_internet_service,month-to-month,0,mailed_check,19.9,400.3,0
4509,2013-sgdxk,female,0,0,0,1,1,no,fiber_optic,no,yes,no,no,yes,no,month-to-month,0,electronic_check,84.3,84.3,1
4510,6368-nwmce,female,0,0,0,38,1,yes,dsl,no,yes,no,yes,no,yes,month-to-month,0,credit_card_(automatic),68.15,2656.3,0
4511,3633-cdbuw,male,0,0,1,17,1,no,dsl,no,yes,yes,yes,yes,yes,one_year,0,electronic_check,80.85,1445.95,0
4512,0707-hovvn,female,1,0,0,70,1,yes,dsl,no,yes,yes,yes,yes,no,two_year,1,bank_transfer_(automatic),75.5,5212.65,0
4513,8580-qvloc,female,1,1,1,72,1,yes,dsl,yes,yes,yes,yes,yes,yes,two_year,0,credit_card_(automatic),92.45,6440.25,1
4514,3956-mgxog,female,0,0,0,28,1,no,fiber_optic,no,no,no,no,no,yes,month-to-month,1,electronic_check,80.6,2244.95,0
4515,9274-uarkj,female,0,0,0,15,1,no,fiber_optic,no,yes,no,no,yes,no,month-to-month,1,bank_transfer_(automatic),83.2,1130.0,0
4516,4077-hwuyd,male,0,1,1,72,1,yes,dsl,yes,yes,yes,yes,yes,yes,two_year,1,bank_transfer_(automatic),87.55,6463.15,0
4517,2012-nwrpa,female,1,1,0,11,1,yes,fiber_optic,no,no,yes,no,yes,yes,month-to-month,1,electronic_check,99.55,1131.2,1
4518,8808-eleho,male,1,0,0,8,1,yes,fiber_optic,no,no,yes,no,no,no,month-to-month,1,electronic_check,81.25,585.95,1
4519,0103-csitq,female,0,1,0,57,1,yes,fiber_optic,no,yes,yes,yes,yes,yes,one_year,1,bank_transfer_(automatic),109.4,6252.7,0
4520,3506-lcjdc,male,0,1,1,1,1,no,no,no_internet_service,no_internet_service,no_internet_service,no_internet_service,no_internet_service,no_internet_service,month-to-month,0,bank_transfer_(automatic),19.95,19.95,1
4521,8671-kkkos,female,0,1,0,46,0,no_phone_service,dsl,yes,yes,no,no,yes,no,month-to-month,0,electronic_check,45.55,2062.15,0
4522,7305-zwmaj,male,0,1,0,30,1,no,no,no_internet_service,no_internet_service,no_internet_service,no_internet_service,no_internet_service,no_internet_service,one_year,0,credit_card_(automatic),20.7,587.1,0
4523,9518-xxbxe,male,1,1,0,10,1,no,fiber_optic,yes,no,no,no,no,no,month-to-month,0,electronic_check,75.3,720.45,0
4524,3934-hxcfz,male,0,1,0,23,1,yes,fiber_optic,yes,yes,yes,no,yes,no,month-to-month,1,electronic_check,99.25,2186.4,1
4525,6578-krmaw,male,0,0,0,32,1,no,fiber_optic,yes,yes,yes,no,no,yes,month-to-month,1,credit_card_(automatic),93.4,2979.3,0
4526,4860-ijude,male,0,0,0,13,1,no,fiber_optic,yes,no,no,no,no,no,month-to-month,1,credit_card_(automatic),73.75,956.65,0
4527,7666-wkron,female,0,0,0,39,1,no,fiber_optic,no,no,yes,yes,no,no,two_year,1,electronic_check,80.45,3201.55,1
4528,9688-ygxvr,female,0,0,0,44,1,no,fiber_optic,no,yes,yes,no,yes,no,month-to-month,1,credit_card_(automatic),88.15,3973.2,0
4529,0423-udijq,male,1,0,0,9,1,no,dsl,no,no,no,yes,no,no,month-to-month,0,mailed_check,49.2,447.9,0
4530,1945-xisks,female,0,1,0,67,1,no,no,no_internet_service,no_internet_service,no_internet_service,no_internet_service,no_internet_service,no_internet_service,two_year,0,mailed_check,19.65,1335.2,0
4531,4910-aqffx,male,0,1,1,9,1,yes,fiber_optic,no,no,yes,no,no,no,month-to-month,1,bank_transfer_(automatic),79.35,661.25,1
4532,2154-kvjff,female,0,0,0,15,1,yes,fiber_optic,no,yes,no,no,no,no,month-to-month,1,electronic_check,79.75,1111.85,1
4533,5360-ljcnj,female,0,1,0,71,1,yes,fiber_optic,no,yes,yes,no,yes,yes,two_year,1,bank_transfer_(automatic),105.15,7555.0,0
4534,2607-fbdff,male,0,0,0,1,1,no,dsl,no,no,no,yes,no,no,month-to-month,0,credit_card_(automatic),49.0,49.0,0
4535,9647-ergbe,female,0,1,1,30,1,yes,fiber_optic,no,no,yes,no,yes,yes,month-to-month,1,electronic_check,100.05,3046.15,1
4536,3428-xzmaz,male,0,0,0,1,1,no,fiber_optic,no,no,no,no,no,no,month-to-month,1,electronic_check,69.35,69.35,1
4537,1100-ddvrv,male,0,1,0,17,0,no_phone_service,dsl,no,yes,no,no,yes,yes,month-to-month,1,mailed_check,49.8,836.35,0
4538,0378-tovms,female,0,0,0,3,1,no,fiber_optic,no,no,no,yes,no,yes,month-to-month,0,electronic_check,85.8,272.2,1
4539,4355-hbjhh,male,0,1,1,67,1,yes,dsl,yes,no,yes,no,yes,yes,two_year,1,electronic_check,79.7,5293.4,1
4540,6728-wyqbc,male,0,0,0,1,1,no,no,no_internet_service,no_internet_service,no_internet_service,no_internet_service,no_internet_service,no_internet_service,month-to-month,0,bank_transfer_(automatic),20.95,20.95,0
4541,9058-cbreo,female,1,0,0,1,1,yes,dsl,no,no,no,no,no,no,month-to-month,0,mailed_check,50.55,50.55,1
4542,9029-fegvj,female,1,1,0,32,1,yes,fiber_optic,no,no,yes,no,no,no,month-to-month,0,mailed_check,79.3,2570.0,0
4543,7216-kaoid,male,0,1,1,41,1,no,no,no_internet_service,no_internet_service,no_internet_service,no_internet_service,no_internet_service,no_internet_service,one_year,0,bank_transfer_(automatic),19.5,798.2,0
4544,0318-quuob,male,0,1,0,1,1,no,fiber_optic,no,no,no,no,yes,no,month-to-month,1,electronic_check,80.55,80.55,1
4545,6145-nnpno,female,0,0,0,1,1,no,dsl,no,no,no,no,no,no,month-to-month,0,bank_transfer_(automatic),44.15,44.15,0
4546,5520-fvewj,female,0,1,1,12,1,yes,fiber_optic,no,yes,yes,no,no,no,month-to-month,1,electronic_check,84.5,916.9,1
4547,5339-tjfek,male,0,1,1,62,1,yes,fiber_optic,yes,yes,no,no,yes,yes,month-to-month,1,electronic_check,105.5,6487.2,0
4548,5572-zdxhy,female,0,0,0,22,1,no,fiber_optic,no,yes,no,no,no,yes,month-to-month,1,mailed_check,84.3,1855.65,1
4549,2074-guhpq,female,0,0,1,17,1,yes,fiber_optic,no,yes,yes,yes,no,no,month-to-month,1,credit_card_(automatic),92.7,1556.85,0
4550,4625-xmoym,female,0,1,1,72,1,yes,no,no_internet_service,no_internet_service,no_internet_service,no_internet_service,no_internet_service,no_internet_service,two_year,1,bank_transfer_(automatic),26.25,1988.05,0
4551,5827-mwczk,male,0,1,1,56,1,yes,fiber_optic,no,yes,no,yes,yes,no,month-to-month,1,credit_card_(automatic),96.95,5432.2,0
4552,1385-tqozw,female,0,0,0,9,1,no,no,no_internet_service,no_internet_service,no_internet_service,no_internet_service,no_internet_service,no_internet_service,month-to-month,1,credit_card_(automatic),20.45,147.55,0
4553,5914-xrfqb,male,0,1,0,72,1,yes,fiber_optic,yes,yes,yes,yes,yes,yes,two_year,1,bank_transfer_(automatic),115.8,8424.9,0
4554,4329-ypddq,male,0,0,0,20,1,no,fiber_optic,yes,yes,yes,yes,yes,yes,month-to-month,1,bank_transfer_(automatic),108.2,2203.7,0
4555,4804-ncpet,male,0,1,1,19,1,no,no,no_internet_service,no_internet_service,no_internet_service,no_internet_service,no_internet_service,no_internet_service,two_year,0,mailed_check,20.2,387.4,0
4556,3750-ckvkh,male,0,0,0,2,1,no,fiber_optic,no,no,no,no,no,no,month-to-month,1,electronic_check,67.75,116.65,1
4557,5944-ugllk,male,0,0,0,53,0,no_phone_service,dsl,no,no,yes,yes,yes,yes,one_year,0,credit_card_(automatic),54.9,3045.75,0
4558,8063-gbatb,female,1,0,0,27,1,yes,fiber_optic,no,no,no,no,no,yes,month-to-month,1,electronic_check,85.25,2287.25,1
4559,7787-bntzm,male,0,0,0,6,1,no,no,no_internet_service,no_internet_service,no_internet_service,no_internet_service,no_internet_service,no_internet_service,month-to-month,0,bank_transfer_(automatic),20.15,130.5,0
4560,2252-isrnh,male,0,1,1,9,1,yes,fiber_optic,no,no,yes,no,yes,no,one_year,1,electronic_check,90.35,767.9,0
4561,9415-tpkrv,female,0,1,1,8,1,yes,dsl,no,yes,no,no,no,no,month-to-month,0,electronic_check,55.75,446.8,0
4562,5322-teujk,female,0,1,1,71,1,yes,fiber_optic,yes,yes,yes,yes,yes,yes,two_year,0,bank_transfer_(automatic),114.6,8100.25,0
4563,4547-kqrtm,female,0,0,0,10,1,yes,fiber_optic,no,yes,no,no,no,no,month-to-month,1,bank_transfer_(automatic),80.05,830.7,1
4564,4877-evatk,male,0,0,0,1,1,no,no,no_internet_service,no_internet_service,no_internet_service,no_internet_service,no_internet_service,no_internet_service,month-to-month,0,mailed_check,20.0,20.0,1
4565,1866-dioqz,female,0,1,0,71,0,no_phone_service,dsl,yes,yes,yes,yes,yes,yes,one_year,0,bank_transfer_(automatic),66.8,4689.15,0
4566,8375-kvthk,male,0,1,0,68,1,no,fiber_optic,no,yes,no,yes,yes,yes,one_year,1,electronic_check,100.3,6754.35,0
4567,2697-nqbpf,male,0,0,0,34,1,yes,fiber_optic,no,yes,no,yes,yes,yes,month-to-month,1,electronic_check,105.35,3540.65,0
4568,3709-oijea,male,0,0,0,26,1,no,fiber_optic,no,yes,yes,yes,no,no,one_year,1,electronic_check,85.2,2184.6,0
4569,7639-supcw,female,0,0,0,22,1,no,dsl,yes,no,no,no,no,no,month-to-month,1,credit_card_(automatic),48.8,1054.6,1
4570,1386-zikuv,male,0,0,0,7,1,no,no,no_internet_service,no_internet_service,no_internet_service,no_internet_service,no_internet_service,no_internet_service,month-to-month,1,mailed_check,18.95,130.55,0
4571,0599-xnydo,female,0,1,0,20,1,no,fiber_optic,no,no,no,no,no,no,month-to-month,1,bank_transfer_(automatic),69.8,1540.35,0
4572,6377-whaox,female,0,1,0,60,1,yes,fiber_optic,no,yes,yes,no,yes,yes,month-to-month,1,electronic_check,106.15,6411.25,0
4573,6855-vlgos,male,0,1,1,72,1,no,no,no_internet_service,no_internet_service,no_internet_service,no_internet_service,no_internet_service,no_internet_service,two_year,0,electronic_check,20.55,1432.55,0
4574,8999-xxgns,female,1,1,0,72,1,yes,fiber_optic,no,yes,yes,no,yes,yes,one_year,1,credit_card_(automatic),105.75,7629.85,0
4575,8746-oqqrw,male,0,0,0,4,1,yes,no,no_internet_service,no_internet_service,no_internet_service,no_internet_service,no_internet_service,no_internet_service,month-to-month,0,mailed_check,25.25,101.9,0
4576,3181-mizbn,male,0,1,1,16,1,no,no,no_internet_service,no_internet_service,no_internet_service,no_internet_service,no_internet_service,no_internet_service,month-to-month,0,electronic_check,19.75,313.4,0
4577,0471-arvmx,female,1,1,0,62,1,yes,fiber_optic,yes,no,yes,no,yes,yes,one_year,1,electronic_check,104.85,6312.9,0
4578,7766-cltic,female,0,0,0,10,1,no,dsl,no,no,no,yes,no,yes,month-to-month,1,mailed_check,60.95,629.55,0
4579,5650-yliba,male,0,0,0,31,1,yes,fiber_optic,no,yes,no,no,no,no,month-to-month,1,electronic_check,81.15,2640.55,0
4580,0825-cppqh,female,0,1,0,71,1,no,no,no_internet_service,no_internet_service,no_internet_service,no_internet_service,no_internet_service,no_internet_service,two_year,0,credit_card_(automatic),19.1,1372.45,0
4581,9084-oaykl,male,0,0,0,58,1,no,no,no_internet_service,no_internet_service,no_internet_service,no_internet_service,no_internet_service,no_internet_service,two_year,0,mailed_check,20.8,1212.25,0
4582,6122-ljada,male,0,1,1,70,1,yes,dsl,yes,yes,yes,yes,yes,yes,two_year,1,credit_card_(automatic),90.15,6237.05,0
4583,2400-xiwio,female,0,1,0,71,1,yes,dsl,yes,yes,yes,yes,yes,yes,two_year,0,electronic_check,90.1,6310.9,0
4584,7524-vrlpl,male,1,0,0,69,1,yes,dsl,yes,no,yes,yes,no,yes,two_year,0,credit_card_(automatic),74.1,5031.0,0
4585,1069-xaiem,female,1,0,0,1,1,yes,fiber_optic,no,no,no,no,no,yes,month-to-month,1,electronic_check,85.05,85.05,1
4586,7569-nmzyq,female,0,1,1,72,1,yes,fiber_optic,yes,yes,yes,yes,yes,yes,two_year,1,bank_transfer_(automatic),118.75,8672.45,0
4587,5201-ussqz,female,0,1,0,26,1,no,fiber_optic,no,no,no,yes,no,yes,month-to-month,0,credit_card_(automatic),85.9,2196.45,0
4588,2105-phwon,female,0,1,0,33,1,yes,fiber_optic,no,no,yes,yes,no,yes,month-to-month,1,credit_card_(automatic),95.0,3008.15,0
4589,1494-ejzdw,female,0,1,1,10,1,no,no,no_internet_service,no_internet_service,no_internet_service,no_internet_service,no_internet_service,no_internet_service,two_year,0,mailed_check,20.15,220.8,0
4590,4884-tvuqf,female,1,0,0,57,1,yes,fiber_optic,yes,no,yes,yes,no,yes,two_year,0,credit_card_(automatic),101.3,5779.6,0
4591,8003-ewndz,female,0,0,0,10,1,no,no,no_internet_service,no_internet_service,no_internet_service,no_internet_service,no_internet_service,no_internet_service,month-to-month,1,electronic_check,21.2,222.65,0
4592,1897-rcfum,female,0,1,1,39,1,yes,no,no_internet_service,no_internet_service,no_internet_service,no_internet_service,no_internet_service,no_internet_service,one_year,1,mailed_check,24.2,914.6,0
4593,9256-jtbnz,female,0,0,0,11,1,no,no,no_internet_service,no_internet_service,no_internet_service,no_internet_service,no_internet_service,no_internet_service,month-to-month,0,bank_transfer_(automatic),20.3,246.3,0
4594,4658-hcohw,female,0,1,1,21,1,no,fiber_optic,no,yes,yes,yes,yes,yes,month-to-month,1,electronic_check,102.8,2110.15,1
4595,2211-rmnho,female,0,1,1,68,1,yes,dsl,no,yes,yes,yes,yes,yes,two_year,0,bank_transfer_(automatic),85.3,5560.0,0
4596,2432-tfsmk,male,0,0,0,18,1,yes,fiber_optic,no,no,yes,no,yes,no,one_year,1,credit_card_(automatic),89.6,1633.0,0
4597,3440-jpscl,female,0,0,0,6,1,no,fiber_optic,no,no,yes,yes,yes,yes,month-to-month,1,mailed_check,99.95,547.65,1
4598,4929-roart,male,0,0,0,18,1,yes,dsl,yes,no,no,no,no,no,month-to-month,0,mailed_check,56.25,969.85,0
4599,1834-abkhq,female,0,1,1,52,1,no,dsl,no,no,yes,no,no,no,one_year,1,bank_transfer_(automatic),50.95,2610.65,0
4600,1741-wtpon,male,0,1,1,56,1,yes,fiber_optic,yes,yes,yes,yes,yes,yes,two_year,0,mailed_check,115.85,6567.9,0
4601,3932-ijwdz,male,0,0,0,45,1,yes,fiber_optic,no,no,yes,yes,yes,yes,month-to-month,1,bank_transfer_(automatic),103.65,4747.85,0
4602,1240-hcboh,female,0,0,0,67,1,yes,no,no_internet_service,no_internet_service,no_internet_service,no_internet_service,no_internet_service,no_internet_service,two_year,1,mailed_check,26.1,1759.55,0
4603,3594-kadlu,male,0,1,0,3,0,no_phone_service,dsl,yes,no,no,yes,no,no,month-to-month,0,mailed_check,35.1,101.1,0
4604,8065-bvepf,male,1,0,0,65,1,no,fiber_optic,no,yes,yes,no,yes,yes,month-to-month,1,bank_transfer_(automatic),99.1,6496.15,0
4605,3796-enzgf,male,0,1,0,63,1,yes,dsl,no,yes,no,yes,no,yes,two_year,0,mailed_check,67.25,4234.15,0
4606,1734-zmntz,female,0,1,1,11,1,yes,no,no_internet_service,no_internet_service,no_internet_service,no_internet_service,no_internet_service,no_internet_service,two_year,0,mailed_check,25.0,300.7,0
4607,2853-cwqfq,male,0,0,1,1,1,no,dsl,no,no,no,yes,no,yes,month-to-month,1,mailed_check,59.55,59.55,0
4608,0813-taxxs,male,0,0,0,55,1,yes,dsl,no,no,yes,no,yes,yes,two_year,1,bank_transfer_(automatic),77.8,4323.35,0
4609,2519-twkfs,male,0,1,1,25,1,yes,dsl,no,no,no,yes,no,no,one_year,1,mailed_check,55.1,1466.1,0
4610,2889-fpwrm,male,0,1,0,72,1,yes,fiber_optic,yes,yes,yes,yes,yes,yes,one_year,1,bank_transfer_(automatic),117.8,8684.8,1
4611,0626-qxngv,female,0,1,0,72,1,yes,no,no_internet_service,no_internet_service,no_internet_service,no_internet_service,no_internet_service,no_internet_service,two_year,1,credit_card_(automatic),24.15,1776.45,0
4612,6723-cegqi,female,0,0,1,65,0,no_phone_service,dsl,no,yes,no,yes,yes,no,two_year,0,mailed_check,45.25,2933.95,0
4613,6987-xqsjt,female,1,0,0,54,1,yes,fiber_optic,no,yes,no,no,no,no,month-to-month,1,electronic_check,79.5,4370.25,1
4614,4732-rrjzc,male,0,1,1,7,1,no,no,no_internet_service,no_internet_service,no_internet_service,no_internet_service,no_internet_service,no_internet_service,month-to-month,0,mailed_check,20.25,144.35,0
4615,9499-xpzxm,female,0,1,0,72,1,yes,dsl,yes,yes,no,yes,no,no,two_year,0,bank_transfer_(automatic),64.75,4804.75,0
4616,4338-eycer,male,0,1,0,21,1,no,dsl,no,no,no,no,yes,no,month-to-month,0,bank_transfer_(automatic),54.6,1125.2,0
4617,3007-fdpea,female,0,0,0,2,1,no,no,no_internet_service,no_internet_service,no_internet_service,no_internet_service,no_internet_service,no_internet_service,month-to-month,1,bank_transfer_(automatic),20.7,39.85,0
4618,6350-xfygw,male,1,0,0,4,1,no,fiber_optic,no,no,yes,no,yes,yes,month-to-month,1,electronic_check,94.75,422.4,0
4619,4290-bsxux,male,0,1,0,3,1,yes,fiber_optic,no,no,no,yes,no,no,month-to-month,1,bank_transfer_(automatic),79.65,251.75,1
4620,8513-olygy,male,0,1,0,72,1,yes,fiber_optic,yes,yes,yes,yes,yes,yes,two_year,0,credit_card_(automatic),115.8,8332.15,0
4621,0311-qywss,female,0,0,0,6,1,no,dsl,yes,no,no,no,no,no,month-to-month,1,electronic_check,49.45,314.6,0
4622,8705-dwkti,male,0,0,0,52,1,no,fiber_optic,no,no,yes,no,no,yes,month-to-month,1,credit_card_(automatic),83.8,4331.4,0
4623,8755-iwjhn,male,1,1,0,69,1,yes,fiber_optic,no,yes,yes,no,no,yes,month-to-month,1,bank_transfer_(automatic),95.35,6382.0,0
4624,0325-xbfac,male,0,0,0,8,1,no,fiber_optic,no,no,yes,no,yes,yes,month-to-month,1,electronic_check,94.7,740.3,1
4625,4480-qqrhc,female,1,0,0,8,1,no,fiber_optic,no,no,yes,no,no,no,month-to-month,1,bank_transfer_(automatic),74.05,600.15,0
4626,0929-peclo,female,1,0,0,63,1,yes,fiber_optic,no,no,yes,no,no,yes,month-to-month,1,bank_transfer_(automatic),89.6,5538.8,0
4627,3680-cthuh,male,0,0,0,60,1,yes,fiber_optic,yes,yes,yes,yes,yes,yes,one_year,1,credit_card_(automatic),116.6,7049.5,0
4628,1202-kkgfu,female,0,1,0,12,1,no,dsl,yes,no,no,yes,no,no,month-to-month,0,bank_transfer_(automatic),54.2,690.5,0
4629,6112-kthfq,female,0,0,0,13,1,no,no,no_internet_service,no_internet_service,no_internet_service,no_internet_service,no_internet_service,no_internet_service,month-to-month,1,mailed_check,19.3,279.3,0
4630,1852-xemdw,male,0,0,0,22,1,yes,dsl,yes,yes,yes,no,no,no,month-to-month,0,mailed_check,65.05,1427.55,0
4631,2462-xiijb,male,0,0,0,5,1,yes,fiber_optic,no,no,yes,no,yes,no,month-to-month,1,electronic_check,92.5,452.7,1
4632,4760-xohvn,female,0,1,1,1,1,no,no,no_internet_service,no_internet_service,no_internet_service,no_internet_service,no_internet_service,no_internet_service,month-to-month,0,mailed_check,19.45,19.45,1
4633,1820-djfph,female,0,1,1,72,1,yes,no,no_internet_service,no_internet_service,no_internet_service,no_internet_service,no_internet_service,no_internet_service,two_year,1,bank_transfer_(automatic),24.05,1709.15,0
4634,9426-sxnhe,female,0,0,0,2,1,no,no,no_internet_service,no_internet_service,no_internet_service,no_internet_service,no_internet_service,no_internet_service,month-to-month,0,bank_transfer_(automatic),18.75,53.15,0
4635,9068-fhqhd,female,0,1,1,40,1,no,no,no_internet_service,no_internet_service,no_internet_service,no_internet_service,no_internet_service,no_internet_service,two_year,0,bank_transfer_(automatic),20.15,777.35,0
4636,1269-foywn,male,0,1,1,44,1,no,no,no_internet_service,no_internet_service,no_internet_service,no_internet_service,no_internet_service,no_internet_service,one_year,0,bank_transfer_(automatic),20.0,860.85,0
4637,9470-yfuyi,male,1,1,0,71,1,no,dsl,yes,yes,no,yes,yes,no,one_year,1,bank_transfer_(automatic),71.0,5012.1,0
4638,7817-boqpw,female,0,0,0,2,1,yes,fiber_optic,no,no,no,no,no,no,month-to-month,1,electronic_check,75.55,166.3,1
4639,7402-eyfxx,male,1,0,0,26,1,yes,fiber_optic,no,no,no,no,yes,yes,month-to-month,1,electronic_check,93.6,2404.1,0
4640,1853-udxbw,male,0,1,1,1,1,no,fiber_optic,no,no,no,no,no,no,month-to-month,1,electronic_check,70.0,70.0,1
4641,9895-vfoxh,female,0,0,0,1,0,no_phone_service,dsl,no,no,no,no,no,no,month-to-month,0,mailed_check,24.4,24.4,0
4642,5458-cqjta,male,0,1,1,65,1,no,dsl,yes,no,no,yes,yes,yes,two_year,1,bank_transfer_(automatic),74.8,4820.15,1
4643,1230-qajdw,male,0,0,0,3,1,yes,dsl,no,no,no,yes,yes,no,month-to-month,1,mailed_check,65.25,209.9,0
4644,5701-zikje,male,0,0,0,13,1,no,dsl,no,no,no,yes,no,no,month-to-month,1,mailed_check,50.55,610.75,0
4645,5219-yiptk,female,0,1,0,33,1,yes,fiber_optic,no,yes,yes,no,yes,yes,month-to-month,1,electronic_check,104.4,3409.6,1
4646,5032-miykt,female,0,0,0,1,1,no,fiber_optic,no,no,no,no,no,no,month-to-month,1,mailed_check,70.7,70.7,0
4647,7396-vjuzb,male,0,1,1,4,1,no,dsl,no,no,no,no,no,no,month-to-month,0,mailed_check,45.25,155.35,0
4648,9717-qebgu,male,0,0,0,2,1,no,fiber_optic,no,no,no,no,no,no,month-to-month,1,electronic_check,70.3,144.0,0
4649,5172-rkocb,male,0,1,0,72,1,yes,fiber_optic,yes,yes,no,yes,yes,yes,two_year,1,credit_card_(automatic),108.95,7875.0,0
4650,6509-tsgwn,female,0,1,1,37,1,yes,no,no_internet_service,no_internet_service,no_internet_service,no_internet_service,no_internet_service,no_internet_service,month-to-month,0,mailed_check,26.45,911.6,0
4651,3540-rzjyu,female,0,0,0,15,1,no,fiber_optic,yes,no,no,no,yes,no,month-to-month,0,electronic_check,86.2,1270.2,1
4652,3178-cifot,female,0,0,0,23,1,no,no,no_internet_service,no_internet_service,no_internet_service,no_internet_service,no_internet_service,no_internet_service,one_year,1,credit_card_(automatic),19.65,478.1,0
4653,2091-mjtfx,female,0,1,1,30,0,no_phone_service,dsl,no,no,no,yes,yes,yes,month-to-month,0,credit_card_(automatic),51.2,1561.5,1
4654,4530-ndrku,female,0,1,1,42,1,no,no,no_internet_service,no_internet_service,no_internet_service,no_internet_service,no_internet_service,no_internet_service,one_year,1,electronic_check,19.05,761.85,0
4655,5985-tbabq,female,0,0,0,32,1,yes,dsl,yes,no,no,no,yes,yes,one_year,0,mailed_check,74.75,2282.95,0
4656,9800-ontfe,female,0,1,1,22,1,yes,fiber_optic,no,no,no,no,no,no,month-to-month,1,bank_transfer_(automatic),75.8,1615.1,0
4657,6743-hhqpf,male,0,1,0,42,0,no_phone_service,dsl,no,no,no,no,no,no,month-to-month,1,credit_card_(automatic),25.1,1097.15,0
4658,8455-hiraq,female,0,0,0,8,1,no,dsl,no,no,no,no,no,no,month-to-month,0,mailed_check,44.45,369.3,0
4659,6616-aalsr,female,0,1,1,65,1,yes,fiber_optic,yes,no,yes,no,yes,yes,two_year,1,credit_card_(automatic),104.3,6725.3,0
4660,0883-eibti,female,0,0,0,2,1,no,no,no_internet_service,no_internet_service,no_internet_service,no_internet_service,no_internet_service,no_internet_service,month-to-month,0,mailed_check,19.5,31.55,1
4661,9415-znbsx,female,0,1,1,70,1,yes,dsl,yes,yes,yes,yes,yes,yes,two_year,1,bank_transfer_(automatic),89.0,6293.2,0
4662,4018-kjyuy,male,0,0,1,22,1,no,no,no_internet_service,no_internet_service,no_internet_service,no_internet_service,no_internet_service,no_internet_service,month-to-month,0,credit_card_(automatic),20.15,432.5,0
4663,0722-troqr,female,1,0,0,4,1,yes,fiber_optic,no,no,no,no,no,no,month-to-month,1,electronic_check,74.9,321.75,1
4664,7571-yxdad,female,0,0,0,2,1,yes,fiber_optic,no,no,no,no,no,no,month-to-month,0,credit_card_(automatic),74.9,147.15,1
4665,3884-uebxb,female,0,1,1,67,0,no_phone_service,dsl,yes,yes,no,no,no,no,two_year,0,bank_transfer_(automatic),36.15,2434.45,0
4666,8780-rsyyu,female,0,0,0,25,1,no,no,no_internet_service,no_internet_service,no_internet_service,no_internet_service,no_internet_service,no_internet_service,month-to-month,1,credit_card_(automatic),19.2,532.1,0
4667,5537-uxxvs,female,0,1,0,20,1,no,no,no_internet_service,no_internet_service,no_internet_service,no_internet_service,no_internet_service,no_internet_service,month-to-month,0,bank_transfer_(automatic),19.25,375.25,0
4668,1791-pqhbb,female,0,0,1,2,1,no,dsl,yes,no,no,no,no,yes,month-to-month,1,credit_card_(automatic),61.2,125.95,0
4669,8701-dglvh,male,0,0,0,51,1,no,no,no_internet_service,no_internet_service,no_internet_service,no_internet_service,no_internet_service,no_internet_service,two_year,0,mailed_check,20.45,1042.65,0
4670,8741-lqobk,female,0,1,1,46,0,no_phone_service,dsl,yes,yes,no,no,no,no,month-to-month,0,bank_transfer_(automatic),35.05,1620.25,0
4671,3393-fmzpv,female,0,0,0,25,1,yes,fiber_optic,no,yes,no,no,yes,yes,month-to-month,1,electronic_check,100.25,2387.75,1
4672,8082-ghxop,male,0,0,1,13,1,no,dsl,no,no,no,no,no,no,month-to-month,0,mailed_check,44.0,659.35,0
4673,6402-zfppi,female,1,0,0,25,1,yes,fiber_optic,yes,yes,no,no,yes,yes,month-to-month,1,mailed_check,102.8,2660.2,1
4674,0980-fexwf,male,0,1,1,26,1,no,dsl,no,no,yes,no,no,no,one_year,0,mailed_check,50.35,1285.8,0
4675,7486-ksrvi,male,0,0,0,43,1,yes,fiber_optic,no,no,no,yes,yes,yes,one_year,1,electronic_check,100.0,4211.55,1
4676,3011-wqksz,male,0,0,1,19,1,no,no,no_internet_service,no_internet_service,no_internet_service,no_internet_service,no_internet_service,no_internet_service,month-to-month,1,electronic_check,20.0,377.55,0
4677,8443-wvpss,male,0,1,0,10,1,no,fiber_optic,no,yes,no,yes,yes,yes,month-to-month,1,electronic_check,99.85,990.9,1
4678,3006-ximln,female,0,0,1,2,1,yes,fiber_optic,no,no,no,no,yes,yes,month-to-month,1,bank_transfer_(automatic),94.2,193.8,1
4679,8218-ffjds,female,0,1,0,72,1,yes,dsl,yes,yes,no,yes,yes,yes,two_year,1,bank_transfer_(automatic),86.4,6058.95,0
4680,1986-phgzf,male,1,0,0,18,1,yes,dsl,yes,yes,no,no,no,no,month-to-month,1,credit_card_(automatic),58.4,964.9,0
4681,9965-yokzb,male,1,0,0,9,1,yes,fiber_optic,no,no,no,no,no,yes,month-to-month,1,electronic_check,83.85,790.15,1
4682,0504-hhapi,female,1,0,0,27,1,yes,fiber_optic,no,no,yes,no,no,yes,month-to-month,0,credit_card_(automatic),88.3,2467.75,1
4683,9360-omdzz,male,0,0,0,24,1,yes,fiber_optic,no,no,no,no,yes,yes,month-to-month,1,electronic_check,94.1,2322.85,0
4684,6305-ylbmm,male,0,0,0,69,1,no,fiber_optic,no,yes,yes,yes,yes,yes,one_year,1,bank_transfer_(automatic),104.05,7262.0,1
4685,0345-xmmug,female,0,1,0,46,1,yes,fiber_optic,no,yes,yes,yes,yes,yes,two_year,1,credit_card_(automatic),108.9,4854.3,0
4686,8024-xnafq,female,1,0,0,72,1,yes,fiber_optic,yes,yes,yes,yes,no,yes,two_year,1,bank_transfer_(automatic),107.4,7748.75,0
4687,3647-gmgdh,male,0,1,0,22,1,no,fiber_optic,no,no,yes,no,yes,yes,month-to-month,1,credit_card_(automatic),94.7,1914.9,1
4688,2988-gbivw,female,1,1,0,70,1,yes,fiber_optic,yes,no,no,no,no,yes,month-to-month,1,electronic_check,90.85,6470.1,0
4689,2832-scuco,female,0,0,0,2,1,no,no,no_internet_service,no_internet_service,no_internet_service,no_internet_service,no_internet_service,no_internet_service,month-to-month,0,electronic_check,19.9,57.4,0
4690,7036-zzkbd,male,0,1,0,31,1,no,dsl,no,no,yes,yes,no,yes,month-to-month,1,credit_card_(automatic),66.4,2019.8,0
4691,3791-lgqcy,female,1,1,0,56,1,yes,fiber_optic,no,no,yes,no,yes,yes,month-to-month,1,bank_transfer_(automatic),100.65,5688.05,1
4692,0265-psuae,female,0,1,1,16,1,no,fiber_optic,yes,no,yes,no,yes,yes,month-to-month,0,bank_transfer_(automatic),100.7,1522.7,0
4693,0463-txoak,male,0,0,1,52,1,yes,no,no_internet_service,no_internet_service,no_internet_service,no_internet_service,no_internet_service,no_internet_service,two_year,0,credit_card_(automatic),25.6,1334.5,0
4694,0594-uftul,male,0,1,1,13,1,no,no,no_internet_service,no_internet_service,no_internet_service,no_internet_service,no_internet_service,no_internet_service,month-to-month,1,mailed_check,19.85,252.0,0
4695,9509-mpyod,female,0,0,0,35,1,no,no,no_internet_service,no_internet_service,no_internet_service,no_internet_service,no_internet_service,no_internet_service,one_year,0,mailed_check,20.75,700.45,0
4696,9128-cpxki,female,0,0,0,59,1,no,fiber_optic,no,no,yes,no,yes,yes,two_year,0,electronic_check,95.8,5655.45,0
4697,0129-kptwj,male,0,1,0,72,1,no,fiber_optic,no,no,yes,no,yes,yes,month-to-month,1,electronic_check,94.65,6747.35,0
4698,8166-zztfs,female,1,1,0,66,1,yes,dsl,no,yes,yes,no,yes,yes,two_year,1,bank_transfer_(automatic),80.55,5265.1,1
4699,5855-eibde,female,0,1,0,49,1,yes,fiber_optic,yes,yes,yes,yes,no,yes,two_year,0,credit_card_(automatic),106.65,5174.35,0
4700,5365-llfyv,female,0,0,0,2,1,no,dsl,no,no,no,no,no,no,month-to-month,1,mailed_check,45.85,105.6,0
4701,5956-yhhrx,male,1,0,0,21,1,yes,fiber_optic,no,yes,yes,no,yes,yes,month-to-month,1,electronic_check,104.35,2271.85,0
4702,6008-naixk,male,1,0,0,54,0,no_phone_service,dsl,no,yes,yes,no,yes,yes,one_year,1,electronic_check,55.45,2966.95,0
4703,2956-ggucq,male,1,1,0,24,1,yes,fiber_optic,yes,no,no,no,no,no,month-to-month,1,electronic_check,78.85,1772.25,1
4704,1928-bxyiv,male,0,0,0,1,1,yes,dsl,yes,yes,no,no,no,no,month-to-month,0,electronic_check,61.15,61.15,0
4705,5760-fxfvo,male,0,0,0,6,1,no,fiber_optic,yes,yes,no,no,no,no,month-to-month,1,electronic_check,78.95,494.95,0
4706,6595-cokxz,female,0,0,0,1,1,no,dsl,no,no,no,no,no,no,month-to-month,1,mailed_check,44.45,44.45,1
4707,0961-zwlvi,male,0,0,1,49,1,yes,fiber_optic,yes,yes,yes,no,yes,yes,one_year,1,credit_card_(automatic),109.2,5290.45,0
4708,5181-oabfk,female,0,1,1,56,1,no,dsl,yes,yes,yes,no,no,no,two_year,1,credit_card_(automatic),61.3,3346.8,0
4709,4007-nhvhi,female,1,0,0,56,1,yes,fiber_optic,yes,yes,no,no,no,yes,month-to-month,1,electronic_check,96.85,5219.65,0
4710,7816-vghto,female,0,1,1,6,0,no_phone_service,dsl,no,yes,yes,yes,no,no,two_year,0,mailed_check,40.55,217.5,0
4711,5871-dgtxz,male,0,0,0,32,1,no,no,no_internet_service,no_internet_service,no_internet_service,no_internet_service,no_internet_service,no_internet_service,one_year,0,mailed_check,19.8,607.7,0
4712,7550-wiqva,male,0,1,1,50,1,yes,fiber_optic,yes,yes,yes,no,yes,yes,one_year,1,electronic_check,108.25,5431.4,0
4713,7544-zvikx,male,0,1,1,58,1,yes,fiber_optic,no,no,yes,yes,yes,yes,one_year,1,bank_transfer_(automatic),105.05,6004.85,0
4714,0016-qljis,female,0,1,1,65,1,yes,dsl,yes,yes,yes,yes,yes,yes,two_year,1,mailed_check,90.45,5957.9,0
4715,7508-dqakk,female,0,0,0,64,1,yes,dsl,yes,yes,yes,yes,yes,yes,two_year,1,credit_card_(automatic),86.4,5442.05,0
4716,5176-olskt,female,0,1,0,66,1,yes,dsl,yes,yes,yes,no,no,no,two_year,0,bank_transfer_(automatic),66.9,4370.25,0
4717,9356-axgmp,male,0,1,0,38,1,yes,fiber_optic,yes,no,yes,yes,yes,yes,one_year,1,electronic_check,110.7,4428.6,0
4718,3556-bvqgl,female,0,1,0,20,1,no,no,no_internet_service,no_internet_service,no_internet_service,no_internet_service,no_internet_service,no_internet_service,one_year,1,mailed_check,20.0,416.45,0
4719,0362-zbzwj,male,0,0,0,36,1,yes,fiber_optic,no,no,no,no,no,yes,month-to-month,1,electronic_check,84.9,3067.2,1
4720,8979-camgb,male,1,0,0,64,1,yes,fiber_optic,no,no,yes,yes,yes,yes,one_year,0,electronic_check,102.1,6688.1,0
4721,4211-mmazn,male,0,0,0,1,1,no,no,no_internet_service,no_internet_service,no_internet_service,no_internet_service,no_internet_service,no_internet_service,month-to-month,0,mailed_check,20.25,20.25,1
4722,7581-ebbou,female,0,0,0,60,1,no,dsl,no,yes,yes,yes,yes,no,one_year,1,credit_card_(automatic),70.15,4224.7,0
4723,4274-owwyo,male,0,0,0,1,1,no,fiber_optic,no,yes,no,no,no,no,month-to-month,1,electronic_check,74.35,74.35,1
4724,5073-rzgbk,female,0,1,1,50,1,yes,dsl,yes,yes,yes,yes,no,yes,one_year,1,bank_transfer_(automatic),80.05,4042.2,0
4725,1541-etjzo,male,0,0,0,1,1,yes,dsl,no,no,yes,yes,no,no,month-to-month,0,mailed_check,62.05,62.05,1
4726,2192-ckrlv,female,0,1,0,72,0,no_phone_service,dsl,yes,yes,yes,no,no,yes,two_year,1,electronic_check,49.2,3580.95,0
4727,3154-hmwuu,male,0,1,0,60,1,no,no,no_internet_service,no_internet_service,no_internet_service,no_internet_service,no_internet_service,no_internet_service,two_year,1,bank_transfer_(automatic),20.5,1198.8,0
4728,6119-spudb,male,0,0,0,46,0,no_phone_service,dsl,yes,no,yes,yes,no,no,two_year,0,mailed_check,38.25,1755.35,0
4729,6522-oiqsx,female,0,1,1,69,0,no_phone_service,dsl,no,yes,yes,no,yes,yes,two_year,1,credit_card_(automatic),54.95,3772.5,0
4730,7813-zggaw,male,1,0,0,31,1,yes,fiber_optic,no,no,yes,yes,yes,no,month-to-month,1,bank_transfer_(automatic),96.6,2877.95,0
4731,8748-hfwbo,male,0,1,1,19,1,no,no,no_internet_service,no_internet_service,no_internet_service,no_internet_service,no_internet_service,no_internet_service,one_year,0,mailed_check,19.9,357.7,0
4732,1052-qjibv,female,0,1,1,71,1,no,no,no_internet_service,no_internet_service,no_internet_service,no_internet_service,no_internet_service,no_internet_service,two_year,0,credit_card_(automatic),19.9,1397.3,0
4733,1319-ylzjg,male,0,1,0,12,1,no,fiber_optic,yes,yes,yes,no,no,no,month-to-month,1,electronic_check,84.6,959.9,0
4734,4106-hadhq,male,0,1,1,39,1,no,dsl,yes,no,yes,yes,yes,yes,one_year,0,credit_card_(automatic),80.0,3182.95,1
4735,0723-fdlay,male,0,0,0,44,1,yes,dsl,no,yes,yes,yes,yes,yes,one_year,1,bank_transfer_(automatic),85.25,3704.15,0
4736,3050-rllxc,female,0,1,1,56,1,yes,dsl,yes,yes,yes,yes,yes,no,two_year,0,credit_card_(automatic),81.25,4620.4,0
4737,9298-wgmrw,female,0,1,0,72,1,yes,fiber_optic,yes,yes,yes,yes,yes,yes,two_year,1,bank_transfer_(automatic),115.5,8312.75,0
4738,2369-uapkz,male,0,0,0,5,1,yes,fiber_optic,no,yes,yes,no,yes,yes,month-to-month,0,mailed_check,104.1,541.9,1
4739,3088-lhefh,female,0,0,0,11,1,yes,fiber_optic,yes,no,no,no,no,no,month-to-month,1,bank_transfer_(automatic),79.0,929.3,0
4740,2778-oclgr,male,1,1,0,24,0,no_phone_service,dsl,yes,no,no,no,no,yes,month-to-month,0,bank_transfer_(automatic),39.1,971.3,1
4741,6583-kqjlk,female,1,1,0,15,1,no,fiber_optic,no,yes,no,no,yes,yes,month-to-month,1,electronic_check,94.65,1285.05,0
4742,8544-jnbox,male,0,0,0,72,1,no,no,no_internet_service,no_internet_service,no_internet_service,no_internet_service,no_internet_service,no_internet_service,two_year,1,mailed_check,20.8,1521.2,0
4743,6681-zsexg,male,0,1,0,56,1,yes,dsl,no,yes,yes,no,no,no,two_year,0,credit_card_(automatic),59.5,3389.25,0
4744,6139-zzrbq,male,1,0,0,64,1,no,no,no_internet_service,no_internet_service,no_internet_service,no_internet_service,no_internet_service,no_internet_service,two_year,1,bank_transfer_(automatic),20.05,1198.05,0
4745,6116-rfvhn,female,0,1,0,34,1,yes,fiber_optic,no,no,yes,no,yes,yes,month-to-month,1,electronic_check,100.45,3414.65,0
4746,0637-kvdlv,male,0,0,0,2,1,yes,fiber_optic,no,no,no,no,no,no,month-to-month,1,electronic_check,76.5,162.45,1
4747,8884-feewr,male,0,0,0,35,1,no,no,no_internet_service,no_internet_service,no_internet_service,no_internet_service,no_internet_service,no_internet_service,one_year,0,bank_transfer_(automatic),20.6,754.0,0
4748,3125-rahbv,male,0,0,0,22,1,no,no,no_internet_service,no_internet_service,no_internet_service,no_internet_service,no_internet_service,no_internet_service,one_year,0,credit_card_(automatic),20.3,467.15,0
4749,6633-mpwbs,male,0,0,0,5,1,no,dsl,no,no,no,yes,no,no,month-to-month,1,electronic_check,49.2,216.9,1
4750,0373-aivnj,male,0,0,0,9,0,no_phone_service,dsl,yes,yes,yes,no,no,no,one_year,0,mailed_check,39.55,373.0,0
4751,8785-epncg,male,0,0,0,11,1,yes,no,no_internet_service,no_internet_service,no_internet_service,no_internet_service,no_internet_service,no_internet_service,month-to-month,0,credit_card_(automatic),23.15,245.2,1
4752,1682-vcoio,male,0,0,0,23,1,no,no,no_internet_service,no_internet_service,no_internet_service,no_internet_service,no_internet_service,no_internet_service,one_year,0,mailed_check,20.45,481.1,0
4753,5729-klzar,female,0,1,1,4,1,no,fiber_optic,no,no,no,no,no,yes,month-to-month,0,electronic_check,80.85,302.75,1
4754,2072-zvjjx,male,0,1,0,68,1,yes,no,no_internet_service,no_internet_service,no_internet_service,no_internet_service,no_internet_service,no_internet_service,two_year,0,bank_transfer_(automatic),25.25,1728.2,0
4755,8849-ayptr,male,0,1,0,33,1,no,fiber_optic,no,no,no,no,yes,yes,month-to-month,0,electronic_check,91.25,2964.05,0
4756,9518-imlhk,male,0,0,0,31,1,no,dsl,yes,yes,yes,yes,yes,no,month-to-month,1,bank_transfer_(automatic),72.45,2156.25,0
4757,1582-rafml,male,0,0,0,1,1,yes,dsl,no,yes,no,yes,no,no,month-to-month,0,mailed_check,60.1,60.1,1
4758,3646-itdgm,female,0,0,0,56,1,no,no,no_internet_service,no_internet_service,no_internet_service,no_internet_service,no_internet_service,no_internet_service,two_year,0,bank_transfer_(automatic),19.7,1051.9,0
4759,8740-cryfy,male,0,0,0,1,1,no,fiber_optic,no,no,no,no,yes,no,month-to-month,1,electronic_check,78.95,78.95,1
4760,3569-vldhh,male,0,1,1,66,1,no,dsl,yes,yes,yes,yes,yes,no,one_year,1,electronic_check,75.1,5013.0,0
4761,8224-kdlkn,male,0,1,1,72,1,yes,no,no_internet_service,no_internet_service,no_internet_service,no_internet_service,no_internet_service,no_internet_service,two_year,0,bank_transfer_(automatic),25.0,1738.9,0
4762,7594-lznwr,male,1,0,0,34,1,no,fiber_optic,no,no,no,no,no,no,month-to-month,0,credit_card_(automatic),69.15,2275.1,0
4763,4001-tsbtv,female,0,1,1,58,1,no,fiber_optic,no,yes,yes,no,yes,no,month-to-month,1,electronic_check,91.55,5511.65,0
4764,2962-xpmcq,male,0,0,0,2,1,no,dsl,no,no,no,no,no,no,month-to-month,1,electronic_check,45.15,98.5,1
4765,8727-xdpud,male,0,0,0,37,0,no_phone_service,dsl,no,no,no,no,yes,no,two_year,0,credit_card_(automatic),35.8,1316.9,0
4766,1043-uxovo,female,0,0,0,71,1,yes,fiber_optic,yes,yes,yes,yes,yes,yes,two_year,1,credit_card_(automatic),113.15,7993.3,0
4767,1064-fbxnk,male,0,1,1,1,1,no,no,no_internet_service,no_internet_service,no_internet_service,no_internet_service,no_internet_service,no_internet_service,one_year,0,credit_card_(automatic),19.85,19.85,0
4768,3996-znwyk,male,1,1,1,71,1,no,no,no_internet_service,no_internet_service,no_internet_service,no_internet_service,no_internet_service,no_internet_service,two_year,0,credit_card_(automatic),19.8,1388.45,0
4769,2878-dhmin,male,0,1,1,35,1,no,no,no_internet_service,no_internet_service,no_internet_service,no_internet_service,no_internet_service,no_internet_service,one_year,0,electronic_check,19.9,666.0,0
4770,7762-onljy,female,0,1,1,6,1,no,no,no_internet_service,no_internet_service,no_internet_service,no_internet_service,no_internet_service,no_internet_service,one_year,0,mailed_check,19.7,94.45,0
4771,1678-fyzow,female,0,0,0,3,1,no,fiber_optic,no,no,no,no,yes,no,month-to-month,1,electronic_check,79.4,244.65,1
4772,5795-bkoye,female,0,1,1,69,1,no,dsl,no,yes,yes,yes,no,no,one_year,0,bank_transfer_(automatic),59.1,4134.7,0
4773,8627-ehgip,male,0,0,0,44,0,no_phone_service,dsl,no,yes,yes,no,yes,yes,one_year,1,mailed_check,53.95,2375.4,1
4774,7402-pwyjj,female,0,1,0,53,1,yes,fiber_optic,no,no,no,yes,no,yes,one_year,1,electronic_check,91.15,4862.5,0
4775,5480-tbgph,female,0,1,0,24,1,no,fiber_optic,no,yes,yes,no,yes,yes,month-to-month,1,credit_card_(automatic),99.3,2431.35,1
4776,0018-nyrou,female,0,1,0,5,1,no,fiber_optic,no,no,no,no,no,no,month-to-month,1,electronic_check,68.95,351.5,0
4777,7501-vtylj,female,0,0,1,2,1,no,dsl,no,yes,no,no,no,no,month-to-month,0,mailed_check,51.55,106.2,0
4778,7608-rgiro,male,0,0,1,62,1,yes,no,no_internet_service,no_internet_service,no_internet_service,no_internet_service,no_internet_service,no_internet_service,two_year,1,mailed_check,24.4,1413.0,0
4779,0480-bixde,female,0,1,0,19,1,no,fiber_optic,no,no,yes,no,yes,yes,month-to-month,1,electronic_check,96.8,1743.05,0
4780,5895-qsxod,male,0,0,0,9,1,no,fiber_optic,no,no,no,no,no,no,month-to-month,0,mailed_check,70.05,657.5,0
4781,9814-aoudh,male,0,0,0,53,1,no,no,no_internet_service,no_internet_service,no_internet_service,no_internet_service,no_internet_service,no_internet_service,two_year,0,credit_card_(automatic),19.5,1050.5,0
4782,6175-irfit,male,0,0,0,5,1,no,fiber_optic,no,no,no,no,no,yes,month-to-month,0,mailed_check,78.75,426.35,0
4783,8760-zrhke,female,1,1,1,71,1,yes,dsl,yes,yes,no,no,yes,no,one_year,0,electronic_check,69.2,4982.5,0
4784,1622-hshsf,female,0,0,0,1,1,no,no,no_internet_service,no_internet_service,no_internet_service,no_internet_service,no_internet_service,no_internet_service,month-to-month,1,mailed_check,19.55,19.55,0
4785,8854-ccvsq,male,0,0,0,18,1,yes,fiber_optic,no,yes,no,no,no,no,month-to-month,1,electronic_check,80.65,1451.9,1
4786,6749-utdvx,male,0,0,0,72,1,yes,fiber_optic,no,yes,yes,no,yes,yes,two_year,1,electronic_check,103.65,7634.8,0
4787,5542-dhsxl,female,0,1,0,4,1,no,dsl,yes,yes,no,no,no,no,month-to-month,0,mailed_check,54.7,235.05,0
4788,9102-oxkfy,male,0,0,0,59,1,yes,dsl,no,no,yes,no,no,no,two_year,0,credit_card_(automatic),54.15,3116.15,0
4789,0511-jteoy,female,0,0,0,1,1,no,fiber_optic,no,no,no,no,no,no,month-to-month,0,mailed_check,71.1,71.1,1
4790,5216-wasfj,female,1,1,0,31,1,yes,fiber_optic,no,no,no,no,no,yes,month-to-month,1,electronic_check,84.85,2633.4,0
4791,7808-dvwep,male,0,1,0,3,1,no,no,no_internet_service,no_internet_service,no_internet_service,no_internet_service,no_internet_service,no_internet_service,month-to-month,0,bank_transfer_(automatic),20.0,49.65,0
4792,7067-ksazt,female,1,1,0,65,1,yes,fiber_optic,no,yes,yes,no,yes,yes,one_year,1,electronic_check,106.25,6979.8,1
4793,2284-vflkh,male,0,1,0,49,1,no,fiber_optic,no,no,yes,yes,yes,yes,one_year,1,credit_card_(automatic),99.25,4920.8,0
4794,0366-nqshs,male,0,0,0,2,1,no,no,no_internet_service,no_internet_service,no_internet_service,no_internet_service,no_internet_service,no_internet_service,month-to-month,0,mailed_check,19.35,46.35,0
4795,6532-ylwsi,female,0,1,0,53,1,no,no,no_internet_service,no_internet_service,no_internet_service,no_internet_service,no_internet_service,no_internet_service,one_year,0,bank_transfer_(automatic),20.8,1021.8,1
4796,3807-bpomj,female,0,1,0,55,1,no,fiber_optic,yes,no,no,no,yes,yes,one_year,1,electronic_check,94.75,5276.1,0
4797,3892-nxazg,male,0,1,1,72,1,yes,fiber_optic,yes,yes,yes,yes,yes,yes,two_year,1,credit_card_(automatic),114.05,8289.2,0
4798,4948-wbbkl,female,1,0,0,36,1,yes,fiber_optic,no,no,no,no,no,no,month-to-month,1,bank_transfer_(automatic),74.9,2659.45,0
4799,4182-bgsiq,female,0,1,1,10,1,no,no,no_internet_service,no_internet_service,no_internet_service,no_internet_service,no_internet_service,no_internet_service,month-to-month,1,bank_transfer_(automatic),19.8,196.75,0
4800,9300-agznl,male,1,0,0,1,1,yes,fiber_optic,no,no,no,no,yes,yes,month-to-month,1,electronic_check,94.0,94.0,1
4801,0988-aadsa,female,0,1,1,72,1,yes,dsl,yes,yes,yes,yes,no,yes,two_year,0,bank_transfer_(automatic),80.85,5824.75,0
4802,9972-nktfd,female,0,0,0,28,1,no,dsl,no,yes,no,yes,no,no,month-to-month,0,bank_transfer_(automatic),54.65,1517.5,0
4803,3717-lnxkw,male,0,1,0,38,1,yes,fiber_optic,yes,no,no,no,yes,no,month-to-month,0,bank_transfer_(automatic),91.7,3479.05,0
4804,5734-ejkxg,female,0,0,0,61,1,yes,fiber_optic,yes,yes,yes,yes,yes,yes,one_year,1,electronic_check,118.6,7365.7,0
4805,2207-ryyrl,male,0,1,1,52,1,yes,no,no_internet_service,no_internet_service,no_internet_service,no_internet_service,no_internet_service,no_internet_service,two_year,0,mailed_check,24.55,1331.05,0
4806,6729-fzwsy,male,0,0,0,67,1,no,no,no_internet_service,no_internet_service,no_internet_service,no_internet_service,no_internet_service,no_internet_service,one_year,1,mailed_check,19.45,1195.95,0
4807,9695-idrzr,female,0,0,1,34,1,yes,fiber_optic,yes,yes,yes,yes,yes,yes,two_year,1,credit_card_(automatic),116.15,3946.9,0
4808,8144-dghxp,female,0,0,0,54,1,no,dsl,yes,no,yes,yes,yes,yes,two_year,0,electronic_check,80.6,4299.95,0
4809,7814-leeve,female,0,1,0,1,1,no,no,no_internet_service,no_internet_service,no_internet_service,no_internet_service,no_internet_service,no_internet_service,month-to-month,1,bank_transfer_(automatic),20.3,20.3,0
4810,1112-cunao,female,1,0,0,15,1,yes,fiber_optic,no,yes,no,no,no,yes,month-to-month,0,electronic_check,89.85,1424.95,1
4811,5175-aobhi,female,0,0,0,4,1,no,dsl,no,no,no,no,no,no,month-to-month,1,mailed_check,46.0,193.6,1
4812,5174-rngbh,female,0,0,0,9,1,no,dsl,no,yes,no,yes,yes,no,month-to-month,0,mailed_check,66.25,620.55,1
4813,8631-wuxgy,female,0,0,1,46,1,no,fiber_optic,no,yes,yes,no,yes,yes,month-to-month,1,electronic_check,99.8,4391.25,0
4814,7270-bdioa,female,0,0,0,22,1,yes,fiber_optic,no,no,no,yes,yes,no,month-to-month,1,electronic_check,90.0,1993.8,1
4815,9565-jsnfm,male,0,0,0,38,1,no,fiber_optic,no,no,no,no,no,no,one_year,1,bank_transfer_(automatic),70.45,2597.6,1
4816,5906-dvapm,female,0,1,1,55,1,yes,dsl,yes,yes,no,yes,yes,no,one_year,1,credit_card_(automatic),75.0,4213.9,0
4817,6654-qgbzz,female,0,0,0,1,1,no,no,no_internet_service,no_internet_service,no_internet_service,no_internet_service,no_internet_service,no_internet_service,month-to-month,0,mailed_check,19.9,19.9,0
4818,8348-jlbug,male,1,1,0,64,1,no,fiber_optic,yes,no,yes,no,no,no,one_year,0,credit_card_(automatic),80.3,5017.7,0
4819,0607-daahe,male,0,0,1,53,1,no,no,no_internet_service,no_internet_service,no_internet_service,no_internet_service,no_internet_service,no_internet_service,two_year,0,bank_transfer_(automatic),19.75,1052.35,1
4820,5641-dmbfj,female,0,1,0,58,1,yes,dsl,yes,no,yes,yes,yes,yes,two_year,1,electronic_check,84.3,4916.4,0
4821,9200-nlnpd,male,0,1,0,56,0,no_phone_service,dsl,no,no,yes,yes,yes,yes,one_year,1,bank_transfer_(automatic),54.05,2959.8,0
4822,2664-xjzno,male,0,1,1,72,1,no,fiber_optic,yes,no,yes,yes,yes,yes,two_year,1,credit_card_(automatic),104.9,7559.55,0
4823,9732-kpkbw,male,0,0,0,1,1,no,dsl,yes,no,no,yes,no,no,month-to-month,1,electronic_check,53.95,53.95,1
4824,3339-eaqnv,male,1,1,0,72,1,yes,fiber_optic,no,yes,no,no,yes,yes,one_year,1,credit_card_(automatic),97.25,7133.1,0
4825,0921-ohlvp,male,0,0,0,22,1,yes,fiber_optic,no,no,no,no,no,yes,month-to-month,0,electronic_check,83.05,1799.3,0
4826,3389-ygyai,female,1,0,0,8,1,yes,fiber_optic,no,yes,yes,no,yes,yes,month-to-month,1,electronic_check,105.5,829.55,1
4827,9560-argqj,female,0,0,1,16,1,no,fiber_optic,no,no,no,no,yes,no,month-to-month,1,electronic_check,81.0,1312.15,1
4828,8350-nymvi,female,0,0,0,39,0,no_phone_service,dsl,no,yes,yes,yes,no,no,month-to-month,0,bank_transfer_(automatic),41.1,1597.05,0
4829,1600-dilpe,female,0,0,0,12,1,no,dsl,no,no,no,no,no,no,month-to-month,1,bank_transfer_(automatic),45.0,524.35,0
4830,0536-esjep,male,0,1,0,54,1,no,dsl,yes,yes,no,no,yes,yes,two_year,1,bank_transfer_(automatic),74.55,4191.45,0
4831,4654-gguii,female,0,0,0,18,0,no_phone_service,dsl,yes,yes,no,yes,no,no,one_year,1,mailed_check,40.2,711.95,0
4832,6478-hrrcz,male,0,1,0,32,1,no,dsl,yes,yes,no,yes,no,yes,one_year,0,mailed_check,70.5,2201.75,0
4833,8510-bbwmu,female,0,0,0,41,1,no,no,no_internet_service,no_internet_service,no_internet_service,no_internet_service,no_internet_service,no_internet_service,one_year,1,mailed_check,19.75,806.95,0
4834,6857-tkdjv,male,0,1,1,67,1,yes,no,no_internet_service,no_internet_service,no_internet_service,no_internet_service,no_internet_service,no_internet_service,two_year,0,bank_transfer_(automatic),24.65,1620.45,0
4835,2360-rdgro,male,0,1,0,65,1,yes,fiber_optic,yes,no,yes,no,yes,yes,month-to-month,1,electronic_check,104.25,6812.95,0
4836,0584-bjqgz,female,0,0,0,25,1,yes,dsl,yes,yes,yes,yes,yes,no,month-to-month,1,bank_transfer_(automatic),78.35,1837.9,0
4837,5134-ikday,female,0,1,1,1,1,no,fiber_optic,no,no,no,no,no,no,month-to-month,1,electronic_check,69.8,69.8,1
4838,1360-xfjmr,female,0,1,0,67,1,yes,fiber_optic,no,yes,yes,yes,yes,yes,one_year,1,credit_card_(automatic),109.7,7344.45,0
4839,3070-dveyc,male,1,0,0,7,1,yes,fiber_optic,no,no,no,no,no,no,month-to-month,0,mailed_check,73.75,545.15,1
4840,5730-riito,female,1,0,0,43,0,no_phone_service,dsl,yes,yes,no,no,no,no,month-to-month,1,credit_card_(automatic),33.45,1500.25,0
4841,9058-mjlzc,female,0,0,0,24,1,no,fiber_optic,yes,no,no,no,yes,yes,month-to-month,1,electronic_check,94.6,2283.15,0
4842,5707-orndz,male,1,0,0,9,1,yes,dsl,yes,no,no,no,no,no,month-to-month,0,electronic_check,54.55,494.05,1
4843,0902-xkxpn,male,0,1,1,69,1,no,no,no_internet_service,no_internet_service,no_internet_service,no_internet_service,no_internet_service,no_internet_service,two_year,0,bank_transfer_(automatic),20.2,1376.5,0
4844,5177-rvznu,female,0,0,1,37,1,no,no,no_internet_service,no_internet_service,no_internet_service,no_internet_service,no_internet_service,no_internet_service,one_year,0,bank_transfer_(automatic),20.3,755.4,0
4845,0056-epfbg,male,0,1,1,20,0,no_phone_service,dsl,yes,no,yes,yes,no,no,two_year,1,credit_card_(automatic),39.4,825.4,0
4846,8993-izeux,male,0,0,0,7,1,no,fiber_optic,no,no,no,no,no,no,month-to-month,0,bank_transfer_(automatic),69.15,488.65,0
4847,8696-jkznu,female,1,0,0,37,1,yes,fiber_optic,no,no,no,no,no,no,month-to-month,1,electronic_check,76.25,2841.55,1
4848,5380-afssk,female,0,0,0,5,1,yes,fiber_optic,no,no,no,no,yes,yes,month-to-month,1,mailed_check,93.9,486.85,1
4849,8190-ztqfb,male,0,0,0,41,0,no_phone_service,dsl,no,no,yes,no,yes,yes,one_year,1,electronic_check,51.35,2075.1,0
4850,0931-mhtem,female,0,0,0,54,1,no,fiber_optic,yes,yes,no,no,yes,yes,one_year,1,credit_card_(automatic),100.05,5299.65,0
4851,2055-pdadh,female,1,0,0,3,1,no,fiber_optic,no,no,no,no,no,no,month-to-month,1,electronic_check,70.4,204.7,1
4852,7515-lodfu,male,1,0,0,69,1,no,no,no_internet_service,no_internet_service,no_internet_service,no_internet_service,no_internet_service,no_internet_service,two_year,0,credit_card_(automatic),20.3,1356.3,0
4853,0440-uedai,female,0,0,0,53,1,no,fiber_optic,no,yes,yes,yes,no,yes,one_year,1,credit_card_(automatic),94.45,5042.75,0
4854,1337-bozwo,male,0,1,1,18,0,no_phone_service,dsl,no,yes,yes,no,yes,no,one_year,0,credit_card_(automatic),46.4,812.4,0
4855,0868-vjrdr,male,0,1,0,64,1,no,fiber_optic,yes,yes,no,yes,yes,yes,two_year,1,credit_card_(automatic),104.05,6605.55,0
4856,8714-euhjo,female,0,1,1,31,1,yes,fiber_optic,no,yes,no,no,no,yes,month-to-month,1,electronic_check,91.15,2995.45,1
4857,6344-sfjvh,female,0,0,0,20,0,no_phone_service,dsl,no,no,no,no,no,no,month-to-month,0,credit_card_(automatic),24.9,505.95,0
4858,3950-vpyjb,male,0,1,1,57,1,no,dsl,yes,yes,no,yes,no,no,one_year,0,mailed_check,59.6,3509.4,0
4859,8041-tmeid,male,1,1,0,63,1,yes,fiber_optic,yes,yes,yes,no,yes,yes,two_year,0,credit_card_(automatic),108.5,6991.9,0
4860,7321-znsla,male,0,1,1,13,0,no_phone_service,dsl,yes,yes,no,yes,no,no,two_year,0,mailed_check,40.55,590.35,0
4861,6941-kxrrv,female,1,1,0,48,1,no,dsl,no,yes,no,no,no,yes,one_year,1,bank_transfer_(automatic),58.95,2789.7,0
4862,3721-cneys,female,0,0,0,2,1,no,fiber_optic,no,no,no,no,no,no,month-to-month,1,electronic_check,70.95,137.95,1
4863,8727-jqfhv,male,0,1,1,57,1,no,no,no_internet_service,no_internet_service,no_internet_service,no_internet_service,no_internet_service,no_internet_service,two_year,0,mailed_check,20.75,1123.15,0
4864,9475-nndgc,male,0,1,0,71,1,yes,fiber_optic,no,yes,yes,yes,yes,yes,one_year,1,bank_transfer_(automatic),113.15,7953.25,0
4865,1355-kusbg,female,0,1,1,7,1,yes,dsl,no,no,no,no,no,no,month-to-month,0,electronic_check,48.8,349.8,0
4866,3688-fthlt,female,0,0,0,16,1,yes,dsl,no,no,no,no,no,yes,month-to-month,1,bank_transfer_(automatic),63.05,1067.05,0
4867,0899-liibw,male,0,1,0,34,1,yes,fiber_optic,no,no,yes,no,yes,yes,month-to-month,0,electronic_check,100.85,3527.3,0
4868,2568-oiady,female,0,1,0,37,1,yes,fiber_optic,no,no,yes,no,yes,yes,month-to-month,1,electronic_check,99.5,3762.0,1
4869,1384-rcuxw,male,0,0,0,16,1,yes,fiber_optic,no,yes,no,no,no,no,month-to-month,1,mailed_check,80.55,1248.9,0
4870,5825-xjocm,male,0,0,1,48,1,yes,dsl,yes,yes,yes,no,no,no,one_year,1,bank_transfer_(automatic),64.4,3035.35,0
4871,6848-yldfr,male,0,1,1,58,1,no,dsl,no,yes,no,yes,yes,yes,one_year,1,credit_card_(automatic),75.2,4300.8,0
4872,8125-qpfjd,female,0,1,0,72,1,yes,dsl,yes,no,yes,yes,yes,yes,two_year,1,bank_transfer_(automatic),84.9,6065.3,0
4873,2320-ykqbo,female,0,0,0,7,1,no,no,no_internet_service,no_internet_service,no_internet_service,no_internet_service,no_internet_service,no_internet_service,month-to-month,0,mailed_check,19.3,144.95,0
4874,1193-rtslk,female,0,0,0,38,1,no,fiber_optic,yes,yes,yes,no,no,no,month-to-month,1,credit_card_(automatic),83.9,3233.6,1
4875,2302-antdp,female,1,1,0,48,1,yes,fiber_optic,yes,yes,yes,yes,yes,yes,month-to-month,0,electronic_check,117.45,5438.9,1
4876,5923-gxuoc,male,0,0,0,10,1,no,fiber_optic,yes,yes,yes,no,yes,yes,month-to-month,1,electronic_check,104.4,1081.45,1
4877,4973-rlzvi,female,0,0,0,30,1,no,dsl,yes,yes,yes,yes,yes,no,one_year,0,credit_card_(automatic),74.65,2308.6,0
4878,7869-zydst,male,0,1,0,31,1,yes,dsl,no,no,no,no,yes,no,month-to-month,1,credit_card_(automatic),59.05,1882.8,0
4879,4501-uykbc,female,1,0,0,46,1,yes,dsl,no,no,yes,yes,no,yes,one_year,1,credit_card_(automatic),69.1,3255.35,0
4880,1215-exrmo,male,0,1,0,50,1,no,no,no_internet_service,no_internet_service,no_internet_service,no_internet_service,no_internet_service,no_internet_service,two_year,0,mailed_check,20.55,1067.65,0
4881,2305-mrglv,male,0,1,0,28,1,no,fiber_optic,no,no,no,yes,no,no,month-to-month,0,bank_transfer_(automatic),76.55,2065.4,0
4882,8404-viomb,female,0,0,0,66,0,no_phone_service,dsl,yes,yes,yes,yes,yes,yes,two_year,1,bank_transfer_(automatic),62.5,4136.4,0
4883,5233-geeax,male,1,0,0,8,0,no_phone_service,dsl,no,no,yes,no,no,no,month-to-month,1,electronic_check,29.4,221.9,1
4884,2359-kltek,female,0,1,1,41,1,no,fiber_optic,no,no,yes,no,yes,yes,month-to-month,1,bank_transfer_(automatic),94.9,3848.0,0
4885,5304-efjlp,male,1,1,0,72,1,yes,fiber_optic,no,yes,yes,yes,yes,yes,two_year,1,bank_transfer_(automatic),111.65,8022.85,0
4886,2673-zalnp,female,0,0,0,7,1,no,no,no_internet_service,no_internet_service,no_internet_service,no_internet_service,no_internet_service,no_internet_service,one_year,0,mailed_check,19.9,173.15,0
4887,9184-galil,female,0,1,1,38,1,no,no,no_internet_service,no_internet_service,no_internet_service,no_internet_service,no_internet_service,no_internet_service,month-to-month,0,mailed_check,20.45,781.25,0
4888,4393-rycre,male,0,0,0,44,1,no,fiber_optic,yes,yes,yes,no,yes,yes,one_year,1,electronic_check,106.05,4510.8,0
4889,9746-mdmbk,male,0,1,1,47,1,yes,fiber_optic,yes,yes,yes,yes,yes,yes,one_year,1,bank_transfer_(automatic),113.45,5317.8,0
4890,3162-zjzfu,male,0,1,1,53,1,no,fiber_optic,no,yes,no,yes,yes,no,month-to-month,1,electronic_check,92.55,4779.45,0
4891,8404-gfgcz,male,0,1,0,4,1,yes,dsl,no,no,yes,no,yes,no,month-to-month,0,electronic_check,65.6,250.1,0
4892,8875-akbyh,male,1,0,0,20,1,yes,fiber_optic,no,no,no,no,yes,no,month-to-month,1,electronic_check,84.35,1745.2,0
4893,4432-adrlb,male,0,0,0,2,1,no,dsl,no,no,no,no,no,no,month-to-month,0,mailed_check,44.65,74.9,1
4894,0533-ucaau,male,1,1,0,57,1,yes,dsl,no,yes,yes,no,yes,no,one_year,1,credit_card_(automatic),71.1,4140.1,0
4895,1394-suiuh,female,1,1,0,44,1,no,fiber_optic,yes,yes,no,yes,no,no,month-to-month,1,electronic_check,85.15,3670.5,0
4896,3521-mnklv,male,0,0,0,24,1,no,dsl,no,no,yes,no,no,no,month-to-month,1,mailed_check,49.7,1167.8,0
4897,2533-tibix,male,0,1,1,15,0,no_phone_service,dsl,yes,no,no,no,no,no,month-to-month,1,bank_transfer_(automatic),30.2,469.65,0
4898,8993-phfwd,female,0,0,0,3,0,no_phone_service,dsl,no,no,no,no,no,no,month-to-month,0,electronic_check,25.25,58.9,1
4899,1565-rhdjd,female,0,0,1,4,1,yes,fiber_optic,no,yes,yes,no,no,no,month-to-month,0,bank_transfer_(automatic),84.05,333.55,1
4900,7137-rylpp,male,1,1,0,37,1,yes,fiber_optic,no,no,no,no,yes,no,month-to-month,1,electronic_check,85.7,3171.15,1
4901,3765-jxvky,female,0,0,0,1,1,no,fiber_optic,no,yes,no,no,no,no,month-to-month,1,electronic_check,74.7,74.7,1
4902,5092-stpkp,female,0,0,0,24,1,no,dsl,yes,no,no,yes,no,no,month-to-month,0,credit_card_(automatic),56.35,1381.2,0
4903,7330-wzlnc,female,0,0,0,5,1,yes,fiber_optic,no,yes,no,no,yes,no,month-to-month,1,electronic_check,90.8,455.5,1
4904,0114-pegzz,female,0,0,0,33,1,yes,fiber_optic,no,yes,yes,no,yes,yes,month-to-month,0,electronic_check,107.55,3645.5,0
4905,3359-dsrka,female,0,1,1,58,1,no,no,no_internet_service,no_internet_service,no_internet_service,no_internet_service,no_internet_service,no_internet_service,two_year,1,mailed_check,19.85,1158.85,0
4906,8639-nhqei,female,0,1,1,72,1,yes,fiber_optic,yes,yes,no,no,yes,no,two_year,1,bank_transfer_(automatic),95.9,6954.15,0
4907,7161-dfhuf,female,0,1,0,71,1,yes,no,no_internet_service,no_internet_service,no_internet_service,no_internet_service,no_internet_service,no_internet_service,two_year,0,mailed_check,23.85,1672.1,0
4908,3957-lxolk,female,1,0,0,28,1,yes,fiber_optic,no,yes,yes,no,yes,yes,month-to-month,1,electronic_check,106.15,3152.5,1
4909,3720-dbrwl,male,0,1,0,51,1,no,dsl,yes,yes,yes,yes,yes,yes,two_year,1,credit_card_(automatic),83.85,4307.1,0
4910,6635-myyyz,female,0,0,0,30,1,no,dsl,yes,yes,yes,yes,yes,yes,one_year,0,bank_transfer_(automatic),85.35,2530.4,1
4911,8565-wuxzu,male,1,1,0,72,1,no,fiber_optic,yes,yes,no,yes,no,no,two_year,1,credit_card_(automatic),84.8,6141.65,0
4912,5281-buzgt,male,1,0,0,36,1,yes,fiber_optic,yes,no,no,no,yes,no,month-to-month,1,electronic_check,90.85,3186.7,1
4913,4994-obrsz,male,0,0,1,14,1,no,dsl,yes,yes,yes,yes,no,yes,two_year,0,bank_transfer_(automatic),76.1,1054.8,0
4914,0562-fgdcr,female,0,1,1,72,1,yes,dsl,yes,yes,no,yes,yes,no,two_year,0,mailed_check,74.55,5430.65,0
4915,2436-qbzfp,female,0,1,1,22,0,no_phone_service,dsl,no,yes,no,no,yes,no,month-to-month,0,electronic_check,39.2,849.9,0
4916,3420-yjlqt,female,0,0,0,2,1,yes,fiber_optic,no,yes,no,no,no,no,month-to-month,0,electronic_check,79.55,151.75,0
4917,6040-cgacy,female,0,0,0,15,1,no,no,no_internet_service,no_internet_service,no_internet_service,no_internet_service,no_internet_service,no_internet_service,month-to-month,0,mailed_check,19.6,299.4,0
4918,6582-plfuu,male,0,1,1,51,1,no,no,no_internet_service,no_internet_service,no_internet_service,no_internet_service,no_internet_service,no_internet_service,two_year,0,credit_card_(automatic),19.55,1086.75,0
4919,8242-pdsgj,male,0,1,0,70,0,no_phone_service,dsl,yes,no,yes,yes,no,no,two_year,1,credit_card_(automatic),39.15,2692.75,0
4920,0264-cnitk,female,0,1,1,71,1,no,no,no_internet_service,no_internet_service,no_internet_service,no_internet_service,no_internet_service,no_internet_service,two_year,0,bank_transfer_(automatic),20.1,1389.6,0
4921,0089-iiqko,female,0,1,1,39,1,yes,fiber_optic,no,no,no,yes,yes,yes,month-to-month,1,credit_card_(automatic),99.95,3767.4,0
4922,7839-nuiaa,female,0,1,1,61,1,yes,dsl,yes,yes,no,no,no,no,month-to-month,0,electronic_check,59.8,3641.5,0
4923,6075-qmnrr,female,0,0,0,52,1,no,dsl,yes,no,no,no,no,no,month-to-month,1,bank_transfer_(automatic),49.75,2535.55,0
4924,5378-ikeeg,female,0,0,0,1,0,no_phone_service,dsl,no,no,no,no,yes,no,month-to-month,1,electronic_check,35.75,35.75,1
4925,5966-emazu,male,0,1,0,64,1,yes,fiber_optic,yes,no,yes,yes,yes,yes,one_year,1,mailed_check,108.5,6880.85,0
4926,0440-ekdcf,male,0,1,0,62,1,no,dsl,no,yes,yes,yes,no,no,two_year,1,credit_card_(automatic),60.15,3753.2,0
4927,4774-hhggs,male,0,1,0,30,1,no,no,no_internet_service,no_internet_service,no_internet_service,no_internet_service,no_internet_service,no_internet_service,two_year,0,mailed_check,19.05,637.55,0
4928,2718-gaxqd,female,1,1,1,4,1,no,dsl,no,no,no,no,no,no,month-to-month,0,electronic_check,46.0,181.6,1
4929,2055-bfocc,male,1,1,0,63,1,no,dsl,yes,yes,yes,yes,yes,yes,one_year,1,bank_transfer_(automatic),84.0,5329.55,0
4930,8180-akmjv,female,0,0,0,1,1,no,dsl,no,no,no,no,no,no,month-to-month,1,credit_card_(automatic),44.55,44.55,0
4931,4298-oyifc,male,0,1,0,15,1,yes,fiber_optic,no,no,yes,yes,yes,yes,month-to-month,1,electronic_check,103.45,1539.8,0
4932,5566-soezd,male,0,1,1,27,1,no,fiber_optic,yes,yes,no,no,no,no,one_year,1,credit_card_(automatic),80.65,2209.75,0
4933,9842-efsyy,female,0,0,1,4,0,no_phone_service,dsl,yes,yes,yes,no,yes,yes,month-to-month,1,mailed_check,57.2,223.75,0
4934,2272-wuspa,female,0,1,0,72,1,yes,fiber_optic,yes,yes,yes,no,yes,yes,two_year,1,electronic_check,110.75,7751.7,0
4935,4584-lbnmk,male,1,1,0,45,1,yes,no,no_internet_service,no_internet_service,no_internet_service,no_internet_service,no_internet_service,no_internet_service,one_year,0,credit_card_(automatic),24.7,1174.35,0
4936,3898-guyts,female,1,0,0,45,1,yes,fiber_optic,yes,yes,no,yes,yes,no,month-to-month,1,electronic_check,97.05,4385.05,0
4937,0930-ehuza,female,0,0,0,36,1,no,dsl,yes,yes,yes,yes,yes,no,one_year,1,mailed_check,76.35,2606.35,0
4938,6413-xkkpu,male,0,1,1,17,1,no,fiber_optic,yes,no,yes,no,yes,no,month-to-month,1,electronic_check,89.4,1539.45,1
4939,9975-skrnr,male,0,0,0,1,1,no,no,no_internet_service,no_internet_service,no_internet_service,no_internet_service,no_internet_service,no_internet_service,month-to-month,0,mailed_check,18.9,18.9,0
4940,3703-kbkzp,male,1,0,0,16,1,yes,fiber_optic,no,no,no,no,no,no,month-to-month,1,bank_transfer_(automatic),74.45,1261.35,0
4941,1449-xqemt,male,0,0,0,3,1,no,no,no_internet_service,no_internet_service,no_internet_service,no_internet_service,no_internet_service,no_internet_service,month-to-month,1,mailed_check,19.8,58.15,1
4942,2626-urjfx,male,0,1,1,4,1,yes,dsl,no,no,no,no,no,no,month-to-month,1,electronic_check,50.9,225.6,1
4943,4973-mgton,female,0,1,0,71,1,no,dsl,yes,yes,yes,yes,yes,yes,two_year,1,credit_card_(automatic),84.4,5969.3,0
4944,3682-yeuws,male,0,1,1,10,1,yes,no,no_internet_service,no_internet_service,no_internet_service,no_internet_service,no_internet_service,no_internet_service,month-to-month,1,mailed_check,24.4,253.9,0
4945,1223-unpks,male,0,1,1,20,1,no,no,no_internet_service,no_internet_service,no_internet_service,no_internet_service,no_internet_service,no_internet_service,two_year,0,mailed_check,20.05,400.0,0
4946,2612-rridn,male,0,0,0,4,1,no,fiber_optic,no,no,no,no,yes,no,month-to-month,1,electronic_check,81.0,340.85,1
4947,4735-asgma,male,0,0,0,26,1,yes,fiber_optic,no,no,yes,no,yes,yes,month-to-month,1,electronic_check,98.35,2515.3,1
4948,3446-qdszf,female,0,0,0,4,1,no,dsl,no,no,no,no,yes,no,month-to-month,0,credit_card_(automatic),55.5,227.35,0
4949,3669-lvwzb,male,0,0,0,5,0,no_phone_service,dsl,no,yes,no,no,yes,yes,month-to-month,1,mailed_check,51.0,305.95,1
4950,6892-ezdtg,female,0,1,0,4,1,yes,fiber_optic,no,yes,no,no,yes,no,month-to-month,1,electronic_check,91.65,365.4,1
4951,5117-ifgps,male,1,1,0,29,1,yes,fiber_optic,no,no,no,no,no,yes,month-to-month,1,electronic_check,84.3,2357.75,0
4952,7379-fniuj,male,0,0,0,2,1,no,fiber_optic,yes,yes,no,no,yes,yes,month-to-month,0,electronic_check,100.2,198.5,0
4953,1627-afwvj,female,0,0,0,29,1,no,no,no_internet_service,no_internet_service,no_internet_service,no_internet_service,no_internet_service,no_internet_service,two_year,0,mailed_check,19.4,554.25,0
4954,9725-scpzg,male,0,0,1,1,1,no,fiber_optic,no,no,no,no,yes,yes,month-to-month,1,electronic_check,90.85,90.85,1
4955,5884-gcymi,male,0,0,0,1,1,no,fiber_optic,no,no,no,no,no,no,month-to-month,0,mailed_check,69.4,69.4,1
4956,3217-fzdmn,female,1,0,0,8,1,no,fiber_optic,no,no,yes,no,yes,yes,month-to-month,1,credit_card_(automatic),94.45,742.95,1
4957,4486-efaeb,male,0,0,0,13,1,no,no,no_internet_service,no_internet_service,no_internet_service,no_internet_service,no_internet_service,no_internet_service,month-to-month,1,electronic_check,20.4,251.65,0
4958,0060-fualy,female,0,1,0,59,1,yes,fiber_optic,yes,yes,no,no,yes,no,month-to-month,1,electronic_check,94.75,5597.65,0
4959,7853-gvudz,female,0,1,1,1,1,no,no,no_internet_service,no_internet_service,no_internet_service,no_internet_service,no_internet_service,no_internet_service,month-to-month,1,credit_card_(automatic),20.15,20.15,1
4960,7480-qnvzj,male,1,0,0,50,1,yes,fiber_optic,no,no,no,no,yes,yes,month-to-month,1,electronic_check,95.7,4816.7,1
4961,6954-ooyzz,male,0,1,0,18,1,no,dsl,no,no,no,no,no,no,month-to-month,1,bank_transfer_(automatic),44.35,768.05,0
4962,7088-fbawu,female,0,1,1,17,1,no,dsl,yes,yes,no,no,yes,yes,month-to-month,0,mailed_check,74.55,1215.8,0
4963,8313-afgbw,male,0,1,0,47,1,no,dsl,no,yes,yes,no,yes,yes,two_year,0,electronic_check,73.6,3522.65,0
4964,3943-kdree,female,0,0,0,26,1,yes,fiber_optic,no,no,no,no,no,no,month-to-month,1,bank_transfer_(automatic),74.95,1834.95,1
4965,9239-zbzzv,female,0,0,0,6,0,no_phone_service,dsl,no,no,yes,no,yes,yes,month-to-month,1,electronic_check,47.95,305.1,1
4966,3097-idvpu,male,0,1,1,19,1,yes,dsl,no,no,no,no,no,no,month-to-month,0,credit_card_(automatic),50.1,910.45,0
4967,4398-hscjh,female,0,0,0,3,1,yes,dsl,no,no,no,yes,yes,no,month-to-month,1,electronic_check,63.6,155.65,1
4968,2197-omwgi,female,1,1,1,68,0,no_phone_service,dsl,no,yes,yes,no,yes,yes,two_year,1,electronic_check,53.0,3656.25,0
4969,2303-pjyhn,female,0,1,0,2,1,no,no,no_internet_service,no_internet_service,no_internet_service,no_internet_service,no_internet_service,no_internet_service,month-to-month,0,bank_transfer_(automatic),19.85,52.0,0
4970,9795-vowon,male,0,0,0,7,0,no_phone_service,dsl,no,no,no,no,no,no,one_year,1,credit_card_(automatic),24.35,150.85,0
4971,1237-wiyyz,female,0,0,0,18,1,no,no,no_internet_service,no_internet_service,no_internet_service,no_internet_service,no_internet_service,no_internet_service,month-to-month,1,mailed_check,19.55,389.25,0
4972,1987-auelq,female,0,1,0,71,1,yes,no,no_internet_service,no_internet_service,no_internet_service,no_internet_service,no_internet_service,no_internet_service,two_year,0,credit_card_(automatic),25.05,1873.7,0
4973,7852-lecyp,male,1,1,0,13,1,yes,fiber_optic,yes,yes,no,no,no,yes,month-to-month,0,credit_card_(automatic),93.8,1261.0,0
4974,4430-uzipo,male,0,0,0,3,0,no_phone_service,dsl,no,yes,no,yes,no,no,month-to-month,1,mailed_check,36.85,108.7,1
4975,4822-lptyj,male,0,1,0,72,1,yes,fiber_optic,no,yes,yes,no,yes,yes,two_year,1,bank_transfer_(automatic),103.75,7346.2,0
4976,8165-cbkxo,male,0,1,1,66,0,no_phone_service,dsl,no,yes,yes,no,yes,yes,two_year,1,credit_card_(automatic),56.75,3708.4,0
4977,6527-pzfpv,male,0,1,1,24,1,no,no,no_internet_service,no_internet_service,no_internet_service,no_internet_service,no_internet_service,no_internet_service,one_year,1,credit_card_(automatic),20.8,469.65,0
4978,4855-snkmy,female,0,0,0,1,1,no,dsl,no,no,no,no,no,no,month-to-month,1,electronic_check,44.1,44.1,1
4979,9593-cvzkr,female,0,1,1,56,1,yes,no,no_internet_service,no_internet_service,no_internet_service,no_internet_service,no_internet_service,no_internet_service,two_year,1,mailed_check,24.45,1385.85,0
4980,8595-siznc,female,1,1,0,22,1,yes,no,no_internet_service,no_internet_service,no_internet_service,no_internet_service,no_internet_service,no_internet_service,one_year,0,bank_transfer_(automatic),25.6,548.8,0
4981,8008-hawed,male,0,0,0,14,0,no_phone_service,dsl,no,no,yes,no,yes,yes,month-to-month,1,electronic_check,50.75,712.75,1
4982,7124-ugsur,female,1,1,0,61,1,yes,fiber_optic,no,yes,yes,no,yes,yes,one_year,1,credit_card_(automatic),104.4,6405.0,1
4983,1862-skory,female,1,1,0,40,0,no_phone_service,dsl,no,yes,no,no,yes,no,month-to-month,1,electronic_check,39.3,1637.4,1
4984,5236-xmzjy,female,0,0,0,42,1,no,dsl,yes,yes,yes,no,no,no,month-to-month,0,bank_transfer_(automatic),59.65,2536.55,0
4985,4827-dpadn,female,0,1,1,72,1,yes,dsl,yes,no,yes,yes,yes,yes,two_year,1,bank_transfer_(automatic),83.3,6042.7,0
4986,2694-ciumo,female,0,0,0,12,1,yes,fiber_optic,no,no,no,yes,no,no,month-to-month,1,credit_card_(automatic),79.55,958.25,0
4987,5846-abobj,male,0,1,0,71,1,yes,no,no_internet_service,no_internet_service,no_internet_service,no_internet_service,no_internet_service,no_internet_service,two_year,0,bank_transfer_(automatic),24.45,1730.65,0
4988,1439-lcgvl,female,0,1,0,26,1,no,no,no_internet_service,no_internet_service,no_internet_service,no_internet_service,no_internet_service,no_internet_service,one_year,0,mailed_check,19.2,459.6,0
4989,0909-sdhnu,female,0,0,1,7,0,no_phone_service,dsl,yes,no,no,no,no,no,month-to-month,0,mailed_check,29.8,201.95,0
4990,4647-xxzam,female,0,1,1,6,1,no,dsl,no,no,no,no,no,no,month-to-month,0,mailed_check,45.5,285.2,0
4991,1502-xfcvr,female,0,0,0,58,1,no,fiber_optic,yes,yes,yes,no,yes,yes,one_year,1,electronic_check,106.45,6145.85,1
4992,7740-kkcxf,male,0,1,0,51,0,no_phone_service,dsl,no,yes,no,no,no,no,month-to-month,1,credit_card_(automatic),30.05,1529.45,0
4993,5360-xgyaz,male,0,1,1,72,0,no_phone_service,dsl,yes,yes,yes,yes,yes,yes,two_year,1,bank_transfer_(automatic),65.65,4664.5,0
4994,9692-tusxh,female,0,0,0,18,1,no,fiber_optic,yes,no,no,no,yes,yes,month-to-month,1,electronic_check,96.05,1740.7,1
4995,7912-syrqt,female,0,0,0,7,1,yes,fiber_optic,no,no,no,no,no,no,month-to-month,1,bank_transfer_(automatic),75.1,552.95,1
4996,3557-htywr,female,0,0,0,47,1,yes,dsl,yes,yes,no,yes,no,yes,two_year,0,mailed_check,74.05,3496.3,0
4997,4816-jbhov,male,1,0,0,2,1,no,dsl,no,no,no,no,no,no,month-to-month,1,electronic_check,44.7,93.7,1
4998,8920-navay,male,1,0,0,62,1,yes,fiber_optic,no,yes,yes,yes,yes,yes,one_year,1,bank_transfer_(automatic),110.75,7053.35,0
4999,1699-tldlz,female,0,1,1,16,1,no,no,no_internet_service,no_internet_service,no_internet_service,no_internet_service,no_internet_service,no_internet_service,two_year,0,mailed_check,19.7,301.55,0
5000,5600-pdujf,male,0,0,0,6,1,no,dsl,no,no,no,yes,no,no,month-to-month,1,credit_card_(automatic),49.5,312.7,0
5001,8292-tyspy,male,0,0,0,19,1,no,dsl,no,no,yes,yes,no,no,month-to-month,1,credit_card_(automatic),55.0,1046.5,1
5002,0567-xrhcu,female,0,1,1,69,0,no_phone_service,dsl,yes,no,yes,no,no,yes,two_year,1,credit_card_(automatic),43.95,2960.1,0
5003,1867-bdvfh,male,0,1,1,11,1,yes,fiber_optic,no,no,no,no,no,no,month-to-month,1,electronic_check,74.35,834.2,1
5004,2067-qytcf,female,0,1,0,64,1,yes,fiber_optic,no,yes,yes,yes,yes,yes,month-to-month,1,electronic_check,111.15,6953.4,0
5005,2359-qwqul,female,0,1,0,39,1,no,fiber_optic,yes,no,yes,yes,yes,yes,one_year,1,credit_card_(automatic),104.7,4134.85,1
5006,9103-tcihj,female,0,0,0,15,1,yes,dsl,yes,no,no,no,no,no,month-to-month,1,mailed_check,55.7,899.8,1
5007,7407-sujiz,male,0,0,0,25,1,no,no,no_internet_service,no_internet_service,no_internet_service,no_internet_service,no_internet_service,no_internet_service,month-to-month,0,mailed_check,20.6,541.5,0
5008,9150-kpbjq,female,0,0,0,6,1,no,no,no_internet_service,no_internet_service,no_internet_service,no_internet_service,no_internet_service,no_internet_service,two_year,0,credit_card_(automatic),19.65,116.85,0
5009,0052-dckon,male,0,1,0,66,1,yes,fiber_optic,yes,yes,yes,yes,yes,yes,one_year,0,bank_transfer_(automatic),115.8,7942.15,0
5010,3654-armgp,female,0,0,0,61,1,yes,dsl,no,yes,yes,yes,yes,yes,two_year,0,credit_card_(automatic),88.65,5321.25,0
5011,9699-ubqfs,female,1,1,0,43,1,yes,fiber_optic,yes,yes,no,no,yes,no,month-to-month,1,electronic_check,94.5,4156.8,0
5012,9367-tcuyn,female,0,0,0,12,1,no,no,no_internet_service,no_internet_service,no_internet_service,no_internet_service,no_internet_service,no_internet_service,month-to-month,0,mailed_check,20.1,223.6,0
5013,1261-fwtte,male,1,0,0,23,0,no_phone_service,dsl,no,no,no,no,no,yes,month-to-month,1,bank_transfer_(automatic),34.65,768.45,0
5014,3528-hfriq,male,1,1,0,71,0,no_phone_service,dsl,no,yes,yes,no,yes,yes,month-to-month,1,bank_transfer_(automatic),52.3,3765.05,0
5015,0708-sjdis,female,0,0,0,34,1,yes,dsl,no,no,no,yes,yes,no,month-to-month,0,mailed_check,65.0,2157.5,0
5016,4140-wjaww,female,0,0,0,5,1,no,no,no_internet_service,no_internet_service,no_internet_service,no_internet_service,no_internet_service,no_internet_service,month-to-month,0,credit_card_(automatic),19.85,108.05,1
5017,2073-qbvbi,female,0,1,0,41,0,no_phone_service,dsl,no,yes,no,yes,no,no,one_year,0,mailed_check,35.45,1391.65,0
5018,6928-ontrw,female,0,1,1,72,1,no,no,no_internet_service,no_internet_service,no_internet_service,no_internet_service,no_internet_service,no_internet_service,two_year,0,credit_card_(automatic),19.7,1379.8,0
5019,3320-veoyc,male,1,0,0,14,1,yes,fiber_optic,no,no,no,no,yes,yes,month-to-month,1,electronic_check,95.6,1273.3,0
5020,5231-fiqpa,female,0,0,0,41,1,no,no,no_internet_service,no_internet_service,no_internet_service,no_internet_service,no_internet_service,no_internet_service,two_year,1,mailed_check,19.85,810.45,0
5021,6617-wlbqc,female,0,1,1,23,1,yes,fiber_optic,yes,no,no,no,no,no,one_year,0,credit_card_(automatic),81.85,1810.85,0
5022,2599-cipqe,male,0,1,1,71,1,no,fiber_optic,yes,yes,yes,yes,yes,yes,two_year,0,credit_card_(automatic),109.3,7782.85,0
5023,6653-cbbom,female,0,0,0,1,1,no,fiber_optic,no,no,no,no,no,no,month-to-month,1,electronic_check,70.3,70.3,1
5024,8774-gsbun,male,0,1,0,72,1,yes,no,no_internet_service,no_internet_service,no_internet_service,no_internet_service,no_internet_service,no_internet_service,two_year,0,mailed_check,25.4,1797.1,0
5025,7326-rigqz,male,0,1,1,6,1,no,fiber_optic,no,no,no,no,no,no,month-to-month,1,electronic_check,69.8,377.85,0
5026,1401-fthfq,male,0,1,1,23,1,no,no,no_internet_service,no_internet_service,no_internet_service,no_internet_service,no_internet_service,no_internet_service,one_year,1,credit_card_(automatic),20.0,445.3,0
5027,3247-zvouo,male,1,1,0,10,1,yes,fiber_optic,no,no,no,no,no,yes,month-to-month,0,electronic_check,85.55,851.75,1
5028,0254-fnmci,female,0,0,0,72,1,no,fiber_optic,yes,yes,yes,yes,yes,yes,two_year,1,electronic_check,109.9,7624.2,0
5029,1848-lbzhy,female,0,1,0,7,1,no,dsl,yes,no,no,no,no,no,month-to-month,1,bank_transfer_(automatic),50.3,355.1,0
5030,6101-imrmm,male,0,0,1,6,1,no,fiber_optic,no,no,yes,no,yes,yes,month-to-month,0,mailed_check,94.5,575.45,1
5031,8118-tjafg,male,0,1,1,9,1,no,fiber_optic,no,yes,no,yes,yes,yes,month-to-month,1,electronic_check,101.5,906.85,0
5032,5429-lwcmv,female,0,0,0,12,1,yes,fiber_optic,no,yes,no,no,no,yes,month-to-month,1,electronic_check,89.15,1057.55,0
5033,7298-izwly,female,0,0,0,1,1,no,no,no_internet_service,no_internet_service,no_internet_service,no_internet_service,no_internet_service,no_internet_service,month-to-month,1,mailed_check,19.4,19.4,0
5034,9758-mfwgd,female,1,1,1,48,0,no_phone_service,dsl,no,yes,no,no,no,no,one_year,0,bank_transfer_(automatic),29.9,1388.75,0
5035,3955-jbzzm,male,0,0,0,20,1,no,fiber_optic,no,no,no,no,yes,no,month-to-month,0,electronic_check,78.8,1641.3,0
5036,1268-asbga,female,1,1,0,16,1,yes,fiber_optic,no,no,no,no,no,yes,month-to-month,1,credit_card_(automatic),85.35,1375.15,1
5037,8943-urtmr,female,0,0,0,2,1,no,fiber_optic,no,no,no,no,yes,no,month-to-month,1,mailed_check,79.65,152.7,1
5038,4815-tumeq,female,0,0,0,10,1,no,no,no_internet_service,no_internet_service,no_internet_service,no_internet_service,no_internet_service,no_internet_service,one_year,1,mailed_check,19.3,185.2,0
5039,4713-lzdrv,female,1,0,0,2,1,no,fiber_optic,no,no,no,no,no,yes,month-to-month,1,electronic_check,79.6,195.05,1
5040,9909-idlek,male,0,1,1,20,1,yes,fiber_optic,no,yes,no,yes,yes,no,month-to-month,0,mailed_check,96.8,1826.7,0
5041,4092-ofqzs,male,0,1,0,20,1,no,no,no_internet_service,no_internet_service,no_internet_service,no_internet_service,no_internet_service,no_internet_service,one_year,0,mailed_check,20.65,417.5,0
5042,1561-bwhin,male,0,1,1,19,1,no,no,no_internet_service,no_internet_service,no_internet_service,no_internet_service,no_internet_service,no_internet_service,one_year,0,mailed_check,19.8,344.5,0
5043,4325-nfskc,male,1,0,0,19,1,yes,fiber_optic,yes,no,no,no,yes,no,month-to-month,1,electronic_check,90.6,1660.0,1
5044,9927-dswdf,male,0,1,0,22,1,no,fiber_optic,yes,yes,no,yes,yes,yes,month-to-month,1,electronic_check,104.6,2180.55,0
5045,9500-ltvbp,female,0,0,0,35,1,yes,fiber_optic,no,no,no,yes,no,no,month-to-month,0,credit_card_(automatic),80.05,2835.9,0
5046,7252-ntgss,female,0,0,0,1,1,no,dsl,no,no,no,no,no,no,month-to-month,0,mailed_check,45.15,45.15,0
5047,8149-aiqcg,male,0,0,0,39,1,yes,fiber_optic,no,no,no,no,no,no,month-to-month,1,credit_card_(automatic),73.15,2730.85,0
5048,1360-jyxkq,female,1,1,0,54,1,no,fiber_optic,no,no,yes,yes,yes,yes,one_year,1,electronic_check,99.1,5437.1,0
5049,2955-psxoe,female,0,0,0,1,1,no,no,no_internet_service,no_internet_service,no_internet_service,no_internet_service,no_internet_service,no_internet_service,month-to-month,1,bank_transfer_(automatic),20.2,20.2,1
5050,7762-urzqh,male,0,1,0,66,1,yes,fiber_optic,yes,no,yes,no,yes,yes,two_year,1,credit_card_(automatic),106.05,6981.35,1
5051,0899-wzrsd,male,0,0,0,56,1,yes,fiber_optic,yes,no,no,yes,yes,yes,month-to-month,1,mailed_check,105.35,5794.45,0
5052,3255-grxmg,male,0,0,1,18,1,no,dsl,no,no,no,no,no,no,month-to-month,1,credit_card_(automatic),45.65,747.2,0
5053,4828-fazpk,female,0,1,1,16,1,yes,fiber_optic,no,yes,no,no,no,no,month-to-month,1,credit_card_(automatic),79.95,1267.95,0
5054,6094-zivkx,female,0,0,0,68,1,no,dsl,yes,no,yes,no,no,no,one_year,1,credit_card_(automatic),54.45,3674.95,0
5055,6925-baygl,female,1,1,0,53,1,yes,no,no_internet_service,no_internet_service,no_internet_service,no_internet_service,no_internet_service,no_internet_service,two_year,0,credit_card_(automatic),25.1,1275.6,0
5056,3262-eidhv,female,0,1,1,72,1,yes,dsl,yes,no,yes,yes,yes,yes,two_year,0,credit_card_(automatic),84.7,5893.9,0
5057,7354-oijlx,male,0,0,0,9,1,yes,fiber_optic,no,no,no,no,no,no,month-to-month,1,electronic_check,75.85,724.65,0
5058,1376-hhbdv,female,0,0,0,30,1,no,dsl,yes,no,no,no,no,no,month-to-month,1,mailed_check,48.8,1536.75,0
5059,6907-nzzij,female,0,0,0,36,1,yes,fiber_optic,no,yes,no,no,yes,yes,month-to-month,1,electronic_check,99.15,3615.6,1
5060,6133-ozile,female,0,0,0,18,0,no_phone_service,dsl,no,no,yes,yes,no,no,month-to-month,1,electronic_check,35.2,607.3,0
5061,4135-frwkj,female,1,1,1,55,1,yes,dsl,yes,no,yes,yes,yes,no,one_year,0,electronic_check,76.25,4154.55,0
5062,2911-urefd,female,0,1,0,39,0,no_phone_service,dsl,yes,no,yes,no,yes,yes,month-to-month,0,electronic_check,55.9,2184.35,1
5063,3744-zrrdz,male,0,0,0,21,1,yes,fiber_optic,no,yes,no,no,no,no,month-to-month,1,electronic_check,82.35,1852.85,1
5064,5673-tiyib,male,0,0,0,2,0,no_phone_service,dsl,no,yes,yes,yes,no,no,month-to-month,1,credit_card_(automatic),40.4,77.15,1
5065,6551-zcots,male,1,0,0,33,1,yes,no,no_internet_service,no_internet_service,no_internet_service,no_internet_service,no_internet_service,no_internet_service,one_year,1,bank_transfer_(automatic),24.9,847.8,0
5066,7191-adrgf,male,0,1,0,44,0,no_phone_service,dsl,no,yes,yes,no,yes,yes,two_year,0,bank_transfer_(automatic),54.3,2390.45,0
5067,5018-lxqqg,female,0,1,1,30,1,no,dsl,yes,no,no,yes,no,yes,month-to-month,0,bank_transfer_(automatic),66.3,1923.5,0
5068,6892-bogqe,female,0,1,0,71,1,no,no,no_internet_service,no_internet_service,no_internet_service,no_internet_service,no_internet_service,no_internet_service,two_year,1,bank_transfer_(automatic),20.9,1493.2,0
5069,1602-ijqqe,female,0,0,0,4,1,yes,fiber_optic,no,no,no,no,no,no,month-to-month,0,electronic_check,75.35,338.1,1
5070,4628-wqcqq,male,0,0,1,35,1,no,fiber_optic,no,no,yes,no,yes,no,one_year,1,electronic_check,85.15,3030.6,1
5071,1746-tgtwv,male,0,1,0,1,1,no,fiber_optic,no,no,yes,no,no,no,month-to-month,0,credit_card_(automatic),75.35,75.35,0
5072,5995-snnew,male,1,1,0,23,1,yes,fiber_optic,no,yes,yes,no,yes,yes,month-to-month,1,electronic_check,104.45,2184.85,0
5073,8050-wybnd,female,0,0,1,22,0,no_phone_service,dsl,no,no,yes,no,yes,yes,one_year,1,credit_card_(automatic),49.45,1031.4,0
5074,2821-warnz,female,0,0,1,49,1,no,no,no_internet_service,no_internet_service,no_internet_service,no_internet_service,no_internet_service,no_internet_service,one_year,0,credit_card_(automatic),19.45,921.3,0
5075,4879-gzlfh,female,0,1,1,42,1,no,fiber_optic,no,no,yes,no,yes,yes,month-to-month,1,electronic_check,92.15,3875.4,0
5076,1644-irksf,female,0,1,1,33,1,no,fiber_optic,no,no,yes,no,yes,yes,one_year,1,electronic_check,93.8,3124.5,1
5077,8314-htwve,female,0,1,1,7,1,no,no,no_internet_service,no_internet_service,no_internet_service,no_internet_service,no_internet_service,no_internet_service,two_year,0,mailed_check,19.85,144.15,0
5078,9402-roumj,female,0,1,1,67,1,yes,fiber_optic,yes,no,yes,yes,no,yes,one_year,1,bank_transfer_(automatic),100.25,6689.0,0
5079,2507-qzpqs,male,0,0,0,15,1,yes,fiber_optic,no,yes,no,yes,no,yes,month-to-month,0,electronic_check,95.7,1451.1,0
5080,7159-nokyq,male,0,1,0,67,1,yes,fiber_optic,no,yes,yes,no,no,yes,two_year,1,electronic_check,93.15,6368.2,0
5081,5707-zmdjp,male,0,1,1,53,1,no,dsl,yes,yes,no,yes,yes,no,two_year,1,mailed_check,69.7,3729.6,0
5082,8779-yiqqa,male,0,1,1,21,1,no,no,no_internet_service,no_internet_service,no_internet_service,no_internet_service,no_internet_service,no_internet_service,one_year,0,mailed_check,19.8,350.1,0
5083,7136-ihzja,female,0,1,1,40,1,no,dsl,yes,yes,no,yes,no,yes,month-to-month,1,mailed_check,71.35,2847.2,0
5084,8966-oiqhg,female,0,1,1,22,1,no,no,no_internet_service,no_internet_service,no_internet_service,no_internet_service,no_internet_service,no_internet_service,one_year,0,bank_transfer_(automatic),20.75,452.35,0
5085,7074-stdcn,male,0,0,0,39,0,no_phone_service,dsl,no,no,no,yes,no,yes,month-to-month,1,electronic_check,40.6,1494.5,0
5086,3705-psngl,male,0,0,0,45,1,no,no,no_internet_service,no_internet_service,no_internet_service,no_internet_service,no_internet_service,no_internet_service,one_year,1,electronic_check,20.4,930.45,1
5087,8739-qottn,female,0,1,0,2,1,no,no,no_internet_service,no_internet_service,no_internet_service,no_internet_service,no_internet_service,no_internet_service,month-to-month,0,mailed_check,20.35,41.85,0
5088,1399-oupjn,female,0,1,1,57,1,no,no,no_internet_service,no_internet_service,no_internet_service,no_internet_service,no_internet_service,no_internet_service,two_year,0,bank_transfer_(automatic),19.75,1272.05,0
5089,0277-bksqp,male,0,1,1,8,1,no,dsl,no,no,no,no,yes,no,month-to-month,1,electronic_check,54.4,475.1,0
5090,6502-hcjti,male,1,1,0,7,1,yes,fiber_optic,yes,yes,no,no,no,yes,month-to-month,1,credit_card_(automatic),94.7,673.1,1
5091,2606-rmdhz,male,0,0,0,6,0,no_phone_service,dsl,no,yes,no,no,no,no,month-to-month,1,credit_card_(automatic),30.5,208.7,1
5092,5774-xztqc,female,0,1,1,7,1,no,no,no_internet_service,no_internet_service,no_internet_service,no_internet_service,no_internet_service,no_internet_service,month-to-month,0,mailed_check,20.45,150.75,0
5093,2676-sslto,male,0,0,0,49,1,yes,dsl,no,no,no,yes,yes,no,two_year,1,bank_transfer_(automatic),66.15,3199.0,0
5094,6266-qhojz,female,0,0,0,65,1,yes,fiber_optic,yes,yes,no,yes,no,no,one_year,1,electronic_check,89.85,5844.65,0
5095,7269-jiscy,female,0,0,0,55,1,no,dsl,no,no,no,no,no,no,one_year,0,bank_transfer_(automatic),45.05,2462.6,0
5096,0363-svhyr,male,0,1,1,71,1,yes,dsl,yes,yes,yes,yes,yes,yes,two_year,0,bank_transfer_(automatic),86.85,6263.8,0
5097,8547-nsbbo,male,0,0,0,35,1,yes,fiber_optic,yes,yes,yes,yes,no,no,month-to-month,1,mailed_check,96.75,3403.4,0
5098,8258-gstjk,male,1,0,0,3,1,yes,fiber_optic,no,no,no,no,no,no,month-to-month,1,electronic_check,77.0,237.75,1
5099,6861-okbce,female,0,0,1,11,1,no,no,no_internet_service,no_internet_service,no_internet_service,no_internet_service,no_internet_service,no_internet_service,month-to-month,0,credit_card_(automatic),20.1,221.35,1
5100,9940-rhlfb,female,0,0,0,1,1,no,fiber_optic,no,no,yes,no,no,no,month-to-month,0,electronic_check,75.3,75.3,1
5101,6591-qgoyb,male,0,0,0,17,1,yes,fiber_optic,yes,yes,yes,yes,yes,no,month-to-month,1,bank_transfer_(automatic),106.65,1672.1,0
5102,9070-bckqp,female,0,1,0,72,1,yes,fiber_optic,yes,no,yes,yes,yes,yes,two_year,1,credit_card_(automatic),110.15,7881.2,0
5103,6421-szvem,female,0,1,1,28,1,no,fiber_optic,yes,no,no,no,no,yes,one_year,1,bank_transfer_(automatic),82.85,2320.8,0
5104,1328-euzhc,female,0,1,0,18,1,no,no,no_internet_service,no_internet_service,no_internet_service,no_internet_service,no_internet_service,no_internet_service,two_year,0,mailed_check,20.1,370.5,0
5105,2995-uprys,female,1,1,0,40,1,no,fiber_optic,no,yes,no,yes,yes,yes,one_year,1,credit_card_(automatic),99.2,4062.2,1
5106,8878-ryuki,female,0,0,0,52,1,no,dsl,no,no,yes,no,no,yes,month-to-month,1,electronic_check,59.45,3043.7,0
5107,9633-denpu,female,0,1,0,47,1,no,dsl,no,yes,no,no,yes,no,month-to-month,1,bank_transfer_(automatic),58.6,2723.4,0
5108,7811-jivpf,female,0,0,0,23,1,no,dsl,no,no,yes,no,no,no,month-to-month,0,credit_card_(automatic),49.7,1081.25,0
5109,7113-hipfi,male,0,1,1,66,1,no,dsl,yes,yes,yes,yes,no,no,two_year,0,mailed_check,65.85,4097.05,0
5110,8541-qvfkm,female,0,0,0,8,1,yes,fiber_optic,no,no,no,no,no,no,month-to-month,1,electronic_check,73.5,632.2,0
5111,6686-ypghk,male,1,0,0,47,1,no,fiber_optic,yes,no,no,no,no,yes,month-to-month,0,mailed_check,85.5,4042.3,1
5112,1383-ezrwl,female,0,0,0,7,1,no,no,no_internet_service,no_internet_service,no_internet_service,no_internet_service,no_internet_service,no_internet_service,month-to-month,0,mailed_check,20.05,164.85,1
5113,9258-cnwac,female,0,1,1,71,1,yes,fiber_optic,yes,yes,yes,yes,yes,yes,two_year,0,credit_card_(automatic),113.65,8166.8,0
5114,5371-vylsx,female,1,0,0,50,1,yes,fiber_optic,yes,yes,no,no,no,no,month-to-month,1,electronic_check,83.4,4113.7,0
5115,6374-afwox,male,0,1,0,46,1,no,dsl,yes,yes,yes,yes,no,no,two_year,0,mailed_check,65.65,3047.15,0
5116,4759-trplw,male,0,0,0,1,1,no,fiber_optic,no,no,no,no,no,no,month-to-month,0,electronic_check,70.4,70.4,1
5117,5317-flpjf,female,0,0,0,66,0,no_phone_service,dsl,yes,no,yes,yes,yes,yes,two_year,1,bank_transfer_(automatic),61.35,4193.4,0
5118,7621-vpnet,female,0,1,0,42,1,yes,fiber_optic,no,no,yes,yes,no,no,month-to-month,1,credit_card_(automatic),85.9,3729.75,0
5119,6034-ymtob,female,0,0,0,5,1,no,fiber_optic,no,no,no,yes,no,no,month-to-month,1,mailed_check,75.65,399.45,0
5120,8563-iioxk,male,0,1,1,7,1,no,dsl,yes,no,no,no,no,no,one_year,1,electronic_check,49.75,331.3,1
5121,4903-cnozc,male,0,0,0,29,1,yes,dsl,no,yes,yes,no,no,yes,one_year,0,credit_card_(automatic),70.9,1964.6,0
5122,4353-hyojd,female,0,1,1,27,1,no,dsl,no,yes,no,no,no,no,month-to-month,0,mailed_check,49.85,1336.15,0
5123,8020-bwhyl,female,1,0,0,15,1,no,fiber_optic,no,yes,no,no,no,no,month-to-month,1,credit_card_(automatic),75.3,1147.45,1
5124,7267-frmjw,female,0,1,1,25,1,no,no,no_internet_service,no_internet_service,no_internet_service,no_internet_service,no_internet_service,no_internet_service,two_year,0,mailed_check,20.1,486.05,0
5125,2982-vpsgi,female,0,1,0,11,1,yes,fiber_optic,no,no,no,no,yes,yes,month-to-month,1,electronic_check,94.0,1078.9,1
5126,4188-frabg,male,0,1,0,57,1,yes,fiber_optic,yes,yes,yes,yes,yes,no,month-to-month,1,electronic_check,103.05,5925.75,0
5127,8199-zllsa,male,0,0,0,67,1,yes,fiber_optic,yes,yes,yes,yes,yes,yes,one_year,1,bank_transfer_(automatic),118.35,7804.15,1
5128,4128-etesu,female,1,1,0,47,1,yes,fiber_optic,no,no,yes,no,yes,yes,month-to-month,0,electronic_check,99.7,4747.2,0
5129,0620-dlslk,female,0,0,0,13,1,no,fiber_optic,no,no,no,no,yes,no,month-to-month,1,mailed_check,81.9,1028.9,0
5130,4625-ewptf,male,0,0,0,8,0,no_phone_service,dsl,yes,no,no,no,no,no,month-to-month,1,electronic_check,30.45,226.45,1
5131,5980-noplp,female,0,1,0,44,1,yes,fiber_optic,no,no,no,no,yes,yes,month-to-month,1,electronic_check,96.1,4364.1,1
5132,3850-okinf,male,0,1,1,71,1,yes,dsl,yes,no,no,no,yes,no,one_year,1,electronic_check,66.2,4692.55,0
5133,6892-xpfpu,male,1,1,0,24,1,yes,fiber_optic,no,yes,yes,no,yes,yes,month-to-month,1,electronic_check,104.25,2433.9,1
5134,8010-ezlou,male,1,0,0,15,1,yes,fiber_optic,no,yes,no,no,no,no,month-to-month,1,electronic_check,80.2,1217.25,1
5135,1156-zfydo,female,0,0,0,1,1,no,no,no_internet_service,no_internet_service,no_internet_service,no_internet_service,no_internet_service,no_internet_service,month-to-month,0,electronic_check,19.75,19.75,0
5136,3295-yvusr,male,1,0,0,2,1,yes,fiber_optic,no,no,no,no,no,no,month-to-month,1,mailed_check,72.6,154.3,0
5137,8016-ncfvo,male,1,0,0,55,1,yes,fiber_optic,yes,yes,yes,yes,yes,yes,month-to-month,1,electronic_check,116.5,6382.55,0
5138,4119-zypzy,male,1,0,0,71,1,yes,fiber_optic,no,yes,no,yes,yes,yes,two_year,1,electronic_check,106.8,7623.2,0
5139,5549-zghfb,male,0,1,1,50,1,yes,no,no_internet_service,no_internet_service,no_internet_service,no_internet_service,no_internet_service,no_internet_service,two_year,0,mailed_check,24.95,1261.45,0
5140,7577-swifr,male,0,0,0,1,1,no,fiber_optic,no,no,no,no,yes,yes,month-to-month,1,electronic_check,89.25,89.25,0
5141,0303-wmmrn,male,0,0,0,5,1,no,no,no_internet_service,no_internet_service,no_internet_service,no_internet_service,no_internet_service,no_internet_service,month-to-month,1,mailed_check,19.25,86.05,0
5142,6408-otubz,female,0,0,0,66,1,yes,fiber_optic,yes,yes,yes,yes,yes,no,one_year,1,bank_transfer_(automatic),104.55,6779.05,0
5143,5204-hmgyf,female,0,1,1,49,1,no,dsl,yes,yes,yes,yes,yes,yes,one_year,1,mailed_check,87.2,4345.0,0
5144,1078-tdcrn,female,1,1,0,3,0,no_phone_service,dsl,no,yes,no,no,no,no,month-to-month,1,electronic_check,30.75,82.85,0
5145,3727-ovpry,male,0,1,1,66,1,yes,no,no_internet_service,no_internet_service,no_internet_service,no_internet_service,no_internet_service,no_internet_service,one_year,1,credit_card_(automatic),25.7,1714.55,0
5146,3797-fkogq,male,0,0,1,11,1,yes,fiber_optic,no,no,no,no,no,yes,month-to-month,0,electronic_check,86.2,893.2,0
5147,7622-nxqzr,male,0,0,0,28,0,no_phone_service,dsl,no,no,no,yes,no,no,month-to-month,1,credit_card_(automatic),30.1,810.85,0
5148,6196-hbobz,male,0,1,0,65,1,yes,fiber_optic,yes,yes,yes,no,yes,no,two_year,1,electronic_check,99.35,6347.55,0
5149,3970-xgjdu,female,0,0,0,62,1,no,no,no_internet_service,no_internet_service,no_internet_service,no_internet_service,no_internet_service,no_internet_service,two_year,1,credit_card_(automatic),19.2,1123.65,0
5150,7017-vfuly,female,0,1,0,2,1,no,no,no_internet_service,no_internet_service,no_internet_service,no_internet_service,no_internet_service,no_internet_service,month-to-month,0,bank_transfer_(automatic),20.1,43.15,0
5151,5562-yjqgt,female,0,0,0,2,1,no,no,no_internet_service,no_internet_service,no_internet_service,no_internet_service,no_internet_service,no_internet_service,month-to-month,0,credit_card_(automatic),20.35,35.1,0
5152,8807-opmbm,female,0,1,1,55,1,yes,no,no_internet_service,no_internet_service,no_internet_service,no_internet_service,no_internet_service,no_internet_service,two_year,1,credit_card_(automatic),25.65,1388.0,0
5153,5439-wikxb,male,1,1,0,41,1,no,fiber_optic,no,yes,no,no,yes,yes,month-to-month,1,electronic_check,94.55,3851.45,0
5154,9874-qlclh,female,0,1,1,17,1,yes,fiber_optic,yes,no,yes,no,yes,yes,month-to-month,1,electronic_check,104.2,1743.5,1
5155,8294-uimba,female,0,0,0,30,1,no,fiber_optic,no,no,no,yes,yes,yes,one_year,1,bank_transfer_(automatic),94.4,2638.1,0
5156,8109-yuohe,male,0,0,0,17,1,no,dsl,yes,yes,no,no,no,no,one_year,0,mailed_check,56.1,946.95,0
5157,5840-nvdcg,female,0,1,1,16,1,no,dsl,yes,yes,no,yes,no,yes,two_year,0,bank_transfer_(automatic),68.25,1114.85,0
5158,8092-nltgf,male,0,0,0,72,1,yes,no,no_internet_service,no_internet_service,no_internet_service,no_internet_service,no_internet_service,no_internet_service,two_year,0,bank_transfer_(automatic),24.75,1777.6,0
5159,5928-qldhb,male,0,0,0,9,1,yes,fiber_optic,no,no,no,no,no,no,month-to-month,1,electronic_check,76.25,684.85,0
5160,9840-efjqb,female,0,0,0,1,1,no,fiber_optic,no,yes,no,no,no,no,month-to-month,0,electronic_check,74.35,74.35,0
5161,0696-uktox,male,0,0,1,23,1,no,dsl,no,yes,no,yes,no,no,month-to-month,0,electronic_check,54.15,1312.45,0
5162,4801-kfykl,male,0,0,1,8,1,no,no,no_internet_service,no_internet_service,no_internet_service,no_internet_service,no_internet_service,no_internet_service,month-to-month,0,bank_transfer_(automatic),19.45,159.2,0
5163,3472-oaoor,male,0,1,1,19,0,no_phone_service,dsl,yes,yes,no,no,no,no,month-to-month,1,mailed_check,34.95,610.2,0
5164,6135-ozqva,female,0,0,0,7,1,yes,dsl,yes,no,no,no,no,no,month-to-month,1,electronic_check,53.65,404.35,0
5165,8062-ybdoe,male,1,0,0,1,1,no,fiber_optic,no,no,no,no,no,no,month-to-month,1,electronic_check,69.65,69.65,1
5166,2252-jhjge,male,0,0,0,61,1,yes,fiber_optic,yes,no,yes,no,yes,yes,one_year,0,electronic_check,104.0,6363.45,0
5167,4188-pcpig,female,0,1,0,57,1,no,dsl,yes,yes,no,yes,yes,no,two_year,1,credit_card_(automatic),70.35,4124.65,0
5168,6000-apylu,male,0,0,0,9,1,no,fiber_optic,no,no,no,no,no,yes,month-to-month,1,electronic_check,80.8,713.1,1
5169,7105-benqf,male,0,0,1,15,1,no,dsl,yes,no,yes,no,no,yes,one_year,0,mailed_check,64.85,950.75,0
5170,7721-dvekz,female,0,0,0,1,1,no,no,no_internet_service,no_internet_service,no_internet_service,no_internet_service,no_internet_service,no_internet_service,month-to-month,0,mailed_check,19.65,19.65,0
5171,3566-vvorz,female,0,1,0,12,1,no,dsl,no,no,no,no,no,no,month-to-month,0,bank_transfer_(automatic),45.9,505.95,0
5172,9507-hsmmz,male,0,0,0,54,1,no,no,no_internet_service,no_internet_service,no_internet_service,no_internet_service,no_internet_service,no_internet_service,two_year,0,mailed_check,20.0,1149.65,0
5173,2480-sqiob,male,0,1,1,4,1,no,dsl,no,no,no,no,no,no,month-to-month,0,electronic_check,44.8,169.65,0
5174,0947-idhrq,female,0,0,0,7,1,no,fiber_optic,no,no,no,no,yes,no,month-to-month,1,mailed_check,80.3,526.7,1
5175,7813-tkcvo,female,0,1,0,20,1,no,no,no_internet_service,no_internet_service,no_internet_service,no_internet_service,no_internet_service,no_internet_service,one_year,0,mailed_check,20.35,393.15,0
5176,0128-mkwsg,female,0,0,1,26,0,no_phone_service,dsl,yes,no,no,yes,no,yes,month-to-month,0,mailed_check,45.8,1147.0,0
5177,3672-yitqd,male,1,1,0,36,1,yes,fiber_optic,no,no,no,no,no,yes,month-to-month,1,electronic_check,84.1,3021.6,1
5178,4350-ztlpi,female,0,1,0,53,1,yes,fiber_optic,no,yes,yes,yes,yes,yes,one_year,1,bank_transfer_(automatic),108.95,5718.2,0
5179,9048-jvyvf,male,0,0,0,3,1,no,dsl,no,no,no,yes,yes,yes,month-to-month,1,electronic_check,69.35,191.35,1
5180,0361-hjrdx,female,0,0,0,68,0,no_phone_service,dsl,yes,yes,yes,yes,yes,yes,two_year,0,credit_card_(automatic),64.35,4539.6,0
5181,5727-myate,male,0,1,1,72,1,yes,dsl,yes,yes,yes,yes,yes,yes,two_year,1,credit_card_(automatic),90.8,6397.6,0
5182,3823-kynqy,male,0,0,0,12,1,yes,no,no_internet_service,no_internet_service,no_internet_service,no_internet_service,no_internet_service,no_internet_service,one_year,0,credit_card_(automatic),24.95,280.4,0
5183,8988-ecpjr,female,1,1,1,34,1,yes,fiber_optic,no,yes,no,no,no,no,month-to-month,1,mailed_check,79.6,2718.3,1
5184,7570-welny,female,0,1,0,68,1,yes,fiber_optic,yes,yes,no,no,no,no,two_year,1,bank_transfer_(automatic),84.7,5711.05,0
5185,3021-vlnrj,female,0,0,1,50,1,no,dsl,yes,no,yes,yes,yes,no,one_year,1,credit_card_(automatic),70.8,3478.15,0
5186,3776-ektkm,female,1,0,0,1,0,no_phone_service,dsl,no,no,no,no,yes,no,month-to-month,1,electronic_check,36.45,36.45,1
5187,2080-caznm,female,1,0,0,41,1,yes,fiber_optic,no,yes,yes,no,yes,yes,month-to-month,1,electronic_check,104.4,4133.95,0
5188,1028-ffnjk,male,1,1,0,30,1,yes,fiber_optic,no,no,no,yes,yes,yes,month-to-month,1,electronic_check,101.5,2917.65,0
5189,6907-flber,male,0,0,0,1,1,yes,dsl,no,yes,no,no,no,no,month-to-month,0,electronic_check,54.3,54.3,0
5190,3001-unbtl,male,1,1,1,29,1,yes,fiber_optic,no,no,yes,no,yes,yes,month-to-month,1,electronic_check,103.95,2964.8,0
5191,5982-psmkw,female,0,1,1,23,1,yes,dsl,yes,yes,yes,yes,yes,yes,two_year,1,credit_card_(automatic),91.1,2198.3,0
5192,3507-gasnp,male,0,0,1,60,1,no,no,no_internet_service,no_internet_service,no_internet_service,no_internet_service,no_internet_service,no_internet_service,two_year,0,mailed_check,19.95,1189.9,0
5193,7096-znbzi,female,0,1,0,72,1,yes,no,no_internet_service,no_internet_service,no_internet_service,no_internet_service,no_internet_service,no_internet_service,two_year,0,credit_card_(automatic),26.45,1914.5,0
5194,1902-xbtfb,male,0,0,1,22,1,no,fiber_optic,no,yes,yes,no,yes,no,month-to-month,1,electronic_check,89.4,2001.5,1
5195,1676-mqaoa,male,0,0,0,72,1,no,dsl,yes,yes,yes,yes,yes,no,two_year,1,bank_transfer_(automatic),75.1,5336.35,0
5196,0786-ivlaw,female,1,0,0,66,1,yes,fiber_optic,no,yes,yes,no,yes,yes,one_year,0,bank_transfer_(automatic),108.1,7238.6,0
5197,7566-dsrlq,female,0,1,0,72,1,yes,fiber_optic,no,yes,yes,yes,yes,yes,two_year,1,electronic_check,110.15,7998.8,0
5198,0643-oklrp,female,1,1,0,47,1,yes,fiber_optic,yes,no,no,no,no,no,month-to-month,0,electronic_check,80.35,3825.85,1
5199,7245-jmttq,female,0,0,0,51,1,yes,fiber_optic,no,yes,yes,yes,yes,yes,one_year,1,electronic_check,111.5,5703.25,0
5200,6050-ijrhs,female,0,1,1,70,1,yes,fiber_optic,no,yes,yes,no,yes,yes,one_year,1,electronic_check,106.5,7397.0,0
5201,6202-jvyeu,male,0,0,0,9,1,no,no,no_internet_service,no_internet_service,no_internet_service,no_internet_service,no_internet_service,no_internet_service,one_year,1,electronic_check,19.9,164.6,0
5202,8591-tkmzh,male,0,1,1,59,1,yes,fiber_optic,yes,yes,no,yes,yes,yes,two_year,1,mailed_check,111.1,6555.2,0
5203,0734-oxwbt,male,0,0,1,3,1,no,dsl,no,no,no,yes,yes,yes,month-to-month,0,mailed_check,70.7,225.65,0
5204,4282-acrxs,male,1,1,0,38,0,no_phone_service,dsl,no,no,no,no,no,no,month-to-month,1,electronic_check,24.85,955.75,0
5205,0365-trtpy,female,0,0,0,37,1,yes,fiber_optic,yes,yes,yes,no,no,no,month-to-month,0,bank_transfer_(automatic),91.2,3382.3,0
5206,7349-almux,male,0,0,0,37,1,no,dsl,yes,yes,yes,yes,no,no,two_year,0,bank_transfer_(automatic),65.6,2313.8,0
5207,9381-ndkme,female,1,1,0,24,0,no_phone_service,dsl,no,no,yes,no,no,yes,month-to-month,1,credit_card_(automatic),40.65,933.3,1
5208,6502-kugll,female,0,1,1,14,1,no,dsl,yes,yes,no,yes,no,no,month-to-month,0,bank_transfer_(automatic),59.45,780.85,0
5209,1841-ysjgv,male,0,1,0,72,1,yes,fiber_optic,yes,yes,no,yes,yes,yes,two_year,1,credit_card_(automatic),109.95,7852.4,0
5210,2794-ximmo,male,0,1,0,53,0,no_phone_service,dsl,no,yes,yes,yes,yes,yes,one_year,1,electronic_check,60.45,3184.25,1
5211,8382-shqeh,female,0,1,0,8,1,yes,fiber_optic,no,no,no,no,no,yes,month-to-month,1,electronic_check,84.9,764.95,1
5212,3511-bftjw,male,0,1,1,72,0,no_phone_service,dsl,yes,yes,yes,no,no,no,two_year,0,credit_card_(automatic),38.5,2763.0,0
5213,7668-xcfyv,female,1,1,0,17,1,yes,fiber_optic,no,no,no,no,yes,yes,month-to-month,1,electronic_check,92.55,1614.7,0
5214,2983-zanrp,female,0,1,1,2,1,no,fiber_optic,no,yes,no,no,no,no,month-to-month,1,bank_transfer_(automatic),73.55,145.4,1
5215,7845-urhjn,female,0,1,0,8,1,no,no,no_internet_service,no_internet_service,no_internet_service,no_internet_service,no_internet_service,no_internet_service,month-to-month,0,bank_transfer_(automatic),20.15,156.25,1
5216,3034-zbeqn,female,0,1,0,48,0,no_phone_service,dsl,no,yes,yes,no,no,no,one_year,0,mailed_check,34.7,1604.5,1
5217,5018-hekfo,female,0,0,0,10,1,yes,no,no_internet_service,no_internet_service,no_internet_service,no_internet_service,no_internet_service,no_internet_service,month-to-month,1,mailed_check,24.5,270.15,0
5218,2923-arzlg,male,0,1,1,0,1,no,no,no_internet_service,no_internet_service,no_internet_service,no_internet_service,no_internet_service,no_internet_service,one_year,1,mailed_check,19.7,1397.475,0
5219,3976-nldez,male,0,0,0,1,1,no,no,no_internet_service,no_internet_service,no_internet_service,no_internet_service,no_internet_service,no_internet_service,month-to-month,0,mailed_check,20.6,20.6,0
5220,2282-ygnor,female,0,0,0,29,1,no,dsl,yes,no,yes,yes,no,no,one_year,0,credit_card_(automatic),58.0,1734.5,0
5221,5336-ufnzp,female,1,1,1,65,1,yes,fiber_optic,no,yes,yes,no,yes,yes,one_year,1,electronic_check,107.45,7047.5,0
5222,6854-exgsf,female,0,0,0,8,1,yes,dsl,yes,yes,yes,no,no,no,month-to-month,1,bank_transfer_(automatic),65.5,573.15,0
5223,1241-ezfmj,male,0,1,0,61,1,yes,no,no_internet_service,no_internet_service,no_internet_service,no_internet_service,no_internet_service,no_internet_service,two_year,0,bank_transfer_(automatic),25.45,1538.6,0
5224,9233-psyho,female,1,0,0,45,1,yes,fiber_optic,no,no,yes,no,yes,yes,one_year,1,bank_transfer_(automatic),100.15,4459.8,0
5225,5376-pcknb,male,0,1,1,72,1,yes,fiber_optic,no,yes,yes,no,yes,yes,one_year,1,credit_card_(automatic),104.45,7459.0,0
5226,8044-bgwpi,male,0,1,1,12,1,no,no,no_internet_service,no_internet_service,no_internet_service,no_internet_service,no_internet_service,no_internet_service,month-to-month,1,electronic_check,21.15,306.05,0
5227,4060-ldnlu,male,0,0,0,7,1,yes,fiber_optic,no,no,no,no,yes,yes,month-to-month,0,electronic_check,96.2,639.7,0
5228,3589-ppvkw,male,0,0,0,9,1,no,dsl,no,no,no,no,no,no,month-to-month,1,mailed_check,44.4,348.15,0
5229,8327-lzkas,female,1,1,0,43,1,yes,fiber_optic,no,no,yes,yes,yes,yes,one_year,1,electronic_check,107.55,4533.9,1
5230,5887-ikkyo,male,0,1,1,58,1,yes,fiber_optic,no,no,yes,yes,no,yes,two_year,0,bank_transfer_(automatic),94.35,5563.65,0
5231,1075-bgwoh,male,1,1,0,16,1,yes,fiber_optic,no,no,yes,no,yes,yes,month-to-month,1,electronic_check,98.75,1587.55,1
5232,1755-rmcxh,male,0,1,1,2,1,no,no,no_internet_service,no_internet_service,no_internet_service,no_internet_service,no_internet_service,no_internet_service,month-to-month,0,mailed_check,20.3,40.25,0
5233,0302-joivn,female,0,1,0,8,1,no,fiber_optic,no,yes,yes,no,yes,yes,month-to-month,0,electronic_check,101.15,842.9,1
5234,3858-xhyjo,female,0,1,0,40,1,yes,fiber_optic,yes,no,yes,no,yes,yes,one_year,0,bank_transfer_(automatic),105.75,4228.55,0
5235,4299-simns,male,0,0,0,9,1,yes,fiber_optic,yes,no,no,no,no,no,month-to-month,1,electronic_check,81.15,784.45,0
5236,7025-iwfht,male,0,0,0,41,1,no,fiber_optic,no,yes,no,yes,yes,no,one_year,1,electronic_check,89.55,3729.75,0
5237,6261-lhrtg,female,0,0,0,26,1,no,dsl,no,yes,yes,no,no,no,month-to-month,1,credit_card_(automatic),54.75,1406.9,0
5238,7841-fcrqd,female,0,1,0,33,1,no,dsl,no,yes,no,yes,no,no,one_year,1,credit_card_(automatic),53.75,1857.3,0
5239,2056-evgzl,male,0,1,1,68,1,no,fiber_optic,no,yes,yes,yes,yes,yes,one_year,0,credit_card_(automatic),105.75,7322.5,0
5240,8777-mbmts,female,1,1,0,65,1,no,fiber_optic,no,yes,yes,yes,yes,yes,two_year,1,credit_card_(automatic),105.85,6725.5,0
5241,7753-usqyq,male,0,0,0,55,1,no,dsl,no,yes,no,yes,no,yes,one_year,1,electronic_check,64.2,3627.3,0
5242,5366-ijeqj,male,0,0,0,20,1,yes,fiber_optic,no,no,yes,no,yes,no,month-to-month,1,electronic_check,88.7,1761.45,1
5243,7661-cpurm,male,0,0,0,19,1,no,fiber_optic,no,no,no,yes,no,yes,one_year,1,credit_card_(automatic),87.7,1725.95,0
5244,6233-hxjmx,female,0,0,0,45,1,yes,fiber_optic,no,no,yes,no,no,yes,month-to-month,1,credit_card_(automatic),89.3,4192.15,0
5245,5902-wblse,female,0,1,1,70,1,no,no,no_internet_service,no_internet_service,no_internet_service,no_internet_service,no_internet_service,no_internet_service,two_year,1,credit_card_(automatic),20.15,1411.2,0
5246,1981-inrfu,female,0,0,0,2,1,no,fiber_optic,no,no,no,no,yes,no,month-to-month,1,electronic_check,79.75,164.5,1
5247,4971-puyqo,female,0,0,0,27,1,yes,fiber_optic,no,no,no,no,yes,yes,month-to-month,1,mailed_check,94.55,2724.6,1
5248,3239-tphpz,female,0,1,0,12,1,no,no,no_internet_service,no_internet_service,no_internet_service,no_internet_service,no_internet_service,no_internet_service,two_year,1,electronic_check,20.05,264.55,0
5249,5115-gzdel,male,0,0,1,72,0,no_phone_service,dsl,yes,yes,yes,yes,yes,yes,two_year,0,credit_card_(automatic),67.2,4671.7,0
5250,3338-cvveh,male,0,0,0,12,1,yes,fiber_optic,no,no,no,no,yes,yes,month-to-month,0,electronic_check,94.55,1173.55,0
5251,8485-gjcdn,female,1,0,0,5,1,no,fiber_optic,no,no,no,no,no,no,month-to-month,1,mailed_check,69.05,318.5,1
5252,2615-yvmyx,male,1,1,0,71,1,yes,fiber_optic,yes,yes,yes,no,yes,yes,month-to-month,1,electronic_check,107.5,7713.55,0
5253,2851-sterv,male,1,0,0,35,1,no,dsl,no,no,yes,yes,yes,yes,one_year,1,electronic_check,73.0,2471.25,0
5254,4393-geadv,male,0,1,1,70,1,yes,fiber_optic,yes,yes,yes,yes,yes,yes,two_year,0,credit_card_(automatic),114.75,7842.3,0
5255,8486-ayeqh,female,0,0,0,31,1,yes,fiber_optic,no,no,no,no,no,no,month-to-month,1,electronic_check,76.05,2227.8,0
5256,1527-sxdpn,male,0,1,1,52,1,yes,fiber_optic,no,no,yes,yes,no,yes,two_year,1,bank_transfer_(automatic),96.25,4990.25,1
5257,6029-wtipc,male,1,0,0,37,1,yes,fiber_optic,no,no,yes,no,yes,yes,month-to-month,1,electronic_check,101.1,3744.05,1
5258,8634-cilsz,male,0,0,0,69,1,yes,fiber_optic,no,yes,no,yes,yes,yes,one_year,1,bank_transfer_(automatic),104.7,7220.35,1
5259,5419-jkznq,male,1,1,0,30,1,yes,fiber_optic,no,no,no,no,no,no,month-to-month,0,mailed_check,77.9,2351.45,0
5260,2495-kznfb,female,0,0,0,33,1,yes,fiber_optic,yes,no,no,no,no,yes,month-to-month,1,electronic_check,90.65,2989.6,0
5261,1409-phxtf,male,1,1,0,54,1,yes,fiber_optic,no,yes,yes,yes,yes,yes,two_year,1,electronic_check,110.45,6077.75,0
5262,4560-wqaqw,female,0,0,0,59,1,yes,dsl,yes,no,no,yes,no,yes,one_year,0,bank_transfer_(automatic),68.7,4070.95,0
5263,9591-yvteb,male,1,0,0,55,0,no_phone_service,dsl,yes,yes,no,no,yes,no,month-to-month,1,electronic_check,44.85,2479.05,0
5264,9309-bzgnt,male,1,1,0,69,0,no_phone_service,dsl,no,no,yes,no,no,no,one_year,1,credit_card_(automatic),29.8,2134.3,0
5265,4274-drsqt,female,0,0,0,66,1,yes,fiber_optic,no,yes,no,no,yes,no,one_year,1,bank_transfer_(automatic),88.9,6000.1,0
5266,2027-dnkiv,male,0,1,1,37,1,no,dsl,yes,no,yes,yes,no,no,one_year,1,mailed_check,58.75,2203.1,0
5267,8075-gxiub,male,1,1,0,9,1,no,no,no_internet_service,no_internet_service,no_internet_service,no_internet_service,no_internet_service,no_internet_service,one_year,0,credit_card_(automatic),19.85,183.15,0
5268,2885-hijdh,male,0,1,1,69,1,yes,dsl,yes,no,yes,yes,yes,yes,two_year,0,bank_transfer_(automatic),86.9,6194.1,0
5269,5424-rlqlc,male,0,0,0,10,1,no,dsl,no,yes,no,no,yes,no,month-to-month,1,mailed_check,59.65,638.95,0
5270,6682-qjdgb,male,0,0,1,40,1,no,dsl,yes,yes,no,no,no,no,month-to-month,1,mailed_check,55.25,2139.2,1
5271,6507-dtjzv,male,0,0,1,13,1,no,dsl,no,no,no,no,yes,yes,month-to-month,0,credit_card_(automatic),66.4,831.75,0
5272,8780-ixsts,female,0,0,0,6,1,yes,fiber_optic,no,yes,no,no,yes,no,month-to-month,1,electronic_check,90.1,521.3,1
5273,7673-bqgku,female,0,1,1,69,1,no,no,no_internet_service,no_internet_service,no_internet_service,no_internet_service,no_internet_service,no_internet_service,two_year,0,bank_transfer_(automatic),20.15,1337.5,0
5274,6723-wsnty,female,1,1,0,66,1,yes,fiber_optic,no,yes,yes,yes,yes,yes,one_year,1,credit_card_(automatic),108.1,7181.95,0
5275,9530-ehpoh,male,0,0,0,11,1,yes,dsl,no,no,yes,no,no,no,month-to-month,0,electronic_check,53.75,608.0,1
5276,2725-iwwba,male,0,1,1,46,1,no,dsl,yes,no,yes,yes,no,no,one_year,0,mailed_check,56.9,2560.1,0
5277,0345-hkjvm,female,0,0,0,6,1,no,fiber_optic,no,no,no,no,yes,yes,month-to-month,0,electronic_check,89.3,577.6,1
5278,1061-pnthc,female,0,1,1,56,1,yes,fiber_optic,yes,no,yes,yes,yes,yes,month-to-month,1,mailed_check,109.6,5953.0,0
5279,0394-yondk,male,0,1,1,70,1,yes,no,no_internet_service,no_internet_service,no_internet_service,no_internet_service,no_internet_service,no_internet_service,two_year,0,credit_card_(automatic),25.15,1790.15,0
5280,6574-mcoeh,female,0,1,1,33,1,yes,dsl,no,no,yes,yes,yes,yes,one_year,1,electronic_check,79.15,2531.4,0
5281,7399-qhbjs,female,0,1,1,72,1,yes,dsl,yes,yes,no,yes,no,no,two_year,0,credit_card_(automatic),66.75,4760.3,0
5282,3049-solay,female,0,1,0,3,1,yes,fiber_optic,no,no,no,no,yes,yes,month-to-month,1,electronic_check,95.2,292.85,1
5283,0997-ytlny,female,0,0,1,19,1,no,dsl,no,no,no,yes,no,no,month-to-month,0,mailed_check,48.8,953.65,0
5284,3317-hrtnn,female,1,0,0,5,0,no_phone_service,dsl,no,no,no,no,yes,yes,month-to-month,0,electronic_check,45.7,198.0,1
5285,9479-hynyl,female,0,1,0,71,1,no,dsl,no,yes,yes,yes,yes,yes,two_year,1,credit_card_(automatic),80.7,5705.05,0
5286,3235-etoob,male,0,1,0,8,1,no,fiber_optic,yes,no,no,no,no,no,month-to-month,1,electronic_check,74.5,609.9,1
5287,9708-kfdby,male,0,0,0,1,1,no,no,no_internet_service,no_internet_service,no_internet_service,no_internet_service,no_internet_service,no_internet_service,month-to-month,0,credit_card_(automatic),20.55,20.55,0
5288,8058-intph,female,0,0,0,1,1,no,fiber_optic,no,no,no,no,yes,no,month-to-month,1,electronic_check,79.65,79.65,1
5289,3642-gktct,female,0,0,0,61,1,yes,fiber_optic,yes,yes,yes,yes,yes,yes,one_year,1,mailed_check,115.1,6993.65,0
5290,0774-rmnuw,female,0,1,1,71,0,no_phone_service,dsl,yes,yes,no,yes,yes,yes,two_year,0,bank_transfer_(automatic),59.7,4122.65,0
5291,1334-pdukm,female,0,1,0,68,1,yes,fiber_optic,no,yes,yes,no,no,no,one_year,0,credit_card_(automatic),86.45,5762.95,0
5292,0756-mpzrl,male,0,0,0,46,0,no_phone_service,dsl,no,no,yes,yes,no,no,one_year,0,credit_card_(automatic),33.7,1537.85,0
5293,2242-mfotg,male,0,0,0,33,1,yes,fiber_optic,yes,no,no,no,no,no,one_year,0,bank_transfer_(automatic),80.1,2603.3,0
5294,2927-cvult,female,0,1,1,53,1,yes,fiber_optic,yes,yes,yes,yes,no,yes,two_year,1,bank_transfer_(automatic),104.05,5566.4,0
5295,2144-bfdso,female,1,1,0,50,1,yes,fiber_optic,yes,yes,yes,no,yes,yes,month-to-month,0,bank_transfer_(automatic),108.75,5431.9,0
5296,8745-pvesg,female,0,0,0,57,0,no_phone_service,dsl,yes,no,yes,yes,no,no,one_year,1,credit_card_(automatic),41.1,2258.25,0
5297,7647-gyykx,female,0,1,1,54,1,no,no,no_internet_service,no_internet_service,no_internet_service,no_internet_service,no_internet_service,no_internet_service,two_year,1,bank_transfer_(automatic),20.35,1092.35,0
5298,5647-fxotp,female,1,1,0,60,1,yes,fiber_optic,no,yes,yes,no,yes,yes,month-to-month,1,electronic_check,105.9,6401.25,0
5299,5569-ouicf,female,1,1,0,28,1,yes,fiber_optic,no,no,no,yes,yes,yes,month-to-month,1,credit_card_(automatic),101.3,2812.2,1
5300,8821-xnhvz,female,0,1,1,1,1,no,fiber_optic,no,no,no,no,yes,no,month-to-month,1,mailed_check,80.05,80.05,1
5301,2082-ojvtk,male,0,1,1,29,1,yes,fiber_optic,no,no,yes,no,no,yes,month-to-month,1,electronic_check,89.2,2698.35,1
5302,9700-ispup,female,0,1,1,10,1,no,dsl,no,yes,no,yes,no,yes,month-to-month,1,electronic_check,65.5,616.9,0
5303,9839-etqoe,male,0,0,1,43,0,no_phone_service,dsl,yes,yes,yes,no,no,no,month-to-month,1,electronic_check,40.45,1912.85,0
5304,6078-vesfr,male,1,1,0,13,1,no,fiber_optic,no,no,no,no,no,no,month-to-month,0,bank_transfer_(automatic),70.45,849.1,0
5305,9027-tmatr,female,0,1,0,43,1,no,dsl,yes,no,yes,yes,yes,yes,two_year,1,electronic_check,78.8,3460.3,0
5306,5940-nfxkv,male,0,1,1,19,1,yes,fiber_optic,no,no,no,no,no,yes,month-to-month,1,electronic_check,83.65,1465.75,1
5307,1941-hosam,male,0,1,1,1,1,no,fiber_optic,no,no,no,no,yes,yes,month-to-month,1,electronic_check,90.1,90.1,0
5308,9110-hsgtv,female,0,0,0,69,1,no,dsl,yes,no,yes,yes,yes,yes,two_year,1,credit_card_(automatic),82.45,5555.3,0
5309,0704-vcumb,female,0,1,0,61,1,no,no,no_internet_service,no_internet_service,no_internet_service,no_internet_service,no_internet_service,no_internet_service,two_year,0,credit_card_(automatic),20.25,1278.8,0
5310,6171-ztvyb,male,0,1,0,43,1,yes,dsl,yes,yes,no,yes,no,no,month-to-month,0,bank_transfer_(automatic),66.25,2907.35,0
5311,8053-wwdro,female,0,1,0,6,1,no,no,no_internet_service,no_internet_service,no_internet_service,no_internet_service,no_internet_service,no_internet_service,month-to-month,0,bank_transfer_(automatic),19.5,146.3,1
5312,9564-kclhr,male,0,0,0,1,1,no,dsl,no,no,no,yes,no,no,month-to-month,0,mailed_check,51.25,51.25,1
5313,1935-imvbb,male,0,1,0,56,1,no,fiber_optic,no,no,no,no,yes,yes,month-to-month,0,mailed_check,89.7,4952.95,0
5314,2535-pbcgc,female,0,1,0,70,0,no_phone_service,dsl,yes,yes,yes,yes,yes,yes,two_year,0,bank_transfer_(automatic),64.55,4504.9,0
5315,2082-ceflt,male,0,0,0,1,1,no,dsl,no,no,no,no,no,no,month-to-month,1,electronic_check,45.6,45.6,1
5316,1470-psxnm,male,0,1,1,49,1,yes,fiber_optic,no,yes,yes,no,yes,no,one_year,1,electronic_check,93.65,4520.15,0
5317,1213-ngcun,female,0,0,0,6,1,no,dsl,no,no,no,yes,no,no,month-to-month,1,bank_transfer_(automatic),49.65,267.35,1
5318,2498-xldzr,female,0,1,1,32,1,no,dsl,yes,yes,yes,yes,no,yes,two_year,0,mailed_check,73.6,2316.85,0
5319,9866-occke,female,1,1,0,72,1,yes,fiber_optic,yes,no,yes,yes,yes,yes,two_year,1,mailed_check,109.75,8075.35,0
5320,5338-yhwyt,male,0,0,1,37,1,no,dsl,yes,yes,no,yes,no,no,two_year,0,credit_card_(automatic),61.45,2302.35,0
5321,7718-upskj,female,0,1,0,69,1,no,fiber_optic,yes,yes,no,yes,yes,yes,one_year,1,credit_card_(automatic),106.4,7251.9,0
5322,8731-wbbmb,female,0,1,0,26,1,no,dsl,no,yes,yes,yes,yes,yes,month-to-month,0,bank_transfer_(automatic),81.9,2078.55,0
5323,1448-cywkc,female,0,1,1,58,1,yes,fiber_optic,no,yes,yes,no,yes,yes,one_year,1,credit_card_(automatic),105.2,6225.4,0
5324,7901-iidqv,male,0,0,0,24,1,yes,dsl,no,no,no,yes,no,no,one_year,0,bank_transfer_(automatic),54.6,1242.25,0
5325,2690-dvrvk,male,0,1,1,5,1,no,no,no_internet_service,no_internet_service,no_internet_service,no_internet_service,no_internet_service,no_internet_service,one_year,0,electronic_check,20.55,99.45,0
5326,5688-kztsn,male,0,1,1,15,1,no,no,no_internet_service,no_internet_service,no_internet_service,no_internet_service,no_internet_service,no_internet_service,month-to-month,1,electronic_check,20.0,288.05,1
5327,1270-xkucc,female,0,1,1,30,1,no,no,no_internet_service,no_internet_service,no_internet_service,no_internet_service,no_internet_service,no_internet_service,two_year,0,mailed_check,19.7,599.25,0
5328,0334-zfjsr,female,0,1,0,55,1,yes,dsl,yes,yes,no,yes,no,no,one_year,1,credit_card_(automatic),66.05,3462.1,0
5329,2894-qojrx,female,0,1,0,25,0,no_phone_service,dsl,no,no,no,no,yes,no,month-to-month,1,bank_transfer_(automatic),34.0,853.0,1
5330,5747-pmbsq,male,1,1,0,10,1,no,fiber_optic,no,yes,yes,yes,yes,no,month-to-month,1,mailed_check,92.5,934.1,1
5331,5583-ejxrd,male,0,1,1,44,0,no_phone_service,dsl,yes,yes,yes,yes,no,yes,two_year,1,credit_card_(automatic),54.05,2375.2,0
5332,4565-evzmj,female,0,0,0,47,1,no,dsl,yes,yes,no,yes,no,no,one_year,1,mailed_check,58.9,2813.05,0
5333,3143-jqegi,female,0,1,1,13,1,no,fiber_optic,no,no,no,no,yes,yes,month-to-month,0,electronic_check,88.35,1222.8,1
5334,6386-szzkh,female,0,1,1,49,1,yes,fiber_optic,no,yes,yes,yes,yes,yes,two_year,1,bank_transfer_(automatic),107.95,5293.2,1
5335,3327-ybakm,female,0,1,0,64,1,no,fiber_optic,yes,no,no,yes,yes,yes,one_year,1,mailed_check,96.9,6314.35,0
5336,9441-qhevc,male,0,0,0,1,1,no,no,no_internet_service,no_internet_service,no_internet_service,no_internet_service,no_internet_service,no_internet_service,month-to-month,0,mailed_check,19.1,19.1,0
5337,6705-lnmdd,male,0,0,0,20,1,no,dsl,no,no,no,yes,no,no,month-to-month,0,mailed_check,50.0,1003.05,0
5338,2580-asvvy,female,0,1,0,37,0,no_phone_service,dsl,yes,no,no,yes,yes,no,two_year,0,electronic_check,45.4,1593.1,0
5339,3370-gqeal,male,0,1,1,30,1,yes,fiber_optic,no,no,no,no,yes,no,month-to-month,0,electronic_check,85.45,2509.95,0
5340,5032-uspkf,female,0,0,0,38,1,yes,dsl,yes,yes,yes,no,yes,yes,one_year,0,bank_transfer_(automatic),84.1,3187.65,0
5341,2982-ihmft,female,1,0,0,1,1,yes,fiber_optic,no,no,no,no,no,no,month-to-month,1,mailed_check,74.45,74.45,1
5342,3521-syvor,female,0,0,0,37,1,no,dsl,no,no,no,no,yes,yes,month-to-month,1,electronic_check,64.75,2345.2,1
5343,4254-qpede,female,0,1,0,52,0,no_phone_service,dsl,yes,yes,yes,yes,yes,yes,two_year,0,credit_card_(automatic),66.25,3330.1,0
5344,6283-gitpx,male,0,0,1,71,1,no,dsl,yes,yes,yes,yes,yes,no,two_year,1,credit_card_(automatic),76.9,5522.7,0
5345,9526-jawyf,male,0,0,0,26,1,no,fiber_optic,no,yes,yes,no,yes,no,month-to-month,0,electronic_check,89.8,2335.3,1
5346,0771-chwsk,male,0,0,0,66,1,yes,dsl,yes,yes,yes,no,no,yes,two_year,1,credit_card_(automatic),74.6,4798.4,0
5347,9788-hngut,male,0,1,0,72,1,yes,fiber_optic,yes,yes,yes,yes,yes,yes,two_year,1,credit_card_(automatic),116.95,8594.4,0
5348,9495-rediy,male,0,0,1,25,0,no_phone_service,dsl,yes,no,no,no,yes,no,one_year,1,credit_card_(automatic),40.65,970.55,0
5349,5375-xldof,male,0,1,1,69,1,yes,fiber_optic,yes,yes,yes,yes,yes,yes,two_year,1,bank_transfer_(automatic),114.35,7665.8,0
5350,1172-viybp,male,0,1,1,53,1,yes,dsl,yes,yes,no,no,no,yes,two_year,0,bank_transfer_(automatic),69.7,3686.05,0
5351,5649-vukmc,female,0,0,0,12,1,no,fiber_optic,no,no,yes,no,yes,yes,one_year,0,mailed_check,95.5,1115.15,1
5352,6559-pdzlr,male,0,0,0,26,1,no,fiber_optic,no,no,yes,yes,yes,yes,month-to-month,1,electronic_check,98.65,2537.0,0
5353,8992-obvdg,male,0,0,0,21,1,no,dsl,no,no,yes,no,no,yes,month-to-month,0,mailed_check,61.65,1393.6,0
5354,4273-mbhya,female,0,0,1,1,1,no,fiber_optic,no,no,no,no,yes,yes,month-to-month,1,electronic_check,89.35,89.35,0
5355,4724-wxvwf,male,0,0,0,48,1,yes,fiber_optic,yes,no,no,yes,no,yes,month-to-month,1,electronic_check,95.4,4445.3,0
5356,5701-guxdc,female,0,1,0,26,0,no_phone_service,dsl,yes,no,yes,no,no,no,one_year,0,credit_card_(automatic),35.4,978.6,0
5357,1460-uzprj,male,0,1,0,60,1,no,no,no_internet_service,no_internet_service,no_internet_service,no_internet_service,no_internet_service,no_internet_service,two_year,0,mailed_check,19.95,1258.15,0
5358,6082-gljix,male,0,0,0,18,1,no,no,no_internet_service,no_internet_service,no_internet_service,no_internet_service,no_internet_service,no_internet_service,month-to-month,0,mailed_check,19.25,331.35,0
5359,5143-egqfk,female,1,0,0,10,0,no_phone_service,dsl,no,no,no,yes,no,no,month-to-month,1,electronic_check,29.65,291.4,1
5360,4919-ikaty,male,0,1,1,5,1,yes,fiber_optic,yes,no,yes,no,no,no,month-to-month,1,electronic_check,84.5,453.75,1
5361,2495-tthbq,female,0,0,1,4,1,no,no,no_internet_service,no_internet_service,no_internet_service,no_internet_service,no_internet_service,no_internet_service,one_year,1,mailed_check,20.4,84.75,0
5362,0485-zbsln,male,0,1,1,65,1,yes,no,no_internet_service,no_internet_service,no_internet_service,no_internet_service,no_internet_service,no_internet_service,two_year,0,credit_card_(automatic),24.75,1715.1,0
5363,3810-pjuhr,male,0,1,1,70,1,yes,no,no_internet_service,no_internet_service,no_internet_service,no_internet_service,no_internet_service,no_internet_service,two_year,0,mailed_check,25.35,1715.15,0
5364,9050-qlroh,male,0,0,0,18,1,yes,fiber_optic,no,no,yes,no,no,yes,month-to-month,1,credit_card_(automatic),90.7,1597.25,1
5365,0847-hgrml,male,0,0,1,62,1,no,no,no_internet_service,no_internet_service,no_internet_service,no_internet_service,no_internet_service,no_internet_service,two_year,0,bank_transfer_(automatic),20.0,1250.1,0
5366,8232-ctlko,female,0,1,1,66,1,no,dsl,yes,no,no,no,yes,no,two_year,1,electronic_check,59.75,3996.8,0
5367,9227-ybaxe,female,0,1,1,65,1,yes,dsl,yes,yes,no,yes,yes,yes,two_year,1,bank_transfer_(automatic),82.5,5215.1,0
5368,6168-wfvvf,female,1,0,0,3,1,no,fiber_optic,no,no,no,no,no,no,month-to-month,1,electronic_check,70.3,235.5,1
5369,9860-lisiz,female,0,0,0,34,1,no,no,no_internet_service,no_internet_service,no_internet_service,no_internet_service,no_internet_service,no_internet_service,month-to-month,0,mailed_check,20.35,673.2,0
5370,0112-qawrz,male,0,1,1,16,1,yes,fiber_optic,no,no,yes,no,yes,no,month-to-month,1,bank_transfer_(automatic),90.8,1442.2,0
5371,0877-sdmbn,female,0,0,0,54,1,yes,fiber_optic,yes,no,yes,no,yes,yes,one_year,1,bank_transfer_(automatic),103.95,5639.05,1
5372,2786-gcdpi,female,1,0,0,50,1,yes,fiber_optic,no,no,yes,yes,yes,yes,month-to-month,1,electronic_check,104.95,5222.35,0
5373,4043-mkdtv,male,0,1,0,71,1,no,fiber_optic,no,yes,yes,yes,yes,yes,two_year,1,electronic_check,105.25,7291.75,0
5374,8065-ykxkd,female,0,0,0,10,1,yes,fiber_optic,no,no,no,no,no,no,month-to-month,1,electronic_check,74.75,799.65,1
5375,9637-eiheq,female,0,0,0,1,1,no,dsl,no,no,no,yes,no,no,month-to-month,1,electronic_check,50.8,50.8,1
5376,9229-rqabd,male,0,0,0,18,1,yes,no,no_internet_service,no_internet_service,no_internet_service,no_internet_service,no_internet_service,no_internet_service,one_year,0,mailed_check,23.75,424.5,0
5377,8313-ktihg,male,0,0,0,4,1,no,dsl,no,no,no,yes,yes,no,month-to-month,1,electronic_check,61.3,249.4,0
5378,5320-brkgk,female,0,1,1,58,1,yes,dsl,yes,no,yes,yes,yes,no,two_year,0,mailed_check,75.8,4415.75,0
5379,6284-kmnuf,female,0,1,0,56,1,yes,fiber_optic,yes,no,no,no,yes,yes,one_year,1,electronic_check,98.0,5270.6,0
5380,9689-ptnpg,male,0,0,0,2,1,no,fiber_optic,no,no,no,no,yes,no,month-to-month,1,electronic_check,80.25,144.55,1
5381,9465-rwmxl,male,0,1,0,32,1,yes,fiber_optic,no,no,yes,no,no,no,month-to-month,1,electronic_check,78.9,2447.95,1
5382,6229-uolql,male,0,1,1,56,0,no_phone_service,dsl,yes,yes,no,yes,yes,no,one_year,1,mailed_check,52.0,2884.9,0
5383,2362-ibooy,male,0,0,0,36,1,yes,fiber_optic,no,no,no,no,no,yes,month-to-month,1,electronic_check,84.75,3050.15,1
5384,3137-lupix,female,0,0,0,4,1,yes,dsl,no,no,no,yes,yes,no,month-to-month,1,mailed_check,64.4,253.0,0
5385,0843-wtbxe,male,0,0,0,53,1,yes,fiber_optic,no,no,no,no,yes,no,month-to-month,0,bank_transfer_(automatic),85.45,4517.25,1
5386,6143-jqkea,male,0,0,0,10,1,no,dsl,no,no,no,no,no,no,month-to-month,1,credit_card_(automatic),45.8,436.2,0
5387,8676-ooqej,male,0,0,0,4,0,no_phone_service,dsl,no,no,no,yes,no,no,month-to-month,0,electronic_check,30.5,118.4,0
5388,5515-idejj,male,0,1,1,1,1,no,no,no_internet_service,no_internet_service,no_internet_service,no_internet_service,no_internet_service,no_internet_service,month-to-month,0,mailed_check,19.9,19.9,1
5389,9701-cdxhr,female,0,1,0,51,1,no,fiber_optic,no,no,no,no,no,no,month-to-month,0,mailed_check,69.15,3649.6,0
5390,7450-nwrtr,male,1,0,0,12,1,yes,fiber_optic,no,no,yes,no,yes,yes,month-to-month,1,electronic_check,99.45,1200.15,1
5391,8124-nzvgj,female,0,0,0,6,0,no_phone_service,dsl,no,no,no,yes,yes,yes,one_year,1,mailed_check,49.25,255.6,0
5392,2162-frzaa,male,0,1,1,63,0,no_phone_service,dsl,no,yes,yes,yes,no,no,two_year,0,bank_transfer_(automatic),39.35,2395.05,0
5393,5376-deqcp,female,0,0,0,1,1,no,fiber_optic,no,no,no,no,no,no,month-to-month,1,electronic_check,70.6,70.6,1
5394,5118-mueyh,female,0,1,0,48,1,yes,fiber_optic,no,yes,no,yes,yes,yes,month-to-month,1,credit_card_(automatic),105.1,5083.55,0
5395,9095-hfafx,female,0,0,0,5,1,no,fiber_optic,no,no,no,no,yes,no,month-to-month,1,credit_card_(automatic),81.0,389.6,1
5396,5627-tvbpp,female,0,0,1,35,1,no,no,no_internet_service,no_internet_service,no_internet_service,no_internet_service,no_internet_service,no_internet_service,one_year,1,credit_card_(automatic),20.1,644.5,0
5397,2379-enzgv,male,0,0,0,6,1,no,fiber_optic,no,yes,no,no,yes,no,month-to-month,1,electronic_check,84.85,523.5,1
5398,3936-qqfll,male,0,0,0,2,1,no,no,no_internet_service,no_internet_service,no_internet_service,no_internet_service,no_internet_service,no_internet_service,month-to-month,0,mailed_check,19.75,39.3,0
5399,2589-aycrp,female,0,0,0,50,1,no,no,no_internet_service,no_internet_service,no_internet_service,no_internet_service,no_internet_service,no_internet_service,one_year,0,bank_transfer_(automatic),19.75,989.05,0
5400,4067-hlyqi,female,0,0,0,33,1,no,fiber_optic,no,no,no,no,no,no,month-to-month,1,bank_transfer_(automatic),70.4,2406.1,0
5401,5124-eogye,male,0,0,0,31,1,no,no,no_internet_service,no_internet_service,no_internet_service,no_internet_service,no_internet_service,no_internet_service,two_year,0,mailed_check,20.45,638.55,0
5402,5057-rkglh,female,0,1,1,9,1,no,no,no_internet_service,no_internet_service,no_internet_service,no_internet_service,no_internet_service,no_internet_service,two_year,0,mailed_check,20.35,191.1,0
5403,0292-wegch,female,0,1,1,54,1,yes,dsl,no,yes,yes,yes,yes,yes,month-to-month,1,electronic_check,86.2,4524.05,0
5404,8910-ichiu,female,0,0,0,46,1,no,fiber_optic,yes,yes,yes,no,yes,no,one_year,1,credit_card_(automatic),95.65,4664.2,0
5405,4097-yodcf,male,0,0,1,34,1,yes,fiber_optic,yes,yes,no,no,yes,yes,one_year,1,electronic_check,103.8,3470.8,0
5406,9715-wzclw,male,0,1,1,71,1,yes,fiber_optic,yes,no,no,no,yes,yes,two_year,1,electronic_check,97.2,6910.3,0
5407,9786-ywnhu,female,0,1,1,63,1,no,dsl,yes,yes,yes,yes,no,no,two_year,0,mailed_check,63.55,4014.2,0
5408,6407-gsjnl,female,0,0,0,51,1,yes,no,no_internet_service,no_internet_service,no_internet_service,no_internet_service,no_internet_service,no_internet_service,two_year,0,bank_transfer_(automatic),24.95,1288.0,0
5409,6005-obzph,female,1,0,0,26,1,yes,fiber_optic,no,yes,no,no,yes,no,month-to-month,1,electronic_check,89.15,2277.65,1
5410,4049-zpald,female,0,1,0,64,1,no,fiber_optic,yes,no,yes,no,yes,yes,two_year,1,bank_transfer_(automatic),99.0,6375.8,0
5411,7932-wptds,female,1,1,0,1,0,no_phone_service,dsl,no,no,no,no,no,no,month-to-month,1,electronic_check,24.8,24.8,1
5412,3733-uocwf,male,1,1,0,61,1,yes,fiber_optic,no,yes,no,yes,no,no,one_year,1,bank_transfer_(automatic),85.55,5251.75,0
5413,6833-jmzyp,female,0,0,0,15,1,no,fiber_optic,no,no,yes,no,yes,yes,month-to-month,1,credit_card_(automatic),94.0,1505.45,0
5414,2722-vojql,male,0,0,0,64,1,yes,fiber_optic,no,yes,no,yes,yes,yes,one_year,1,credit_card_(automatic),105.65,6903.1,1
5415,1310-qritu,female,0,0,0,18,1,yes,dsl,no,no,no,no,no,no,month-to-month,1,electronic_check,50.3,913.3,0
5416,8961-qdzzj,female,0,1,1,57,1,no,fiber_optic,no,yes,no,no,yes,yes,one_year,1,electronic_check,95.0,5535.8,0
5417,9715-sbvsu,male,0,1,1,14,1,no,dsl,yes,yes,no,no,no,yes,two_year,1,bank_transfer_(automatic),61.4,815.55,0
5418,8490-bxheo,male,1,0,0,18,1,yes,fiber_optic,no,yes,no,no,no,no,month-to-month,1,credit_card_(automatic),80.55,1411.65,0
5419,7173-tetgo,female,1,1,0,72,1,yes,fiber_optic,yes,no,no,no,no,no,two_year,0,bank_transfer_(automatic),78.5,5602.25,0
5420,7929-skfgk,male,0,1,0,70,1,yes,fiber_optic,yes,yes,yes,yes,yes,yes,two_year,0,credit_card_(automatic),114.3,8244.3,0
5421,2300-rqgoi,female,0,0,0,38,1,no,no,no_internet_service,no_internet_service,no_internet_service,no_internet_service,no_internet_service,no_internet_service,two_year,0,mailed_check,20.05,741.5,0
5422,3563-svylg,male,0,1,1,68,1,no,dsl,yes,yes,yes,yes,no,no,two_year,0,credit_card_(automatic),62.65,4375.8,0
5423,5228-excet,male,0,0,0,13,1,no,fiber_optic,no,no,no,no,no,yes,month-to-month,1,electronic_check,80.85,1008.7,1
5424,6435-vwccy,male,1,1,0,65,1,yes,fiber_optic,yes,yes,no,no,yes,no,two_year,1,credit_card_(automatic),92.7,5968.4,0
5425,4998-ikfse,female,0,0,0,30,1,yes,fiber_optic,no,no,yes,no,yes,yes,month-to-month,0,electronic_check,100.45,3096.9,0
5426,8630-qsgxk,male,0,1,0,51,1,yes,dsl,no,no,no,yes,yes,yes,two_year,1,bank_transfer_(automatic),75.2,3901.25,0
5427,2455-uslmv,female,0,0,0,31,1,yes,fiber_optic,yes,no,yes,no,no,no,month-to-month,1,credit_card_(automatic),84.75,2613.4,0
5428,7394-fkdnk,female,0,1,0,9,1,no,fiber_optic,no,no,no,no,yes,yes,month-to-month,0,electronic_check,89.45,853.1,1
5429,9488-fvzcc,female,0,1,1,72,1,yes,dsl,yes,yes,yes,yes,no,yes,two_year,1,bank_transfer_(automatic),79.5,5661.7,0
5430,6331-lwdtq,male,0,0,0,10,1,yes,dsl,no,no,no,no,yes,yes,month-to-month,1,credit_card_(automatic),72.15,794.25,1
5431,5995-wwkkg,female,0,0,0,37,1,no,no,no_internet_service,no_internet_service,no_internet_service,no_internet_service,no_internet_service,no_internet_service,one_year,1,electronic_check,19.8,695.05,0
5432,1597-fzreh,female,0,0,0,2,1,no,dsl,no,no,yes,yes,yes,yes,month-to-month,0,electronic_check,76.4,160.8,1
5433,7879-cgsfv,male,0,0,0,55,1,no,fiber_optic,yes,yes,no,no,yes,yes,one_year,1,mailed_check,100.9,5552.05,0
5434,9921-ezkby,male,0,0,1,33,1,yes,fiber_optic,yes,no,yes,no,no,yes,month-to-month,1,bank_transfer_(automatic),95.3,3275.15,0
5435,7432-ffvar,female,0,1,1,46,1,no,fiber_optic,no,no,yes,yes,no,yes,one_year,0,bank_transfer_(automatic),90.95,4236.6,0
5436,7246-zgqdf,female,0,0,1,1,1,no,dsl,yes,no,no,yes,no,no,month-to-month,0,electronic_check,54.5,54.5,0
5437,7000-wcevq,female,1,0,0,20,1,yes,dsl,no,no,no,no,no,yes,month-to-month,1,mailed_check,61.6,1174.35,1
5438,0727-iwkvk,male,0,1,0,9,1,no,fiber_optic,no,yes,yes,no,no,no,month-to-month,1,electronic_check,79.9,741.7,1
5439,5959-belxa,male,1,0,0,32,1,yes,fiber_optic,no,no,no,no,yes,yes,month-to-month,1,credit_card_(automatic),96.15,3019.25,1
5440,4456-rhsnb,female,0,1,1,19,1,no,dsl,no,no,yes,no,no,no,month-to-month,1,bank_transfer_(automatic),49.6,962.9,0
5441,3512-izikn,female,0,1,0,70,1,yes,dsl,yes,no,yes,yes,no,no,two_year,0,credit_card_(automatic),65.3,4759.75,1
5442,2481-sboyw,female,0,0,1,61,1,yes,no,no_internet_service,no_internet_service,no_internet_service,no_internet_service,no_internet_service,no_internet_service,two_year,1,credit_card_(automatic),25.0,1498.35,0
5443,7109-mfbyv,male,0,0,0,26,1,no,dsl,no,no,no,no,no,no,month-to-month,0,electronic_check,45.45,1233.15,0
5444,1833-tcxkk,male,0,1,0,45,1,yes,fiber_optic,no,yes,yes,no,yes,yes,month-to-month,1,bank_transfer_(automatic),107.75,4882.8,0
5445,1832-peuts,male,0,1,1,62,1,yes,fiber_optic,no,no,yes,no,yes,no,two_year,1,credit_card_(automatic),89.1,5411.65,0
5446,6141-ooxuq,male,0,0,0,1,1,no,no,no_internet_service,no_internet_service,no_internet_service,no_internet_service,no_internet_service,no_internet_service,month-to-month,0,mailed_check,19.65,19.65,1
5447,8660-buetv,female,0,0,0,3,1,no,dsl,no,no,no,no,no,no,month-to-month,0,mailed_check,44.75,148.05,0
5448,0580-piqhm,female,0,1,1,41,1,yes,fiber_optic,yes,yes,yes,no,no,yes,one_year,1,bank_transfer_(automatic),101.6,3930.55,0
5449,5696-ceiqj,male,0,1,1,67,1,no,fiber_optic,no,yes,yes,yes,yes,yes,two_year,0,bank_transfer_(automatic),103.15,6895.5,0
5450,7503-zguzj,male,0,0,0,1,1,yes,fiber_optic,no,no,no,no,yes,no,month-to-month,1,mailed_check,84.65,84.65,1
5451,1696-hxowk,female,0,1,0,71,1,yes,fiber_optic,yes,yes,no,no,yes,no,one_year,0,mailed_check,95.65,6856.95,0
5452,3026-atzyv,female,0,1,1,37,1,no,dsl,yes,yes,no,no,yes,yes,one_year,0,bank_transfer_(automatic),75.1,2658.8,0
5453,4012-ycfai,male,0,1,0,60,1,no,dsl,yes,yes,no,yes,no,no,two_year,1,mailed_check,61.35,3766.2,0
5454,2506-tnfco,female,1,1,0,1,1,no,fiber_optic,no,no,no,no,no,no,month-to-month,1,electronic_check,69.55,69.55,1
5455,9970-qbcda,female,0,0,0,6,1,no,no,no_internet_service,no_internet_service,no_internet_service,no_internet_service,no_internet_service,no_internet_service,month-to-month,0,credit_card_(automatic),19.7,129.55,0
5456,8718-ptmez,female,0,0,0,13,0,no_phone_service,dsl,no,yes,no,no,no,no,month-to-month,1,electronic_check,31.05,347.25,1
5457,9496-ivvrp,female,0,1,1,11,1,no,dsl,yes,no,no,no,no,no,month-to-month,0,bank_transfer_(automatic),51.0,581.7,0
5458,2207-obznx,male,0,0,0,7,1,no,dsl,yes,no,no,no,no,no,month-to-month,1,mailed_check,51.0,354.05,1
5459,2657-vpxta,female,0,1,1,10,1,no,fiber_optic,no,no,no,no,yes,yes,month-to-month,1,electronic_check,88.85,929.45,0
5460,6551-vljmv,male,0,1,0,34,1,no,no,no_internet_service,no_internet_service,no_internet_service,no_internet_service,no_internet_service,no_internet_service,two_year,0,credit_card_(automatic),20.05,679.0,0
5461,1221-ghzep,female,0,0,0,62,1,no,dsl,yes,no,no,yes,no,yes,two_year,1,mailed_check,65.1,3846.75,0
5462,9289-lbqvu,male,0,1,0,64,1,yes,dsl,no,yes,no,yes,no,yes,one_year,1,mailed_check,70.15,4480.7,0
5463,6142-vsjqo,female,0,1,1,1,1,no,dsl,no,no,no,no,no,no,month-to-month,1,bank_transfer_(automatic),44.35,44.35,1
5464,3458-idmfk,male,0,0,0,25,1,no,no,no_internet_service,no_internet_service,no_internet_service,no_internet_service,no_internet_service,no_internet_service,two_year,1,mailed_check,20.75,499.4,0
5465,6933-fhbzc,female,0,0,0,26,1,no,dsl,no,yes,yes,no,no,no,one_year,1,mailed_check,56.05,1553.2,0
5466,0221-nauxk,male,0,0,1,10,1,no,no,no_internet_service,no_internet_service,no_internet_service,no_internet_service,no_internet_service,no_internet_service,one_year,1,bank_transfer_(automatic),19.95,219.5,0
5467,9770-kxgqu,female,0,0,0,53,1,yes,fiber_optic,yes,yes,yes,no,yes,no,one_year,0,mailed_check,98.6,5311.85,0
5468,6437-ukhmv,female,0,0,0,7,1,no,fiber_optic,no,no,no,no,yes,no,month-to-month,1,electronic_check,79.7,586.05,1
5469,6538-pochl,male,0,0,0,33,1,no,fiber_optic,no,yes,yes,no,no,no,month-to-month,1,credit_card_(automatic),79.0,2576.8,0
5470,6726-nnfwd,female,1,1,0,71,1,no,fiber_optic,no,yes,yes,no,no,yes,two_year,0,credit_card_(automatic),89.45,6435.25,0
5471,3002-wqzwt,female,0,0,0,29,1,yes,fiber_optic,no,no,no,no,no,no,month-to-month,1,electronic_check,74.2,1993.25,0
5472,4277-udief,male,0,1,1,24,1,yes,dsl,yes,no,no,yes,yes,yes,month-to-month,0,bank_transfer_(automatic),81.0,1923.85,0
5473,1208-nbvfh,male,0,1,1,20,1,no,dsl,no,no,yes,no,no,no,month-to-month,1,electronic_check,49.6,939.8,0
5474,4912-piguy,female,0,0,0,1,1,yes,fiber_optic,no,no,no,no,yes,no,month-to-month,1,electronic_check,84.6,84.6,0
5475,1114-cenim,male,0,0,1,54,1,yes,dsl,no,yes,no,no,no,no,month-to-month,1,credit_card_(automatic),55.0,3092.65,1
5476,6060-drtnl,female,1,0,0,5,1,no,fiber_optic,no,no,yes,no,yes,no,month-to-month,1,mailed_check,84.85,415.55,1
5477,2725-ttriq,female,0,1,1,72,1,yes,dsl,yes,no,yes,yes,yes,yes,two_year,1,bank_transfer_(automatic),84.2,5986.55,0
5478,3374-ttztk,male,0,1,0,52,1,no,fiber_optic,yes,yes,yes,yes,yes,yes,two_year,1,electronic_check,106.3,5487.0,0
5479,8990-zxlsu,female,0,0,0,9,1,no,fiber_optic,no,no,no,no,no,no,month-to-month,0,electronic_check,69.05,651.5,0
5480,2275-rbyqs,female,0,0,0,1,1,no,dsl,no,no,no,no,no,no,month-to-month,1,mailed_check,45.4,45.4,0
5481,8473-vuvjn,male,1,0,0,1,1,yes,fiber_optic,no,no,no,no,no,no,month-to-month,1,electronic_check,73.65,73.65,1
5482,6289-cpnld,male,0,1,1,33,1,no,dsl,no,no,yes,yes,yes,yes,one_year,1,mailed_check,73.9,2405.05,1
5483,5536-slhpm,female,0,1,0,55,1,yes,fiber_optic,no,no,yes,no,no,no,month-to-month,1,electronic_check,77.75,4458.15,1
5484,4419-ujmus,male,0,1,1,69,1,yes,fiber_optic,no,no,no,yes,yes,yes,two_year,1,electronic_check,99.35,6856.45,0
5485,7794-jasdg,male,0,0,0,1,1,no,dsl,yes,no,no,no,no,no,month-to-month,1,mailed_check,50.75,50.75,0
5486,7609-ybpxg,male,0,0,0,54,1,yes,dsl,yes,no,yes,yes,yes,yes,two_year,0,bank_transfer_(automatic),87.1,4735.2,0
5487,5519-teeuh,male,0,0,1,33,1,no,no,no_internet_service,no_internet_service,no_internet_service,no_internet_service,no_internet_service,no_internet_service,one_year,1,mailed_check,20.15,682.15,0
5488,7856-ganil,male,1,1,0,45,1,yes,fiber_optic,no,yes,yes,yes,yes,no,one_year,1,bank_transfer_(automatic),98.7,4525.8,0
5489,0804-xbfbv,female,0,0,1,11,0,no_phone_service,dsl,no,no,no,no,no,no,month-to-month,0,electronic_check,25.2,321.05,0
5490,2676-oxppq,male,0,0,0,6,1,no,dsl,yes,yes,no,no,no,no,month-to-month,1,bank_transfer_(automatic),55.7,335.65,0
5491,3703-ttepd,male,0,0,0,21,1,no,dsl,yes,no,yes,no,yes,no,month-to-month,0,bank_transfer_(automatic),65.35,1424.4,0
5492,2799-tslag,female,0,1,1,65,1,yes,no,no_internet_service,no_internet_service,no_internet_service,no_internet_service,no_internet_service,no_internet_service,two_year,1,bank_transfer_(automatic),25.3,1748.55,0
5493,0196-vulgz,female,1,1,0,6,1,yes,fiber_optic,no,no,no,no,no,yes,month-to-month,1,electronic_check,84.35,474.9,1
5494,8837-vvwlq,female,0,0,0,8,1,no,fiber_optic,yes,no,no,no,yes,no,month-to-month,0,electronic_check,84.95,668.4,1
5495,2696-nartr,male,0,0,0,11,1,no,fiber_optic,no,no,no,yes,no,no,month-to-month,1,electronic_check,73.85,926.25,1
5496,2208-nkvvh,male,0,1,1,43,1,yes,no,no_internet_service,no_internet_service,no_internet_service,no_internet_service,no_internet_service,no_internet_service,two_year,0,mailed_check,24.25,1077.95,0
5497,7614-qvwql,male,0,1,1,49,0,no_phone_service,dsl,no,yes,no,no,yes,yes,one_year,1,bank_transfer_(automatic),51.8,2541.25,1
5498,1976-cfocs,female,1,1,0,1,1,no,dsl,no,no,no,no,no,no,month-to-month,0,electronic_check,46.0,46.0,1
5499,4631-oacrm,male,1,0,0,15,1,no,fiber_optic,no,no,no,no,no,yes,month-to-month,1,electronic_check,79.4,1156.1,1
5500,7139-jzfvg,male,0,1,1,60,1,no,dsl,yes,yes,yes,no,no,no,two_year,0,bank_transfer_(automatic),60.5,3694.45,0
5501,4987-gqwpo,male,0,0,0,17,0,no_phone_service,dsl,no,no,no,no,no,no,month-to-month,0,credit_card_(automatic),25.1,382.8,0
5502,3755-jbmnh,male,1,1,0,16,1,no,fiber_optic,no,no,no,no,no,no,month-to-month,1,bank_transfer_(automatic),71.8,1167.8,1
5503,1757-tcatg,male,0,1,1,35,1,no,no,no_internet_service,no_internet_service,no_internet_service,no_internet_service,no_internet_service,no_internet_service,one_year,0,bank_transfer_(automatic),20.05,746.75,0
5504,6345-ulyrw,male,1,1,0,44,1,yes,fiber_optic,no,yes,no,no,no,yes,one_year,0,mailed_check,88.4,3912.9,1
5505,4776-xskyq,female,0,1,1,12,0,no_phone_service,dsl,no,no,no,yes,no,no,one_year,0,credit_card_(automatic),30.25,368.85,0
5506,8048-dsdfq,male,0,0,0,1,1,no,no,no_internet_service,no_internet_service,no_internet_service,no_internet_service,no_internet_service,no_internet_service,month-to-month,0,mailed_check,20.2,20.2,0
5507,5753-qqwpw,female,0,0,0,28,1,no,dsl,yes,yes,no,yes,no,no,one_year,1,electronic_check,59.9,1654.7,0
5508,6010-ddppw,male,0,1,0,70,1,yes,no,no_internet_service,no_internet_service,no_internet_service,no_internet_service,no_internet_service,no_internet_service,two_year,0,bank_transfer_(automatic),25.15,1940.85,0
5509,1809-dmjhq,female,0,0,1,5,1,no,dsl,no,no,no,no,no,no,month-to-month,0,mailed_check,46.0,221.7,1
5510,6693-frirw,male,0,0,0,18,1,no,fiber_optic,no,yes,yes,no,yes,yes,month-to-month,0,credit_card_(automatic),101.3,1794.65,0
5511,6586-mygkd,male,0,1,0,70,1,yes,dsl,yes,no,no,yes,yes,yes,two_year,1,credit_card_(automatic),76.95,5289.8,0
5512,3173-nvmpx,female,0,1,1,9,1,yes,dsl,no,yes,no,no,no,no,month-to-month,1,mailed_check,55.3,501.2,0
5513,0248-pghbz,female,1,0,0,67,1,no,fiber_optic,yes,yes,no,yes,yes,no,two_year,1,bank_transfer_(automatic),92.45,6140.85,0
5514,0623-gdisb,female,0,0,0,1,1,no,dsl,yes,no,no,no,no,no,month-to-month,1,bank_transfer_(automatic),48.45,48.45,0
5515,2892-gesul,female,0,1,1,18,1,no,no,no_internet_service,no_internet_service,no_internet_service,no_internet_service,no_internet_service,no_internet_service,two_year,0,mailed_check,19.35,309.25,0
5516,6923-efpnl,male,0,0,0,4,1,yes,dsl,no,no,no,no,no,no,month-to-month,0,credit_card_(automatic),51.75,201.1,1
5517,7472-eqoav,male,1,1,1,71,1,no,fiber_optic,yes,yes,yes,no,no,no,one_year,1,bank_transfer_(automatic),86.7,6179.35,0
5518,9574-rkjif,male,0,1,1,30,1,yes,fiber_optic,yes,yes,no,no,yes,no,month-to-month,1,electronic_check,94.4,2838.7,1
5519,2043-wvtqj,male,0,1,0,1,1,no,dsl,yes,no,yes,no,no,no,month-to-month,0,mailed_check,55.7,55.7,0
5520,8034-rytvv,female,0,0,0,55,1,yes,fiber_optic,yes,no,yes,no,no,no,one_year,1,credit_card_(automatic),84.25,4589.85,0
5521,3863-qstyi,male,0,0,0,59,1,no,dsl,no,no,yes,yes,yes,no,month-to-month,1,electronic_check,64.65,3735.45,0
5522,2619-wfqwu,female,0,0,0,1,1,no,fiber_optic,no,no,no,no,no,no,month-to-month,1,mailed_check,70.15,70.15,1
5523,5044-lrqaq,female,0,1,0,7,1,no,fiber_optic,no,no,no,no,no,no,month-to-month,1,bank_transfer_(automatic),69.2,477.55,0
5524,1716-lsamb,male,0,1,1,45,1,no,dsl,yes,no,no,yes,no,no,two_year,0,bank_transfer_(automatic),54.65,2553.7,0
5525,1333-pbmxb,female,0,1,1,54,1,yes,no,no_internet_service,no_internet_service,no_internet_service,no_internet_service,no_internet_service,no_internet_service,one_year,1,bank_transfer_(automatic),24.75,1342.15,0
5526,6546-opbbh,male,0,1,1,51,1,yes,no,no_internet_service,no_internet_service,no_internet_service,no_internet_service,no_internet_service,no_internet_service,one_year,1,mailed_check,23.95,1216.35,0
5527,5985-behzk,female,1,1,0,72,1,yes,fiber_optic,no,yes,yes,no,yes,yes,one_year,0,credit_card_(automatic),105.0,7578.05,0
5528,9127-qrzmh,male,0,1,0,44,1,no,dsl,yes,yes,no,yes,no,no,one_year,1,bank_transfer_(automatic),59.85,2603.95,0
5529,5919-vczym,male,0,0,0,2,1,no,no,no_internet_service,no_internet_service,no_internet_service,no_internet_service,no_internet_service,no_internet_service,month-to-month,0,mailed_check,20.05,42.7,0
5530,9644-kvcnc,female,0,0,0,66,1,yes,fiber_optic,no,no,yes,no,yes,no,one_year,1,bank_transfer_(automatic),92.15,6056.9,0
5531,2137-dqmev,male,0,1,1,68,0,no_phone_service,dsl,yes,yes,no,no,yes,no,one_year,0,mailed_check,44.8,2983.65,0
5532,8174-lnwmw,female,0,0,0,31,1,no,no,no_internet_service,no_internet_service,no_internet_service,no_internet_service,no_internet_service,no_internet_service,two_year,0,credit_card_(automatic),20.9,689.35,0
5533,9279-cjeoj,female,1,0,0,21,1,yes,fiber_optic,no,no,no,no,yes,yes,month-to-month,1,bank_transfer_(automatic),95.4,2025.1,0
5534,7964-vexdg,male,0,0,1,21,1,yes,fiber_optic,yes,no,no,no,no,no,month-to-month,0,electronic_check,80.35,1747.2,0
5535,2404-jibfc,female,0,1,1,55,1,yes,dsl,yes,no,yes,yes,yes,yes,two_year,1,bank_transfer_(automatic),85.1,4657.95,0
5536,0778-nella,male,0,0,0,9,0,no_phone_service,dsl,no,no,no,no,yes,no,month-to-month,1,credit_card_(automatic),34.7,296.1,1
5537,8029-xypwt,male,1,1,0,71,1,yes,fiber_optic,yes,yes,yes,yes,yes,yes,two_year,1,bank_transfer_(automatic),115.05,8016.6,0
5538,4614-nuvzd,female,0,0,0,1,1,no,fiber_optic,no,no,no,no,no,yes,month-to-month,1,electronic_check,81.1,81.1,1
5539,4632-paoyu,male,0,1,1,22,1,no,no,no_internet_service,no_internet_service,no_internet_service,no_internet_service,no_internet_service,no_internet_service,one_year,0,mailed_check,19.95,433.5,0
5540,3803-kmqfw,female,0,1,1,1,1,no,no,no_internet_service,no_internet_service,no_internet_service,no_internet_service,no_internet_service,no_internet_service,month-to-month,0,mailed_check,20.55,20.55,1
5541,6804-gdmoi,female,0,0,0,61,1,yes,fiber_optic,no,no,yes,yes,yes,yes,two_year,1,electronic_check,106.6,6428.4,1
5542,2990-ogytd,female,0,1,0,67,1,yes,dsl,no,yes,yes,yes,yes,yes,two_year,0,bank_transfer_(automatic),86.15,5883.85,0
5543,6646-jppha,female,1,0,0,14,1,no,fiber_optic,yes,yes,no,no,no,no,month-to-month,0,electronic_check,78.85,1043.8,0
5544,9572-mtilt,male,0,1,0,59,1,yes,fiber_optic,yes,yes,yes,yes,yes,no,month-to-month,1,electronic_check,106.75,6252.9,1
5545,7658-uyuqs,male,1,1,0,21,1,no,fiber_optic,no,no,yes,no,yes,no,month-to-month,0,bank_transfer_(automatic),86.55,1857.25,0
5546,7880-xsojx,male,0,0,0,4,0,no_phone_service,dsl,yes,yes,no,yes,no,no,month-to-month,0,mailed_check,42.4,146.4,0
5547,9611-ctwih,female,0,0,0,3,1,no,fiber_optic,no,no,no,no,yes,yes,month-to-month,1,electronic_check,89.45,240.45,1
5548,4589-iuajb,male,0,1,0,70,1,yes,no,no_internet_service,no_internet_service,no_internet_service,no_internet_service,no_internet_service,no_internet_service,two_year,0,bank_transfer_(automatic),24.25,1724.15,0
5549,0329-gtiaj,female,0,0,0,3,1,no,fiber_optic,no,yes,no,yes,yes,yes,month-to-month,1,electronic_check,97.9,315.3,1
5550,8746-bfoaj,male,1,0,0,21,1,no,no,no_internet_service,no_internet_service,no_internet_service,no_internet_service,no_internet_service,no_internet_service,one_year,0,bank_transfer_(automatic),20.5,429.55,0
5551,8457-xigkn,male,0,0,0,20,1,no,no,no_internet_service,no_internet_service,no_internet_service,no_internet_service,no_internet_service,no_internet_service,month-to-month,1,credit_card_(automatic),19.6,356.15,0
5552,6072-nuqcb,male,0,1,1,22,1,no,no,no_internet_service,no_internet_service,no_internet_service,no_internet_service,no_internet_service,no_internet_service,one_year,0,bank_transfer_(automatic),20.25,488.25,0
5553,6629-cztth,male,0,0,0,1,1,no,dsl,no,no,no,no,no,yes,month-to-month,1,mailed_check,55.7,55.7,1
5554,8838-gphzp,female,0,0,0,63,1,no,no,no_internet_service,no_internet_service,no_internet_service,no_internet_service,no_internet_service,no_internet_service,two_year,1,mailed_check,20.6,1298.7,0
5555,8750-qwzaj,female,0,1,1,70,1,no,no,no_internet_service,no_internet_service,no_internet_service,no_internet_service,no_internet_service,no_internet_service,two_year,0,bank_transfer_(automatic),19.8,1378.75,0
5556,5364-evnib,male,0,0,0,13,1,no,fiber_optic,no,yes,yes,no,no,no,month-to-month,1,electronic_check,79.8,973.45,1
5557,6918-umqcg,female,0,0,0,5,1,no,fiber_optic,no,no,no,no,yes,no,month-to-month,0,electronic_check,80.2,384.25,0
5558,0675-ncdyu,female,0,1,1,72,1,yes,fiber_optic,yes,yes,yes,yes,yes,yes,two_year,1,credit_card_(automatic),116.4,8543.25,0
5559,6339-dklmk,female,0,0,0,13,0,no_phone_service,dsl,no,yes,no,no,no,no,month-to-month,1,electronic_check,31.65,389.95,0
5560,1346-pjwtk,male,0,1,0,61,1,no,fiber_optic,no,yes,yes,yes,no,yes,month-to-month,0,credit_card_(automatic),94.15,5731.85,0
5561,5088-qzlrl,male,0,0,0,1,1,no,no,no_internet_service,no_internet_service,no_internet_service,no_internet_service,no_internet_service,no_internet_service,month-to-month,0,electronic_check,20.65,20.65,0
5562,8023-qhaio,female,1,1,0,56,1,yes,fiber_optic,no,no,no,yes,no,no,month-to-month,1,bank_transfer_(automatic),76.85,4275.75,0
5563,4397-frlta,female,0,0,0,4,1,no,no,no_internet_service,no_internet_service,no_internet_service,no_internet_service,no_internet_service,no_internet_service,month-to-month,0,mailed_check,20.15,84.5,0
5564,3057-vjjqe,male,0,0,0,35,1,yes,dsl,yes,no,no,no,no,no,two_year,0,mailed_check,55.25,1924.1,0
5565,5087-suurx,female,0,1,0,18,0,no_phone_service,dsl,no,no,yes,no,yes,no,month-to-month,1,electronic_check,39.05,669.85,1
5566,2302-ouzxb,male,0,1,0,72,1,yes,dsl,no,yes,yes,no,yes,yes,two_year,0,bank_transfer_(automatic),82.15,5784.3,0
5567,8133-anhhj,female,1,0,0,49,1,yes,fiber_optic,yes,yes,yes,yes,no,yes,one_year,0,bank_transfer_(automatic),103.0,5166.2,0
5568,2270-chbfn,female,0,1,0,44,1,yes,fiber_optic,yes,yes,yes,yes,no,no,month-to-month,1,credit_card_(automatic),95.1,4060.55,0
5569,0013-exchz,female,1,1,0,3,1,no,fiber_optic,no,no,no,yes,yes,no,month-to-month,1,mailed_check,83.9,267.4,1
5570,5982-fpvqn,female,0,1,1,37,1,yes,fiber_optic,no,yes,yes,no,no,yes,month-to-month,1,electronic_check,95.15,3532.85,0
5571,9107-ukcky,male,0,1,0,61,1,yes,dsl,no,yes,yes,no,yes,yes,one_year,1,electronic_check,79.8,4914.8,0
5572,4654-ulttn,male,0,1,0,70,1,yes,dsl,yes,no,yes,yes,no,yes,two_year,1,credit_card_(automatic),74.8,5315.8,0
5573,5550-vfrlc,female,1,0,0,1,1,no,fiber_optic,no,no,no,no,no,no,month-to-month,1,electronic_check,69.85,69.85,1
5574,5546-byzsm,female,0,0,0,41,1,no,no,no_internet_service,no_internet_service,no_internet_service,no_internet_service,no_internet_service,no_internet_service,month-to-month,0,electronic_check,20.45,775.6,0
5575,1492-kgeth,male,0,1,1,70,1,yes,dsl,yes,yes,yes,yes,no,yes,one_year,0,bank_transfer_(automatic),78.35,5445.95,0
5576,4929-bstrx,female,0,0,0,1,1,no,dsl,no,no,no,no,yes,no,month-to-month,1,mailed_check,53.55,53.55,1
5577,4163-hftuk,male,0,0,0,51,1,no,no,no_internet_service,no_internet_service,no_internet_service,no_internet_service,no_internet_service,no_internet_service,one_year,0,electronic_check,19.1,1007.8,0
5578,8215-ngspe,female,0,1,1,42,1,no,no,no_internet_service,no_internet_service,no_internet_service,no_internet_service,no_internet_service,no_internet_service,two_year,0,mailed_check,20.0,833.55,0
5579,2225-zrgsg,female,0,1,1,70,1,yes,fiber_optic,yes,yes,yes,yes,no,no,two_year,0,bank_transfer_(automatic),93.9,6579.05,1
5580,8859-ystws,male,0,0,0,48,1,no,no,no_internet_service,no_internet_service,no_internet_service,no_internet_service,no_internet_service,no_internet_service,one_year,0,bank_transfer_(automatic),19.95,1004.5,0
5581,5271-ynwvr,male,0,1,1,68,1,yes,fiber_optic,yes,yes,yes,yes,yes,yes,two_year,1,electronic_check,113.15,7856.0,1
5582,7601-dhfwz,female,0,0,0,48,1,yes,no,no_internet_service,no_internet_service,no_internet_service,no_internet_service,no_internet_service,no_internet_service,two_year,0,credit_card_(automatic),24.0,1183.05,0
5583,2657-almwy,female,1,1,0,26,1,no,fiber_optic,no,yes,no,no,no,yes,month-to-month,0,electronic_check,84.95,2169.75,1
5584,6330-jklpc,male,0,1,0,11,1,yes,fiber_optic,no,yes,no,no,no,no,month-to-month,1,bank_transfer_(automatic),80.5,896.9,1
5585,4667-ohgkg,male,0,0,0,1,1,no,no,no_internet_service,no_internet_service,no_internet_service,no_internet_service,no_internet_service,no_internet_service,month-to-month,1,mailed_check,19.3,19.3,1
5586,1998-vhjhk,female,0,0,0,27,1,no,no,no_internet_service,no_internet_service,no_internet_service,no_internet_service,no_internet_service,no_internet_service,one_year,0,mailed_check,19.15,501.35,0
5587,1707-habpf,female,1,0,0,46,1,no,fiber_optic,no,yes,yes,no,yes,no,one_year,1,bank_transfer_(automatic),91.3,4126.35,0
5588,1660-hsooq,male,0,0,0,1,1,no,dsl,no,no,yes,no,no,no,month-to-month,1,mailed_check,49.65,49.65,1
5589,7253-uvndw,female,0,0,0,46,1,no,dsl,no,no,yes,yes,no,no,two_year,0,credit_card_(automatic),54.35,2460.15,1
5590,0487-vvuvk,male,0,1,1,25,1,no,no,no_internet_service,no_internet_service,no_internet_service,no_internet_service,no_internet_service,no_internet_service,month-to-month,1,mailed_check,19.15,477.6,0
5591,7228-omtpn,male,0,0,0,4,1,no,fiber_optic,no,no,no,no,yes,yes,month-to-month,1,electronic_check,88.45,370.65,1
5592,5063-iuokk,male,0,0,0,13,1,no,no,no_internet_service,no_internet_service,no_internet_service,no_internet_service,no_internet_service,no_internet_service,two_year,0,mailed_check,19.75,265.75,0
5593,4508-oebey,male,0,1,0,31,1,no,dsl,yes,yes,yes,yes,no,yes,one_year,1,credit_card_(automatic),75.5,2424.45,0
5594,0027-kwykw,female,0,1,1,23,1,yes,fiber_optic,no,no,no,no,yes,no,month-to-month,1,electronic_check,83.75,1849.95,0
5595,2308-sterm,female,0,0,0,2,1,no,no,no_internet_service,no_internet_service,no_internet_service,no_internet_service,no_internet_service,no_internet_service,month-to-month,0,mailed_check,19.4,61.05,0
5596,5982-xmdex,female,0,0,0,65,1,yes,no,no_internet_service,no_internet_service,no_internet_service,no_internet_service,no_internet_service,no_internet_service,two_year,0,bank_transfer_(automatic),26.5,1698.55,0
5597,6284-ahooq,male,1,0,0,22,1,yes,fiber_optic,no,no,no,yes,yes,no,month-to-month,1,bank_transfer_(automatic),90.5,1910.6,1
5598,6051-ptvns,female,0,1,1,55,1,no,no,no_internet_service,no_internet_service,no_internet_service,no_internet_service,no_internet_service,no_internet_service,one_year,0,credit_card_(automatic),19.15,998.1,0
5599,2344-jmogn,male,0,1,0,9,1,no,fiber_optic,no,yes,yes,yes,yes,no,month-to-month,1,mailed_check,94.85,890.6,1
5600,3799-isuzq,male,0,1,1,7,1,no,fiber_optic,no,no,no,no,no,no,month-to-month,1,bank_transfer_(automatic),69.95,529.5,1
5601,2877-vduer,female,0,1,1,35,0,no_phone_service,dsl,no,no,no,yes,yes,no,one_year,0,mailed_check,40.9,1383.6,0
5602,9152-amkak,male,0,0,0,6,1,no,dsl,yes,no,yes,yes,yes,yes,two_year,1,mailed_check,80.25,493.4,0
5603,1794-hbqtj,female,0,0,0,1,1,no,dsl,yes,no,no,no,no,no,month-to-month,1,credit_card_(automatic),48.6,48.6,1
5604,9432-vofyx,male,0,0,0,17,1,no,fiber_optic,no,no,no,no,no,no,month-to-month,1,electronic_check,70.8,1207.0,0
5605,8049-wjclq,male,0,1,1,10,1,no,dsl,no,no,yes,no,yes,no,month-to-month,0,mailed_check,60.2,563.5,0
5606,6586-psjox,male,0,0,1,15,1,no,dsl,no,no,yes,yes,no,no,one_year,0,credit_card_(automatic),55.2,864.55,0
5607,2460-fpsyh,female,1,0,0,40,0,no_phone_service,dsl,yes,yes,no,no,yes,yes,month-to-month,1,electronic_check,55.8,2109.35,1
5608,9705-zjbcg,female,0,1,1,13,1,no,dsl,yes,no,no,yes,no,no,one_year,0,bank_transfer_(automatic),54.15,701.05,0
5609,4818-drbqt,male,0,1,0,29,1,yes,fiber_optic,no,yes,no,no,no,no,month-to-month,1,bank_transfer_(automatic),80.15,2265.25,1
5610,1320-htrdr,female,0,0,0,3,1,yes,fiber_optic,no,no,no,no,no,no,month-to-month,1,electronic_check,75.5,220.6,1
5611,6847-kjlts,female,1,1,0,58,1,yes,fiber_optic,no,no,no,yes,yes,yes,month-to-month,1,bank_transfer_(automatic),100.4,5749.8,0
5612,9670-bpnxf,female,0,0,0,45,1,no,dsl,yes,yes,no,yes,no,no,one_year,1,credit_card_(automatic),62.55,2796.45,0
5613,3913-fcuuw,female,0,1,1,72,1,yes,dsl,yes,yes,yes,yes,no,no,two_year,1,bank_transfer_(automatic),70.45,5165.7,0
5614,3301-vktgc,male,0,1,1,68,1,yes,fiber_optic,yes,yes,no,no,no,no,one_year,1,bank_transfer_(automatic),85.5,5696.6,0
5615,1493-amtie,male,0,0,0,1,1,no,no,no_internet_service,no_internet_service,no_internet_service,no_internet_service,no_internet_service,no_internet_service,month-to-month,1,bank_transfer_(automatic),20.2,20.2,1
5616,9555-sahuz,female,0,1,1,38,1,no,dsl,yes,yes,no,no,no,no,month-to-month,0,electronic_check,54.5,2076.05,0
5617,0816-tsphq,male,0,0,0,2,1,no,no,no_internet_service,no_internet_service,no_internet_service,no_internet_service,no_internet_service,no_internet_service,month-to-month,0,mailed_check,20.75,44.2,0
5618,9932-wbwik,male,0,0,0,11,1,no,no,no_internet_service,no_internet_service,no_internet_service,no_internet_service,no_internet_service,no_internet_service,month-to-month,0,mailed_check,20.35,215.25,0
5619,4619-evphy,female,1,1,0,20,1,no,fiber_optic,no,no,no,no,yes,yes,one_year,1,bank_transfer_(automatic),91.0,1859.5,0
5620,5286-yhcvc,male,0,1,0,72,1,yes,fiber_optic,no,yes,yes,no,yes,yes,two_year,1,bank_transfer_(automatic),104.8,7470.1,0
5621,6424-eleyh,female,0,1,0,3,1,yes,fiber_optic,no,no,no,no,no,no,month-to-month,1,credit_card_(automatic),74.75,229.5,1
5622,4391-reshn,male,0,0,0,23,1,yes,fiber_optic,no,no,yes,yes,yes,yes,month-to-month,1,mailed_check,104.05,2470.1,1
5623,9115-yqhga,male,0,0,0,40,1,no,dsl,no,no,no,yes,no,no,month-to-month,1,electronic_check,51.1,2092.9,0
5624,4462-cywmh,male,1,1,0,62,1,yes,fiber_optic,no,yes,no,no,no,yes,month-to-month,1,bank_transfer_(automatic),89.8,5629.55,0
5625,8963-mqvyn,female,0,0,1,22,1,no,no,no_internet_service,no_internet_service,no_internet_service,no_internet_service,no_internet_service,no_internet_service,month-to-month,1,electronic_check,20.55,469.85,0
5626,2458-eomre,female,0,0,0,11,1,no,dsl,yes,no,yes,no,no,yes,month-to-month,0,bank_transfer_(automatic),64.05,733.95,0
5627,9334-gwgow,male,1,1,0,7,1,yes,fiber_optic,no,no,no,no,no,no,month-to-month,1,electronic_check,74.85,485.25,0
5628,6821-buxux,female,0,0,0,13,1,yes,fiber_optic,yes,yes,no,no,yes,no,month-to-month,1,electronic_check,96.65,1244.5,1
5629,5028-htljb,male,1,0,0,1,1,no,no,no_internet_service,no_internet_service,no_internet_service,no_internet_service,no_internet_service,no_internet_service,month-to-month,0,mailed_check,20.05,20.05,1
5630,9801-gdwgv,female,0,0,0,39,1,yes,fiber_optic,no,yes,yes,no,yes,yes,month-to-month,1,electronic_check,103.45,3994.45,1
5631,6542-lwgxj,male,0,1,0,3,0,no_phone_service,dsl,no,no,no,no,no,no,month-to-month,0,mailed_check,25.0,78.25,0
5632,5567-gzkqy,male,0,0,0,58,1,no,no,no_internet_service,no_internet_service,no_internet_service,no_internet_service,no_internet_service,no_internet_service,two_year,0,credit_card_(automatic),20.3,1131.5,0
5633,1222-lryko,male,0,0,1,6,1,yes,no,no_internet_service,no_internet_service,no_internet_service,no_internet_service,no_internet_service,no_internet_service,month-to-month,0,mailed_check,26.35,184.05,0
5634,2320-jrsde,female,0,1,1,1,1,no,no,no_internet_service,no_internet_service,no_internet_service,no_internet_service,no_internet_service,no_internet_service,month-to-month,1,electronic_check,19.9,19.9,1
5635,2087-qarey,female,0,1,0,22,1,no,dsl,no,yes,yes,no,no,no,month-to-month,1,mailed_check,54.7,1178.75,0
5636,0601-wzhjf,male,0,1,0,14,0,no_phone_service,dsl,no,no,no,no,yes,yes,month-to-month,0,electronic_check,46.35,667.7,1
5637,4423-jwzjn,male,0,1,1,64,1,yes,fiber_optic,no,no,yes,no,no,yes,one_year,0,credit_card_(automatic),90.25,5629.15,0
5638,5143-wmwog,male,0,0,0,1,1,no,no,no_internet_service,no_internet_service,no_internet_service,no_internet_service,no_internet_service,no_internet_service,month-to-month,0,electronic_check,19.95,19.95,1
5639,6490-fgzat,male,0,0,0,6,1,no,no,no_internet_service,no_internet_service,no_internet_service,no_internet_service,no_internet_service,no_internet_service,month-to-month,0,mailed_check,20.65,109.3,0
5640,5393-rxqsz,male,0,0,0,1,1,no,fiber_optic,no,no,no,no,no,yes,month-to-month,0,electronic_check,79.6,79.6,1
5641,7452-folon,male,0,0,1,39,1,yes,no,no_internet_service,no_internet_service,no_internet_service,no_internet_service,no_internet_service,no_internet_service,one_year,0,bank_transfer_(automatic),25.45,958.45,0
5642,2320-tzrrh,female,0,0,0,20,1,no,no,no_internet_service,no_internet_service,no_internet_service,no_internet_service,no_internet_service,no_internet_service,one_year,0,mailed_check,19.5,403.15,0
5643,0231-lxvap,male,0,0,0,1,1,no,fiber_optic,no,no,no,yes,no,no,month-to-month,1,electronic_check,75.9,75.9,1
5644,9444-jtxhz,male,0,1,0,1,1,no,fiber_optic,no,no,yes,no,no,no,month-to-month,0,electronic_check,76.2,76.2,1
5645,4942-vzzom,male,0,1,0,64,1,yes,dsl,yes,no,no,no,yes,no,one_year,1,credit_card_(automatic),66.15,4392.5,0
5646,5510-boiuj,male,0,0,1,1,1,no,no,no_internet_service,no_internet_service,no_internet_service,no_internet_service,no_internet_service,no_internet_service,month-to-month,0,mailed_check,19.25,19.25,1
5647,7502-bnygs,female,0,1,0,46,1,no,dsl,no,yes,no,no,yes,yes,month-to-month,1,credit_card_(automatic),69.1,3168.0,0
5648,4291-hyebc,female,1,1,1,28,0,no_phone_service,dsl,no,yes,no,no,no,yes,one_year,1,electronic_check,39.1,1096.6,0
5649,6147-cbcra,female,0,1,0,33,1,no,no,no_internet_service,no_internet_service,no_internet_service,no_internet_service,no_internet_service,no_internet_service,month-to-month,0,mailed_check,20.05,669.45,0
5650,6047-suhpr,male,0,1,1,39,1,no,dsl,yes,yes,yes,no,no,no,one_year,0,electronic_check,59.8,2343.85,0
5651,4471-kxauh,female,0,1,0,42,1,yes,fiber_optic,no,no,yes,yes,no,no,month-to-month,1,electronic_check,84.3,3588.4,1
5652,9752-znqut,female,0,0,0,1,1,no,dsl,no,yes,no,no,no,no,month-to-month,1,electronic_check,48.6,48.6,0
5653,7638-qvmvy,female,0,0,0,7,1,no,fiber_optic,no,no,no,no,yes,no,month-to-month,1,electronic_check,79.0,522.95,1
5654,1576-pfziw,male,1,1,0,70,1,no,fiber_optic,yes,yes,yes,no,yes,yes,two_year,0,credit_card_(automatic),105.35,7511.9,0
5655,5666-mbjpt,male,0,0,0,65,1,yes,no,no_internet_service,no_internet_service,no_internet_service,no_internet_service,no_internet_service,no_internet_service,two_year,1,bank_transfer_(automatic),25.1,1725.0,0
5656,7312-xsbat,male,0,0,0,1,1,no,dsl,yes,no,no,no,no,no,month-to-month,0,electronic_check,49.75,49.75,0
5657,3096-gkweb,male,0,1,0,18,1,yes,fiber_optic,no,no,no,no,yes,yes,month-to-month,1,electronic_check,94.75,1691.9,0
5658,2371-jqhzz,male,0,1,0,24,1,yes,fiber_optic,no,no,no,no,yes,yes,month-to-month,1,electronic_check,93.0,2248.05,0
5659,0674-gcdxg,male,0,0,0,63,1,yes,dsl,yes,no,yes,yes,no,yes,two_year,1,bank_transfer_(automatic),71.9,4479.2,0
5660,1121-qsivb,female,0,0,1,44,1,yes,dsl,no,yes,no,no,yes,yes,one_year,1,mailed_check,77.55,3471.1,0
5661,4396-klseh,male,0,0,0,4,1,no,no,no_internet_service,no_internet_service,no_internet_service,no_internet_service,no_internet_service,no_internet_service,month-to-month,1,electronic_check,19.85,63.0,0
5662,3244-dcjwy,female,0,0,0,1,1,no,fiber_optic,no,no,no,no,no,no,month-to-month,1,electronic_check,70.25,70.25,1
5663,2824-myybn,female,0,1,1,37,1,yes,fiber_optic,no,no,no,no,yes,yes,month-to-month,1,electronic_check,95.25,3314.15,0
5664,0875-cabnr,female,1,0,0,10,1,no,fiber_optic,no,no,yes,no,no,yes,month-to-month,1,credit_card_(automatic),84.6,865.55,1
5665,6345-hoves,male,0,0,0,34,0,no_phone_service,dsl,no,no,no,no,no,no,month-to-month,1,bank_transfer_(automatic),25.05,852.7,0
5666,8318-lcnbw,male,0,1,0,35,0,no_phone_service,dsl,yes,no,yes,no,yes,yes,one_year,0,credit_card_(automatic),53.15,1930.9,0
5667,6469-qjkzw,female,0,1,0,4,1,no,no,no_internet_service,no_internet_service,no_internet_service,no_internet_service,no_internet_service,no_internet_service,month-to-month,0,electronic_check,20.15,91.4,0
5668,0147-eswwr,female,1,1,0,39,1,yes,fiber_optic,no,no,no,yes,yes,yes,month-to-month,1,electronic_check,101.25,3949.15,0
5669,1217-vaswc,male,1,1,0,43,1,no,fiber_optic,no,yes,yes,no,yes,yes,one_year,1,bank_transfer_(automatic),100.55,4304.0,0
5670,7812-fzhpe,female,0,1,1,17,1,yes,no,no_internet_service,no_internet_service,no_internet_service,no_internet_service,no_internet_service,no_internet_service,month-to-month,0,mailed_check,24.1,409.9,1
5671,6370-zvhdv,female,0,1,0,61,1,yes,no,no_internet_service,no_internet_service,no_internet_service,no_internet_service,no_internet_service,no_internet_service,two_year,0,bank_transfer_(automatic),25.3,1554.9,0
5672,5915-dgnvc,female,0,1,0,49,1,yes,dsl,yes,yes,yes,no,no,yes,one_year,0,electronic_check,71.8,3472.05,0
5673,6260-xlacs,male,0,0,0,4,1,no,no,no_internet_service,no_internet_service,no_internet_service,no_internet_service,no_internet_service,no_internet_service,one_year,0,mailed_check,19.7,117.8,0
5674,3566-caayu,female,0,1,1,64,0,no_phone_service,dsl,no,yes,yes,yes,no,yes,two_year,0,electronic_check,49.85,3210.35,0
5675,4983-ccwmc,male,0,0,0,3,1,no,fiber_optic,no,no,no,no,no,no,month-to-month,1,mailed_check,69.6,207.4,0
5676,9103-cxvok,male,0,1,1,1,1,no,no,no_internet_service,no_internet_service,no_internet_service,no_internet_service,no_internet_service,no_internet_service,month-to-month,0,electronic_check,19.75,19.75,0
5677,2896-tbnbe,male,0,1,0,40,1,no,fiber_optic,no,yes,yes,no,no,no,one_year,0,electronic_check,80.8,3132.75,0
5678,4797-axpxk,female,0,0,1,1,1,no,dsl,yes,yes,no,yes,no,no,month-to-month,1,electronic_check,60.0,60.0,1
5679,5229-prwkt,male,0,0,0,8,1,yes,fiber_optic,no,no,no,no,no,yes,month-to-month,1,electronic_check,86.55,649.65,1
5680,6982-uqzly,female,1,1,0,1,1,no,no,no_internet_service,no_internet_service,no_internet_service,no_internet_service,no_internet_service,no_internet_service,month-to-month,1,mailed_check,20.85,20.85,1
5681,2522-wlnsf,female,1,1,0,34,1,no,dsl,no,no,yes,yes,yes,no,one_year,0,bank_transfer_(automatic),64.2,2106.3,0
5682,3841-conlj,female,0,1,0,1,0,no_phone_service,dsl,no,no,no,no,no,yes,month-to-month,0,electronic_check,35.0,35.0,0
5683,5057-lcoui,female,0,0,0,39,0,no_phone_service,dsl,no,no,yes,no,yes,yes,month-to-month,1,electronic_check,50.75,2011.4,1
5684,0193-eszxp,female,1,1,0,58,1,no,fiber_optic,yes,yes,no,yes,yes,yes,one_year,1,credit_card_(automatic),105.5,6205.5,1
5685,4475-nvtlu,male,0,1,1,45,1,no,no,no_internet_service,no_internet_service,no_internet_service,no_internet_service,no_internet_service,no_internet_service,two_year,0,electronic_check,19.2,903.7,0
5686,4369-htuif,male,1,0,0,6,1,no,fiber_optic,yes,no,no,no,yes,no,month-to-month,1,bank_transfer_(automatic),85.15,503.6,1
5687,9386-ldczr,male,0,0,0,43,1,no,fiber_optic,yes,yes,yes,yes,no,no,one_year,1,credit_card_(automatic),90.65,3882.3,0
5688,9585-kkmfd,male,0,1,1,41,1,no,no,no_internet_service,no_internet_service,no_internet_service,no_internet_service,no_internet_service,no_internet_service,two_year,1,mailed_check,20.0,879.8,0
5689,5399-zimkf,male,0,0,0,5,1,no,fiber_optic,no,yes,no,no,no,no,month-to-month,1,electronic_check,74.65,383.65,0
5690,0336-kxkfk,male,0,0,0,72,0,no_phone_service,dsl,yes,no,yes,yes,yes,yes,two_year,1,credit_card_(automatic),61.2,4390.25,0
5691,5619-xzzkr,male,0,0,0,4,1,no,no,no_internet_service,no_internet_service,no_internet_service,no_internet_service,no_internet_service,no_internet_service,one_year,0,mailed_check,19.95,68.2,0
5692,3948-fvvrp,male,0,1,1,9,1,no,dsl,no,yes,no,yes,no,no,month-to-month,0,mailed_check,54.8,452.8,0
5693,5327-xokky,male,1,1,0,72,1,yes,dsl,no,no,yes,no,yes,yes,two_year,1,credit_card_(automatic),73.45,5329.0,0
5694,0983-tatyj,female,0,1,0,33,1,no,dsl,no,no,no,yes,no,no,one_year,1,mailed_check,51.45,1758.9,0
5695,1813-jywto,female,0,1,0,72,1,yes,fiber_optic,yes,no,no,no,no,no,two_year,0,bank_transfer_(automatic),80.45,5737.6,0
5696,0156-fvpta,male,0,1,0,22,1,no,dsl,yes,no,no,yes,no,no,month-to-month,1,electronic_check,54.2,1152.7,1
5697,1984-fcowb,female,0,1,0,70,1,yes,fiber_optic,no,yes,yes,yes,yes,yes,one_year,1,electronic_check,109.5,7674.55,1
5698,0654-hmshn,male,0,1,1,21,1,yes,fiber_optic,no,yes,yes,no,yes,yes,month-to-month,0,electronic_check,104.4,2157.95,1
5699,6719-oxybr,male,0,0,0,15,1,no,fiber_optic,no,no,yes,no,yes,no,month-to-month,0,electronic_check,85.3,1219.85,0
5700,3312-zwlgf,male,1,1,0,29,1,yes,fiber_optic,no,no,no,yes,no,no,month-to-month,1,electronic_check,79.3,2414.55,0
5701,6476-yhmga,female,0,1,1,15,1,no,dsl,no,yes,yes,yes,yes,yes,month-to-month,0,bank_transfer_(automatic),76.5,1155.6,0
5702,5287-qwlky,male,1,1,1,71,1,yes,fiber_optic,yes,yes,no,no,yes,yes,month-to-month,1,credit_card_(automatic),105.1,7548.1,1
5703,0795-xccte,male,1,0,0,72,1,yes,no,no_internet_service,no_internet_service,no_internet_service,no_internet_service,no_internet_service,no_internet_service,two_year,0,bank_transfer_(automatic),25.4,1809.35,0
5704,0168-xzkbb,female,0,1,0,19,1,yes,fiber_optic,no,no,no,no,yes,no,month-to-month,1,electronic_check,86.85,1564.4,0
5705,3785-nrhyr,male,0,0,0,1,1,no,no,no_internet_service,no_internet_service,no_internet_service,no_internet_service,no_internet_service,no_internet_service,month-to-month,0,mailed_check,19.65,19.65,0
5706,5196-sgoak,female,0,0,0,1,1,no,fiber_optic,no,yes,no,no,no,no,month-to-month,1,electronic_check,75.7,75.7,1
5707,4537-dktal,female,0,0,0,2,1,no,dsl,no,no,no,no,no,no,month-to-month,0,electronic_check,45.55,84.4,0
5708,7072-mbhev,female,1,1,1,11,1,yes,fiber_optic,no,no,yes,no,no,no,month-to-month,1,credit_card_(automatic),78.1,864.85,0
5709,5602-bvfmk,female,0,0,0,12,1,no,no,no_internet_service,no_internet_service,no_internet_service,no_internet_service,no_internet_service,no_internet_service,one_year,0,mailed_check,19.3,228.75,0
5710,6297-noopg,female,0,1,0,70,1,yes,fiber_optic,no,yes,yes,yes,yes,yes,two_year,1,electronic_check,110.5,7752.05,0
5711,1891-uawwu,female,1,1,0,20,1,yes,fiber_optic,no,no,yes,no,yes,no,month-to-month,0,electronic_check,90.8,1951.0,1
5712,8204-tifgj,female,0,0,0,23,1,no,no,no_internet_service,no_internet_service,no_internet_service,no_internet_service,no_internet_service,no_internet_service,month-to-month,1,bank_transfer_(automatic),20.3,470.6,0
5713,8050-dvojx,male,1,0,0,49,1,yes,dsl,yes,yes,yes,yes,no,yes,two_year,0,credit_card_(automatic),81.35,4060.9,0
5714,6108-oqzdq,female,0,1,1,4,1,yes,fiber_optic,no,yes,no,no,yes,yes,month-to-month,1,electronic_check,97.95,384.5,1
5715,0363-qjvfx,male,0,0,0,32,1,yes,fiber_optic,yes,yes,no,yes,yes,yes,month-to-month,1,credit_card_(automatic),108.15,3432.9,1
5716,8903-xebgx,male,0,0,1,2,1,no,dsl,no,no,no,no,no,yes,month-to-month,1,electronic_check,55.3,108.65,0
5717,8169-saejd,male,1,1,0,69,0,no_phone_service,dsl,yes,yes,no,no,yes,yes,two_year,0,credit_card_(automatic),56.55,3952.65,0
5718,9840-dvndc,male,0,0,0,6,1,no,fiber_optic,no,no,no,no,yes,no,month-to-month,1,credit_card_(automatic),80.5,463.05,1
5719,1089-xzwhh,female,0,1,1,24,1,no,no,no_internet_service,no_internet_service,no_internet_service,no_internet_service,no_internet_service,no_internet_service,two_year,1,mailed_check,19.7,494.05,0
5720,2325-wines,female,0,0,0,32,1,yes,fiber_optic,no,yes,yes,no,yes,yes,one_year,1,credit_card_(automatic),104.05,3416.85,0
5721,6064-zatlr,female,0,0,0,27,1,no,dsl,yes,yes,no,no,no,no,two_year,0,bank_transfer_(automatic),52.85,1498.65,0
5722,3096-jrdso,female,1,1,0,27,1,yes,fiber_optic,yes,no,no,yes,yes,yes,month-to-month,1,bank_transfer_(automatic),104.3,2867.75,1
5723,7824-pansq,male,0,0,0,58,1,yes,fiber_optic,no,no,no,yes,no,no,month-to-month,0,bank_transfer_(automatic),80.65,4807.35,0
5724,8042-jvnfh,male,0,0,0,1,1,no,fiber_optic,no,no,no,no,no,no,month-to-month,1,mailed_check,71.35,71.35,1
5725,9648-bchkm,female,0,1,1,18,1,yes,no,no_internet_service,no_internet_service,no_internet_service,no_internet_service,no_internet_service,no_internet_service,two_year,1,credit_card_(automatic),24.65,471.35,0
5726,2888-adfao,female,0,1,1,47,1,no,no,no_internet_service,no_internet_service,no_internet_service,no_internet_service,no_internet_service,no_internet_service,two_year,1,bank_transfer_(automatic),21.3,1041.8,0
5727,8707-hoedg,female,0,1,1,70,1,yes,fiber_optic,no,yes,yes,yes,yes,yes,two_year,1,electronic_check,110.2,7689.8,0
5728,3374-lxdev,female,0,0,0,13,1,yes,fiber_optic,no,yes,yes,yes,no,no,month-to-month,0,electronic_check,89.4,1132.35,1
5729,4072-ipylt,female,0,1,1,36,1,no,dsl,yes,no,no,no,no,no,month-to-month,0,credit_card_(automatic),51.05,1815.0,0
5730,7167-pceyd,male,0,0,0,67,1,no,no,no_internet_service,no_internet_service,no_internet_service,no_internet_service,no_internet_service,no_internet_service,two_year,1,mailed_check,19.8,1311.3,0
5731,4936-ypjnk,female,0,0,0,10,1,no,no,no_internet_service,no_internet_service,no_internet_service,no_internet_service,no_internet_service,no_internet_service,month-to-month,1,mailed_check,19.9,199.45,0
5732,1580-bmcmr,male,1,0,0,19,1,no,fiber_optic,yes,no,no,no,no,yes,month-to-month,1,electronic_check,87.3,1637.3,0
5733,4817-keqsp,female,0,1,1,71,1,no,no,no_internet_service,no_internet_service,no_internet_service,no_internet_service,no_internet_service,no_internet_service,two_year,0,bank_transfer_(automatic),19.85,1326.35,0
5734,6408-whtef,male,0,1,1,72,1,yes,dsl,yes,yes,yes,yes,yes,yes,two_year,1,mailed_check,89.4,6376.55,0
5735,9251-awqgt,female,0,1,1,48,1,no,no,no_internet_service,no_internet_service,no_internet_service,no_internet_service,no_internet_service,no_internet_service,two_year,0,mailed_check,20.0,935.9,0
5736,8749-cljxc,male,0,0,0,1,1,no,no,no_internet_service,no_internet_service,no_internet_service,no_internet_service,no_internet_service,no_internet_service,month-to-month,0,mailed_check,20.05,20.05,0
5737,7989-vcqoh,male,0,1,1,18,1,no,dsl,yes,no,yes,yes,yes,yes,month-to-month,0,electronic_check,83.25,1611.15,0
5738,5049-glyvg,male,0,0,0,1,1,no,no,no_internet_service,no_internet_service,no_internet_service,no_internet_service,no_internet_service,no_internet_service,month-to-month,0,mailed_check,20.6,20.6,1
5739,4199-qhjnm,male,1,1,0,67,1,yes,fiber_optic,no,yes,no,yes,yes,yes,two_year,0,bank_transfer_(automatic),102.9,6989.7,0
5740,8882-tlvrw,male,0,1,1,69,0,no_phone_service,dsl,yes,no,yes,yes,no,no,two_year,0,mailed_check,39.1,2779.5,0
5741,5883-gtgvd,male,0,0,0,19,1,yes,fiber_optic,no,yes,no,no,yes,yes,month-to-month,1,electronic_check,99.95,1931.75,1
5742,5135-grqjv,male,1,1,0,72,1,yes,fiber_optic,yes,yes,yes,yes,yes,yes,two_year,1,mailed_check,114.5,8331.95,0
5743,2384-ovpsa,female,1,0,0,38,1,no,no,no_internet_service,no_internet_service,no_internet_service,no_internet_service,no_internet_service,no_internet_service,two_year,0,mailed_check,20.2,735.9,0
5744,1371-wepds,male,1,1,0,40,1,no,dsl,no,no,no,no,no,yes,one_year,0,electronic_check,55.8,2283.3,0
5745,3580-gicbm,female,0,1,1,61,1,yes,no,no_internet_service,no_internet_service,no_internet_service,no_internet_service,no_internet_service,no_internet_service,two_year,1,mailed_check,24.2,1445.2,0
5746,4817-qrjsx,female,0,0,0,10,1,yes,fiber_optic,no,yes,no,no,no,no,month-to-month,1,credit_card_(automatic),81.0,818.05,1
5747,9730-drtmj,male,0,1,0,32,1,yes,dsl,yes,no,no,yes,yes,no,one_year,1,credit_card_(automatic),72.8,2333.05,0
5748,4686-uxdml,female,0,0,0,21,1,yes,fiber_optic,no,yes,no,no,yes,yes,month-to-month,1,credit_card_(automatic),99.85,1992.55,0
5749,3349-anqnh,female,1,0,0,59,1,yes,fiber_optic,no,no,yes,no,yes,yes,one_year,1,electronic_check,99.5,5890.0,0
5750,2398-ypmur,female,1,1,0,13,1,no,fiber_optic,no,no,no,no,no,no,month-to-month,1,electronic_check,70.15,916.75,1
5751,0932-yixyu,female,0,0,0,47,1,no,no,no_internet_service,no_internet_service,no_internet_service,no_internet_service,no_internet_service,no_internet_service,two_year,0,credit_card_(automatic),20.25,1029.8,0
5752,7480-splef,male,0,1,1,69,1,yes,no,no_internet_service,no_internet_service,no_internet_service,no_internet_service,no_internet_service,no_internet_service,two_year,1,bank_transfer_(automatic),26.0,1796.55,0
5753,7636-xuhww,male,0,0,0,2,1,no,no,no_internet_service,no_internet_service,no_internet_service,no_internet_service,no_internet_service,no_internet_service,month-to-month,1,credit_card_(automatic),19.9,33.7,0
5754,1431-cywmh,female,0,1,1,22,1,no,no,no_internet_service,no_internet_service,no_internet_service,no_internet_service,no_internet_service,no_internet_service,month-to-month,0,bank_transfer_(automatic),19.05,454.05,0
5755,5937-eorgb,male,1,1,0,15,1,yes,fiber_optic,yes,no,yes,no,yes,no,month-to-month,1,electronic_check,96.5,1392.25,0
5756,6349-jdhqp,female,0,0,0,53,1,no,no,no_internet_service,no_internet_service,no_internet_service,no_internet_service,no_internet_service,no_internet_service,two_year,0,credit_card_(automatic),19.85,1049.6,0
5757,5539-hivak,female,1,1,0,28,1,yes,no,no_internet_service,no_internet_service,no_internet_service,no_internet_service,no_internet_service,no_internet_service,month-to-month,0,mailed_check,25.7,734.6,0
5758,5847-mxbeo,male,0,0,0,22,1,no,no,no_internet_service,no_internet_service,no_internet_service,no_internet_service,no_internet_service,no_internet_service,one_year,0,mailed_check,20.3,475.1,0
5759,9985-mwvix,female,0,0,0,1,1,no,fiber_optic,no,no,no,no,no,no,month-to-month,1,mailed_check,70.15,70.15,1
5760,4583-parnh,male,1,1,0,16,1,no,fiber_optic,no,no,yes,yes,no,yes,month-to-month,1,electronic_check,91.55,1540.05,0
5761,1116-fryvh,female,0,1,1,48,0,no_phone_service,dsl,yes,yes,no,yes,no,no,two_year,0,mailed_check,39.4,1978.65,0
5762,1421-hcerk,male,1,1,0,30,1,yes,fiber_optic,yes,yes,yes,yes,yes,no,month-to-month,1,bank_transfer_(automatic),105.7,3181.8,0
5763,9633-xqabv,female,0,0,0,3,1,no,fiber_optic,no,no,no,no,no,no,month-to-month,1,electronic_check,70.25,229.7,0
5764,0716-bqndx,male,1,0,0,57,1,yes,fiber_optic,yes,no,no,yes,no,yes,two_year,0,electronic_check,93.75,5625.55,0
5765,1265-xtecc,female,1,1,0,68,1,yes,fiber_optic,yes,yes,no,no,no,yes,one_year,1,credit_card_(automatic),96.55,6581.9,1
5766,1183-canvh,female,0,1,0,23,1,no,dsl,no,no,no,yes,yes,no,one_year,0,bank_transfer_(automatic),60.0,1347.15,0
5767,1972-xmuwv,female,0,1,0,65,1,no,dsl,no,no,no,yes,yes,no,two_year,1,credit_card_(automatic),59.8,3808.2,0
5768,8679-lzbmd,male,0,1,0,44,1,no,fiber_optic,no,no,no,no,yes,yes,one_year,1,bank_transfer_(automatic),90.65,3974.15,0
5769,3407-jmjqq,female,0,1,1,71,1,yes,fiber_optic,yes,yes,yes,no,yes,yes,two_year,1,bank_transfer_(automatic),109.0,7661.8,0
5770,6252-dfgtk,female,0,1,0,37,1,yes,dsl,yes,no,yes,yes,no,no,one_year,0,credit_card_(automatic),68.1,2479.25,0
5771,1539-lnkhm,female,0,0,0,12,1,no,no,no_internet_service,no_internet_service,no_internet_service,no_internet_service,no_internet_service,no_internet_service,month-to-month,0,mailed_check,20.4,266.6,0
5772,8645-komjq,male,0,1,1,69,1,yes,dsl,no,yes,yes,yes,yes,yes,two_year,1,bank_transfer_(automatic),81.95,5601.4,0
5773,0289-ivarm,female,0,0,0,35,1,no,dsl,yes,yes,yes,no,no,no,month-to-month,0,electronic_check,60.55,1982.6,0
5774,9761-xujwd,male,0,0,0,5,1,no,dsl,no,yes,no,yes,no,yes,month-to-month,1,bank_transfer_(automatic),65.6,339.9,0
5775,4057-fkczk,male,0,1,1,58,1,yes,fiber_optic,no,no,no,no,yes,no,two_year,0,bank_transfer_(automatic),82.5,4828.05,0
5776,4291-tpnfg,male,0,1,0,72,1,yes,dsl,yes,yes,yes,yes,no,yes,two_year,1,bank_transfer_(automatic),82.3,5980.55,0
5777,6087-ypwho,male,0,1,0,72,1,yes,dsl,yes,yes,yes,yes,no,no,two_year,0,mailed_check,68.15,4808.7,0
5778,3090-qfuvd,female,0,0,0,1,1,no,no,no_internet_service,no_internet_service,no_internet_service,no_internet_service,no_internet_service,no_internet_service,month-to-month,0,credit_card_(automatic),20.3,20.3,0
5779,2237-zfsmy,female,0,0,0,39,1,no,fiber_optic,yes,no,yes,yes,yes,no,one_year,1,electronic_check,95.55,3692.85,1
5780,1722-ldzjs,male,0,1,1,53,1,no,no,no_internet_service,no_internet_service,no_internet_service,no_internet_service,no_internet_service,no_internet_service,one_year,0,credit_card_(automatic),20.2,1068.15,0
5781,1818-esqmw,female,0,0,0,27,1,no,fiber_optic,no,no,yes,yes,no,yes,month-to-month,1,electronic_check,89.2,2383.6,0
5782,4871-jtkjf,female,1,0,0,1,1,no,fiber_optic,no,no,no,no,no,no,month-to-month,1,electronic_check,69.65,69.65,1
5783,1415-yfwlt,female,1,0,0,1,1,no,fiber_optic,no,no,no,no,yes,yes,month-to-month,1,electronic_check,89.3,89.3,1
5784,7401-rubnk,female,0,1,0,18,1,no,fiber_optic,yes,no,no,no,no,no,month-to-month,0,electronic_check,74.8,1438.05,0
5785,0506-ylvkj,male,0,1,1,46,1,no,no,no_internet_service,no_internet_service,no_internet_service,no_internet_service,no_internet_service,no_internet_service,two_year,1,mailed_check,20.2,917.45,0
5786,8661-boynw,female,0,1,0,72,1,yes,dsl,yes,no,yes,yes,yes,yes,two_year,1,credit_card_(automatic),84.4,6096.45,0
5787,6711-vtnre,female,0,0,0,36,1,no,fiber_optic,no,no,yes,yes,no,yes,month-to-month,1,electronic_check,87.55,3078.1,1
5788,4815-gbtcd,female,0,1,0,4,0,no_phone_service,dsl,no,no,no,no,no,no,month-to-month,1,electronic_check,25.15,99.95,0
5789,2805-aufqn,female,0,0,0,25,1,no,no,no_internet_service,no_internet_service,no_internet_service,no_internet_service,no_internet_service,no_internet_service,two_year,0,credit_card_(automatic),19.8,475.2,0
5790,0980-pvmrc,female,0,1,1,40,0,no_phone_service,dsl,no,yes,no,no,yes,yes,month-to-month,1,electronic_check,50.85,2036.55,0
5791,7233-drtrf,male,0,1,0,63,1,yes,fiber_optic,no,yes,yes,no,yes,yes,month-to-month,1,electronic_check,102.4,6444.05,0
5792,3500-rmzlt,female,1,0,0,15,1,no,fiber_optic,yes,no,yes,yes,no,yes,month-to-month,1,mailed_check,96.3,1426.75,1
5793,3873-nftgi,male,0,0,0,14,1,yes,dsl,no,yes,no,no,no,no,month-to-month,1,credit_card_(automatic),55.5,767.55,0
5794,1162-ecvii,male,1,1,0,72,1,yes,fiber_optic,no,yes,yes,yes,yes,yes,two_year,1,bank_transfer_(automatic),109.75,7932.5,0
5795,7048-gxday,male,0,0,0,39,1,yes,fiber_optic,yes,yes,no,no,yes,yes,month-to-month,1,electronic_check,106.4,4040.65,0
5796,8571-zcmcx,female,0,1,1,47,0,no_phone_service,dsl,yes,yes,yes,no,yes,yes,two_year,1,credit_card_(automatic),60.0,2768.65,0
5797,1169-wcvak,male,0,1,0,19,1,yes,fiber_optic,yes,yes,no,yes,no,no,month-to-month,1,credit_card_(automatic),88.8,1672.35,0
5798,4548-sdbke,female,0,0,0,5,1,yes,fiber_optic,no,no,no,no,yes,no,month-to-month,1,electronic_check,85.2,474.8,1
5799,8066-poxgx,female,0,0,0,13,0,no_phone_service,dsl,no,no,no,no,no,yes,month-to-month,1,electronic_check,35.1,446.1,1
5800,7129-cakjw,female,0,0,0,17,1,yes,fiber_optic,no,no,yes,no,no,no,month-to-month,0,bank_transfer_(automatic),80.05,1345.65,0
5801,8695-argxz,male,1,1,0,34,1,yes,fiber_optic,no,no,no,no,no,no,month-to-month,1,electronic_check,75.55,2425.4,0
5802,3570-yuekj,female,0,0,0,42,1,no,dsl,no,yes,no,no,no,no,month-to-month,1,electronic_check,49.55,2077.95,0
5803,4143-oobwz,male,0,1,0,5,1,yes,fiber_optic,no,yes,no,no,no,no,month-to-month,1,electronic_check,81.3,416.3,1
5804,1555-hapsu,female,0,1,1,71,1,yes,no,no_internet_service,no_internet_service,no_internet_service,no_internet_service,no_internet_service,no_internet_service,two_year,0,credit_card_(automatic),23.9,1663.5,0
5805,1697-nvvgy,male,1,1,0,19,1,no,dsl,yes,no,yes,no,yes,no,month-to-month,0,bank_transfer_(automatic),66.4,1286.05,0
5806,7854-ektjl,female,0,0,1,2,1,no,no,no_internet_service,no_internet_service,no_internet_service,no_internet_service,no_internet_service,no_internet_service,month-to-month,1,electronic_check,19.6,35.85,1
5807,8464-eetcq,male,0,0,0,57,1,no,no,no_internet_service,no_internet_service,no_internet_service,no_internet_service,no_internet_service,no_internet_service,two_year,0,credit_card_(automatic),18.8,1094.35,0
5808,2419-fsors,male,0,1,0,72,1,yes,fiber_optic,no,yes,yes,yes,yes,yes,two_year,1,electronic_check,108.4,7719.5,0
5809,8132-ypvbx,female,0,0,0,6,1,no,fiber_optic,no,yes,no,no,no,yes,month-to-month,1,mailed_check,85.95,514.6,0
5810,9102-iayht,female,0,1,1,17,1,yes,fiber_optic,no,no,no,no,no,yes,month-to-month,1,electronic_check,85.45,1451.6,1
5811,6754-lzuka,male,0,1,0,61,1,yes,dsl,no,yes,yes,no,yes,yes,two_year,0,bank_transfer_(automatic),80.9,4932.5,0
5812,3422-lyepq,male,0,1,1,1,1,no,fiber_optic,no,no,no,no,no,no,month-to-month,1,electronic_check,71.0,71.0,1
5813,8099-mzpuj,male,0,1,1,48,1,yes,fiber_optic,yes,yes,yes,yes,yes,yes,two_year,0,credit_card_(automatic),111.8,5443.65,0
5814,0787-lhdyt,male,0,0,0,16,1,no,no,no_internet_service,no_internet_service,no_internet_service,no_internet_service,no_internet_service,no_internet_service,month-to-month,1,credit_card_(automatic),20.6,330.25,0
5815,2642-dtvco,male,1,0,0,9,1,yes,fiber_optic,no,no,no,no,no,yes,month-to-month,1,electronic_check,85.05,746.5,1
5816,0374-ioegq,female,0,0,0,3,1,no,dsl,no,no,no,no,no,no,month-to-month,0,electronic_check,44.6,122.7,0
5817,4361-jeivl,male,0,0,1,1,1,no,dsl,no,no,no,no,no,no,month-to-month,1,electronic_check,44.4,44.4,1
5818,3197-nnynb,male,0,0,0,65,1,yes,fiber_optic,no,yes,yes,no,yes,yes,two_year,0,credit_card_(automatic),105.1,6631.85,0
5819,3396-dkdel,female,0,1,1,70,1,yes,fiber_optic,yes,yes,yes,yes,yes,yes,two_year,1,credit_card_(automatic),115.15,8250.0,0
5820,1752-ozxfy,male,0,1,0,60,1,no,dsl,yes,no,no,no,yes,no,one_year,1,mailed_check,59.8,3561.15,0
5821,9066-qrsdu,female,0,1,0,69,1,yes,no,no_internet_service,no_internet_service,no_internet_service,no_internet_service,no_internet_service,no_internet_service,one_year,1,electronic_check,26.3,1763.55,0
5822,9112-wsnpu,female,1,0,0,35,1,no,fiber_optic,no,no,no,no,no,no,month-to-month,0,electronic_check,70.55,2419.0,0
5823,9867-nnxlc,female,0,0,0,22,1,no,no,no_internet_service,no_internet_service,no_internet_service,no_internet_service,no_internet_service,no_internet_service,month-to-month,1,mailed_check,20.05,470.2,0
5824,5321-ntrkc,male,0,1,1,66,1,yes,dsl,no,yes,yes,no,yes,yes,two_year,0,bank_transfer_(automatic),79.85,5234.95,0
5825,1363-txlsl,male,1,1,0,1,1,no,fiber_optic,no,no,no,no,no,no,month-to-month,1,electronic_check,70.3,70.3,1
5826,9507-exltt,female,0,1,0,1,1,no,fiber_optic,no,no,no,no,yes,no,month-to-month,1,bank_transfer_(automatic),79.35,79.35,1
5827,3161-getrm,male,0,1,1,34,1,yes,fiber_optic,no,no,yes,no,no,yes,month-to-month,1,credit_card_(automatic),90.05,3097.0,0
5828,0402-oamen,female,0,1,1,72,1,yes,no,no_internet_service,no_internet_service,no_internet_service,no_internet_service,no_internet_service,no_internet_service,two_year,0,bank_transfer_(automatic),24.45,1709.1,0
5829,6933-vlyfx,male,0,1,1,31,0,no_phone_service,dsl,yes,no,yes,yes,yes,yes,one_year,0,electronic_check,59.95,1848.8,0
5830,6754-wkshp,male,0,0,1,30,1,yes,no,no_internet_service,no_internet_service,no_internet_service,no_internet_service,no_internet_service,no_internet_service,one_year,0,bank_transfer_(automatic),25.35,723.3,0
5831,9846-gkxas,female,0,0,0,9,1,no,fiber_optic,no,no,no,no,yes,yes,month-to-month,1,bank_transfer_(automatic),90.8,809.75,1
5832,6017-pplpx,male,0,1,1,20,1,no,fiber_optic,no,no,no,no,no,no,month-to-month,1,electronic_check,70.45,1470.95,1
5833,4976-lnfvv,male,1,1,0,19,0,no_phone_service,dsl,no,yes,yes,no,no,no,month-to-month,1,credit_card_(automatic),34.3,577.15,0
5834,5055-mgmgf,female,0,1,0,65,1,yes,fiber_optic,yes,no,yes,no,yes,yes,month-to-month,1,electronic_check,105.05,6914.95,0
5835,4641-frolu,female,0,1,1,30,1,no,no,no_internet_service,no_internet_service,no_internet_service,no_internet_service,no_internet_service,no_internet_service,two_year,0,mailed_check,19.3,602.9,0
5836,2862-jveoy,male,0,0,0,6,1,no,no,no_internet_service,no_internet_service,no_internet_service,no_internet_service,no_internet_service,no_internet_service,one_year,0,mailed_check,19.15,124.4,0
5837,2969-qwubz,female,0,0,0,2,0,no_phone_service,dsl,no,yes,no,no,yes,yes,month-to-month,0,electronic_check,51.4,96.8,0
5838,9822-biign,male,0,1,1,53,1,yes,dsl,yes,no,no,yes,no,yes,month-to-month,0,electronic_check,71.85,3827.9,0
5839,2077-mpjqo,male,1,1,0,7,1,yes,fiber_optic,no,no,no,no,no,no,month-to-month,1,electronic_check,75.4,533.05,0
5840,1534-oulxe,female,0,1,1,61,1,no,dsl,yes,no,no,no,no,no,one_year,1,bank_transfer_(automatic),49.7,2961.4,0
5841,7136-rvdtz,male,1,0,0,70,0,no_phone_service,dsl,no,no,no,no,yes,yes,one_year,1,electronic_check,45.25,3264.45,1
5842,2971-sgafl,female,0,0,0,13,1,yes,dsl,yes,no,yes,no,yes,yes,month-to-month,1,electronic_check,78.75,995.35,0
5843,1480-ivevr,male,1,1,0,35,1,yes,fiber_optic,no,no,yes,no,no,no,one_year,1,bank_transfer_(automatic),81.6,2815.25,0
5844,2905-kfquv,female,0,1,0,2,1,no,fiber_optic,no,no,no,no,no,no,month-to-month,1,credit_card_(automatic),70.4,154.8,0
5845,4581-sspwd,female,0,0,0,3,1,yes,fiber_optic,no,no,no,no,no,no,month-to-month,1,electronic_check,75.8,246.3,1
5846,3370-hxoph,female,0,0,0,3,1,yes,fiber_optic,no,no,no,no,no,no,month-to-month,0,electronic_check,76.1,257.6,0
5847,9391-yzejw,female,0,0,0,62,1,yes,fiber_optic,no,no,no,no,yes,yes,one_year,1,bank_transfer_(automatic),94.0,5757.2,0
5848,9958-mekuc,male,0,1,1,72,1,yes,fiber_optic,yes,yes,yes,yes,no,yes,two_year,0,credit_card_(automatic),103.95,7517.7,0
5849,0281-cntzx,male,0,1,0,63,1,no,no,no_internet_service,no_internet_service,no_internet_service,no_internet_service,no_internet_service,no_internet_service,two_year,1,bank_transfer_(automatic),19.95,1234.8,0
5850,6927-wtfiv,male,1,0,0,20,1,no,fiber_optic,no,no,no,no,no,no,month-to-month,0,credit_card_(automatic),71.3,1389.2,1
5851,4118-cevpf,female,1,0,0,35,1,yes,fiber_optic,yes,yes,yes,yes,yes,yes,one_year,1,bank_transfer_(automatic),110.8,3836.3,0
5852,3398-zouaa,male,1,1,0,21,1,no,fiber_optic,no,no,no,no,no,no,month-to-month,1,electronic_check,69.1,1474.75,1
5853,9114-vepuf,male,0,1,0,62,1,yes,fiber_optic,yes,yes,no,no,no,yes,one_year,0,electronic_check,96.1,6001.45,0
5854,7876-beutg,female,0,0,0,15,1,yes,dsl,no,no,no,no,no,no,month-to-month,1,mailed_check,48.8,720.1,0
5855,2338-bqezt,female,0,0,0,55,1,no,dsl,yes,no,no,no,no,no,month-to-month,1,credit_card_(automatic),50.55,2832.75,0
5856,9873-mndkv,female,0,0,0,11,1,no,dsl,no,no,no,no,no,no,month-to-month,1,mailed_check,44.65,472.25,0
5857,0378-nhqxu,female,0,1,1,17,1,yes,fiber_optic,no,no,yes,no,yes,no,month-to-month,0,electronic_check,88.25,1460.65,1
5858,8241-juiqo,female,0,0,0,61,1,no,no,no_internet_service,no_internet_service,no_internet_service,no_internet_service,no_internet_service,no_internet_service,one_year,0,bank_transfer_(automatic),19.45,1336.35,0
5859,2194-iiqof,female,0,1,0,71,1,yes,dsl,yes,yes,yes,yes,yes,yes,two_year,0,credit_card_(automatic),89.3,6388.65,0
5860,4512-zuiyl,female,0,0,0,2,1,no,fiber_optic,no,no,no,no,no,no,month-to-month,0,bank_transfer_(automatic),70.0,153.05,1
5861,9631-rxvjm,male,0,0,0,35,1,no,no,no_internet_service,no_internet_service,no_internet_service,no_internet_service,no_internet_service,no_internet_service,two_year,0,mailed_check,19.25,677.9,0
5862,9584-excdz,female,0,0,0,17,1,no,fiber_optic,no,no,no,no,no,no,month-to-month,0,bank_transfer_(automatic),70.5,1165.6,0
5863,7969-aulmz,female,0,0,0,21,1,yes,fiber_optic,no,no,no,no,yes,yes,month-to-month,1,electronic_check,97.35,2119.5,1
5864,5093-feglu,female,0,1,0,47,1,no,no,no_internet_service,no_internet_service,no_internet_service,no_internet_service,no_internet_service,no_internet_service,two_year,0,bank_transfer_(automatic),19.65,921.55,0
5865,2621-udnlu,female,0,1,0,3,1,no,no,no_internet_service,no_internet_service,no_internet_service,no_internet_service,no_internet_service,no_internet_service,month-to-month,0,mailed_check,20.85,72.0,0
5866,7526-ivlyu,male,0,0,0,3,1,no,no,no_internet_service,no_internet_service,no_internet_service,no_internet_service,no_internet_service,no_internet_service,month-to-month,1,mailed_check,19.65,68.35,0
5867,2428-hyunx,male,1,1,0,44,1,no,no,no_internet_service,no_internet_service,no_internet_service,no_internet_service,no_internet_service,no_internet_service,two_year,1,credit_card_(automatic),19.35,847.25,0
5868,9214-ekvxr,female,0,0,0,1,1,no,dsl,no,no,no,no,no,no,month-to-month,1,mailed_check,44.0,44.0,0
5869,3410-mhhum,female,0,1,1,44,1,yes,fiber_optic,no,yes,yes,no,no,yes,one_year,0,electronic_check,94.4,4295.35,0
5870,0568-onfpc,male,0,1,1,5,1,yes,no,no_internet_service,no_internet_service,no_internet_service,no_internet_service,no_internet_service,no_internet_service,month-to-month,1,bank_transfer_(automatic),25.9,135.0,1
5871,0733-vunuw,male,0,0,0,24,1,yes,dsl,yes,no,no,no,no,no,month-to-month,1,bank_transfer_(automatic),55.65,1400.55,1
5872,4550-evxny,female,0,0,1,1,1,no,fiber_optic,no,no,no,no,no,no,month-to-month,1,electronic_check,69.65,69.65,1
5873,2122-ywvya,female,0,0,0,18,1,no,fiber_optic,yes,no,no,no,no,no,month-to-month,1,electronic_check,75.4,1380.4,0
5874,2968-ssgaa,female,0,0,0,10,1,yes,fiber_optic,no,no,yes,no,yes,yes,month-to-month,1,electronic_check,100.6,1060.2,1
5875,2296-dkzfp,female,0,1,0,65,1,no,dsl,yes,yes,yes,no,no,yes,two_year,0,bank_transfer_(automatic),71.0,4386.2,0
5876,4844-jjwuy,female,1,0,0,1,1,no,fiber_optic,no,yes,no,no,no,yes,month-to-month,1,electronic_check,86.0,86.0,1
5877,6777-tghtm,female,0,0,0,53,1,yes,fiber_optic,yes,no,yes,no,yes,yes,one_year,1,credit_card_(automatic),106.95,5785.5,1
5878,8909-bolnl,male,0,0,0,3,1,no,no,no_internet_service,no_internet_service,no_internet_service,no_internet_service,no_internet_service,no_internet_service,one_year,0,mailed_check,21.2,52.05,0
5879,6603-yrdcj,male,0,1,0,33,1,no,dsl,yes,yes,no,yes,no,no,two_year,1,mailed_check,61.05,2018.4,0
5880,3538-wzphd,male,0,0,0,3,0,no_phone_service,dsl,no,yes,no,no,no,no,month-to-month,1,electronic_check,29.6,79.45,1
5881,3229-uswar,female,0,0,0,34,1,no,dsl,yes,no,yes,yes,yes,yes,one_year,1,bank_transfer_(automatic),79.95,2727.3,0
5882,2138-vfapz,female,0,1,1,14,1,no,no,no_internet_service,no_internet_service,no_internet_service,no_internet_service,no_internet_service,no_internet_service,two_year,1,mailed_check,19.7,263.65,0
5883,6131-jlwzm,female,0,0,0,13,1,no,no,no_internet_service,no_internet_service,no_internet_service,no_internet_service,no_internet_service,no_internet_service,month-to-month,1,mailed_check,20.3,275.4,0
5884,4785-qrjhc,male,1,1,0,46,0,no_phone_service,dsl,no,yes,yes,yes,yes,yes,one_year,1,bank_transfer_(automatic),59.9,2816.65,1
5885,0269-xfesx,male,0,1,1,23,1,yes,no,no_internet_service,no_internet_service,no_internet_service,no_internet_service,no_internet_service,no_internet_service,one_year,0,mailed_check,24.35,538.5,0
5886,1709-ejdox,female,0,1,1,47,1,no,no,no_internet_service,no_internet_service,no_internet_service,no_internet_service,no_internet_service,no_internet_service,two_year,0,mailed_check,19.75,948.9,0
5887,4316-xcslj,male,0,0,1,17,1,no,dsl,yes,no,no,no,no,no,month-to-month,1,mailed_check,50.3,846.8,0
5888,8610-wfcjf,female,0,1,1,49,1,yes,fiber_optic,no,no,no,no,yes,yes,month-to-month,1,electronic_check,95.6,4783.5,1
5889,9693-xmuob,male,1,1,0,59,0,no_phone_service,dsl,no,yes,no,no,yes,yes,month-to-month,1,electronic_check,50.25,2997.45,0
5890,0383-cldda,female,0,0,0,69,1,yes,dsl,yes,no,yes,yes,yes,yes,two_year,1,credit_card_(automatic),85.35,5897.4,0
5891,4905-jefdw,male,0,0,0,11,0,no_phone_service,dsl,no,no,yes,no,yes,no,one_year,1,electronic_check,41.6,470.6,1
5892,2709-uqgnp,male,0,0,0,10,1,no,dsl,yes,no,no,no,no,no,month-to-month,1,mailed_check,51.65,524.5,0
5893,3549-ztmnh,male,0,1,1,12,1,yes,no,no_internet_service,no_internet_service,no_internet_service,no_internet_service,no_internet_service,no_internet_service,two_year,1,bank_transfer_(automatic),24.0,269.65,0
5894,7881-inrlc,male,0,0,0,45,1,yes,fiber_optic,no,yes,no,no,yes,yes,month-to-month,1,credit_card_(automatic),100.85,4740.0,1
5895,8033-atfas,female,0,1,1,39,1,no,dsl,no,no,yes,no,yes,no,month-to-month,1,mailed_check,59.85,2341.5,0
5896,1635-nzatj,male,1,1,0,71,1,yes,no,no_internet_service,no_internet_service,no_internet_service,no_internet_service,no_internet_service,no_internet_service,two_year,0,credit_card_(automatic),25.45,1789.65,0
5897,0562-hkhml,male,0,1,1,71,1,yes,no,no_internet_service,no_internet_service,no_internet_service,no_internet_service,no_internet_service,no_internet_service,two_year,0,credit_card_(automatic),23.9,1626.4,0
5898,8277-rvrsv,female,0,1,1,33,1,yes,no,no_internet_service,no_internet_service,no_internet_service,no_internet_service,no_internet_service,no_internet_service,one_year,0,credit_card_(automatic),24.15,800.3,0
5899,9943-vszuv,male,1,0,0,67,1,yes,fiber_optic,no,no,no,no,no,no,month-to-month,1,mailed_check,75.7,5060.85,0
5900,0117-lfrmw,male,0,1,1,37,0,no_phone_service,dsl,yes,yes,yes,no,no,no,month-to-month,0,bank_transfer_(automatic),40.2,1448.8,1
5901,6172-fecyy,male,0,1,1,49,1,yes,fiber_optic,no,no,no,no,yes,no,month-to-month,0,electronic_check,84.5,4254.85,1
5902,7054-enngu,female,0,1,0,9,1,no,dsl,no,yes,no,no,no,no,month-to-month,0,mailed_check,50.85,466.6,0
5903,1455-hfbxa,male,0,1,0,52,1,yes,fiber_optic,yes,no,yes,yes,no,no,two_year,1,credit_card_(automatic),91.6,4627.8,0
5904,9402-cxwpl,female,0,0,0,70,1,yes,fiber_optic,no,yes,no,no,yes,yes,one_year,0,electronic_check,98.9,6838.6,0
5905,1628-bizyp,male,0,0,0,1,1,no,fiber_optic,no,yes,no,no,no,yes,month-to-month,1,electronic_check,85.0,85.0,0
5906,1965-aktsx,female,1,0,0,14,1,yes,fiber_optic,no,yes,no,no,no,no,month-to-month,1,electronic_check,78.95,1101.85,1
5907,0082-ldzue,male,0,0,0,1,1,no,dsl,no,no,no,no,no,no,month-to-month,1,mailed_check,44.3,44.3,0
5908,4786-uksnz,male,0,0,0,1,1,no,no,no_internet_service,no_internet_service,no_internet_service,no_internet_service,no_internet_service,no_internet_service,month-to-month,0,mailed_check,20.2,20.2,1
5909,5343-sgubi,female,0,0,0,52,1,yes,fiber_optic,no,yes,no,no,no,no,one_year,1,mailed_check,80.2,4297.6,0
5910,0856-naoes,male,0,0,0,6,1,no,dsl,no,no,yes,no,yes,no,month-to-month,0,mailed_check,60.9,414.1,0
5911,1976-azzpj,male,0,1,0,7,0,no_phone_service,dsl,yes,yes,no,no,no,no,month-to-month,0,mailed_check,34.2,256.6,0
5912,7248-vzqlc,female,1,0,0,47,1,yes,fiber_optic,no,yes,yes,no,no,no,month-to-month,1,bank_transfer_(automatic),85.2,3969.35,1
5913,6156-uzdlf,female,0,0,0,26,1,no,fiber_optic,yes,no,yes,yes,no,no,one_year,1,credit_card_(automatic),87.15,2274.1,0
5914,3099-oonvs,male,0,1,1,25,1,no,dsl,yes,no,no,yes,no,no,month-to-month,0,electronic_check,54.3,1296.8,0
5915,9500-wbgrp,male,0,0,0,69,1,no,no,no_internet_service,no_internet_service,no_internet_service,no_internet_service,no_internet_service,no_internet_service,two_year,1,mailed_check,19.1,1268.85,0
5916,5183-klyem,female,0,0,0,72,1,yes,fiber_optic,yes,yes,yes,yes,yes,yes,two_year,1,credit_card_(automatic),112.75,8192.6,0
5917,5144-pqcdz,male,0,0,0,4,1,no,no,no_internet_service,no_internet_service,no_internet_service,no_internet_service,no_internet_service,no_internet_service,month-to-month,1,mailed_check,19.95,59.25,0
5918,8514-vzheb,male,0,1,1,59,1,no,no,no_internet_service,no_internet_service,no_internet_service,no_internet_service,no_internet_service,no_internet_service,two_year,0,mailed_check,19.5,1147.85,0
5919,6625-iuttt,male,0,0,0,67,1,no,dsl,yes,no,yes,no,no,yes,two_year,0,bank_transfer_(automatic),65.55,4361.55,0
5920,9355-nppfs,female,1,0,0,26,1,no,fiber_optic,no,no,no,no,no,yes,month-to-month,1,electronic_check,78.8,2006.1,0
5921,0068-figtf,female,0,0,0,27,1,no,dsl,no,yes,yes,yes,yes,yes,one_year,0,mailed_check,78.2,2078.95,0
5922,5965-ggprw,male,0,1,1,72,1,yes,fiber_optic,yes,no,yes,no,yes,yes,two_year,0,bank_transfer_(automatic),105.25,7609.75,0
5923,8035-pwsev,female,0,0,0,6,1,no,fiber_optic,no,no,yes,yes,no,yes,month-to-month,1,electronic_check,89.25,487.05,0
5924,2236-hilpa,male,0,1,1,62,1,no,no,no_internet_service,no_internet_service,no_internet_service,no_internet_service,no_internet_service,no_internet_service,two_year,0,credit_card_(automatic),20.65,1218.45,0
5925,1840-biuog,male,0,0,0,20,1,yes,dsl,no,yes,no,yes,yes,no,one_year,1,electronic_check,68.7,1416.2,0
5926,1356-mkysk,male,0,0,0,6,1,no,dsl,yes,no,yes,yes,yes,yes,month-to-month,0,credit_card_(automatic),78.65,483.3,0
5927,6080-lnesi,male,0,0,0,51,1,yes,no,no_internet_service,no_internet_service,no_internet_service,no_internet_service,no_internet_service,no_internet_service,two_year,0,mailed_check,24.75,1234.6,0
5928,1830-ipxvj,female,0,1,1,61,1,no,no,no_internet_service,no_internet_service,no_internet_service,no_internet_service,no_internet_service,no_internet_service,two_year,0,credit_card_(automatic),19.75,1311.6,0
5929,5828-dwpil,male,1,1,0,62,1,yes,fiber_optic,yes,yes,yes,no,no,no,month-to-month,1,electronic_check,89.1,5618.3,0
5930,8398-tbiyd,female,0,0,0,72,1,yes,fiber_optic,yes,no,no,yes,no,no,two_year,1,bank_transfer_(automatic),84.7,6185.15,0
5931,0011-igkff,male,1,1,0,13,1,no,fiber_optic,no,yes,yes,no,yes,yes,month-to-month,1,electronic_check,98.0,1237.85,1
5932,4192-gorjt,male,0,1,0,5,1,no,fiber_optic,no,no,yes,no,yes,yes,month-to-month,1,electronic_check,94.45,498.1,1
5933,6496-slwhq,male,1,0,0,3,1,yes,fiber_optic,no,yes,yes,no,yes,yes,month-to-month,1,electronic_check,105.0,294.45,1
5934,9912-gvseq,female,1,1,0,26,1,yes,fiber_optic,no,yes,yes,no,no,yes,month-to-month,1,electronic_check,93.85,2381.55,1
5935,2931-fsohn,male,1,0,0,13,1,no,dsl,no,yes,no,no,yes,no,month-to-month,1,electronic_check,59.9,788.35,0
5936,9418-rukph,female,0,1,1,38,1,no,no,no_internet_service,no_internet_service,no_internet_service,no_internet_service,no_internet_service,no_internet_service,two_year,1,mailed_check,19.95,756.4,0
5937,5383-mmtwc,female,1,1,0,8,1,yes,fiber_optic,no,no,no,no,no,yes,month-to-month,1,electronic_check,84.0,613.4,1
5938,9971-zwpbf,male,1,1,1,34,1,yes,fiber_optic,no,yes,yes,yes,yes,yes,month-to-month,1,electronic_check,108.9,3625.2,0
5939,4712-auqzo,male,0,0,0,18,0,no_phone_service,dsl,yes,no,yes,no,no,no,month-to-month,0,mailed_check,33.6,550.35,0
5940,9711-fjtbx,male,0,1,1,56,1,no,fiber_optic,no,yes,yes,yes,no,no,one_year,1,mailed_check,85.85,4793.8,0
5941,2908-ztpnf,female,0,0,0,36,0,no_phone_service,dsl,no,yes,no,yes,no,no,month-to-month,1,bank_transfer_(automatic),34.85,1267.2,0
5942,7240-etptr,female,0,1,0,9,0,no_phone_service,dsl,no,no,yes,no,yes,yes,month-to-month,1,electronic_check,48.75,442.2,1
5943,2202-cuyxz,male,0,0,0,1,1,no,fiber_optic,no,no,yes,no,yes,no,month-to-month,1,electronic_check,84.85,84.85,1
5944,5995-oiglp,male,0,0,0,12,1,no,dsl,yes,no,no,yes,no,no,month-to-month,0,mailed_check,56.65,654.85,1
5945,8421-wzoow,female,1,1,1,57,1,no,fiber_optic,no,yes,yes,yes,yes,no,month-to-month,1,credit_card_(automatic),95.3,5567.45,0
5946,6261-rcvns,female,0,0,0,42,1,no,dsl,yes,yes,yes,yes,no,yes,one_year,0,credit_card_(automatic),73.9,3160.55,1
5947,7951-qkzpl,female,0,1,1,33,1,yes,no,no_internet_service,no_internet_service,no_internet_service,no_internet_service,no_internet_service,no_internet_service,two_year,1,mailed_check,24.5,740.3,1
5948,1414-yadcw,male,0,1,0,70,1,no,fiber_optic,yes,yes,no,yes,no,no,two_year,0,bank_transfer_(automatic),84.6,5706.2,0
5949,8756-rddlt,female,0,0,0,68,0,no_phone_service,dsl,no,yes,no,yes,no,yes,month-to-month,0,electronic_check,44.95,3085.35,0
5950,2862-pfnik,male,0,0,1,1,0,no_phone_service,dsl,no,no,no,no,no,no,month-to-month,1,electronic_check,24.7,24.7,0
5951,5816-qvhrx,female,0,0,0,37,1,yes,fiber_optic,no,no,no,yes,yes,yes,month-to-month,0,credit_card_(automatic),100.3,3541.4,0
5952,4430-yhxgg,female,0,0,1,4,1,yes,no,no_internet_service,no_internet_service,no_internet_service,no_internet_service,no_internet_service,no_internet_service,month-to-month,1,mailed_check,25.45,84.2,0
5953,6888-sbyai,male,0,0,0,1,1,no,dsl,yes,no,no,no,no,no,month-to-month,1,mailed_check,50.7,50.7,0
5954,7395-xwzoy,male,0,0,0,20,0,no_phone_service,dsl,yes,yes,yes,yes,yes,no,month-to-month,1,credit_card_(automatic),55.0,1165.55,0
5955,7169-ywamk,male,0,1,1,72,1,no,dsl,yes,yes,no,yes,yes,no,two_year,0,bank_transfer_(automatic),68.4,4855.35,0
5956,3640-phqxk,female,0,0,0,31,1,yes,fiber_optic,no,no,yes,no,no,yes,month-to-month,1,electronic_check,89.9,2806.9,1
5957,6877-lgwxo,male,1,1,0,18,1,no,fiber_optic,no,no,no,no,no,yes,month-to-month,0,electronic_check,78.55,1422.65,1
5958,6859-rkmzj,male,0,1,0,11,1,no,dsl,no,no,no,no,yes,no,month-to-month,1,bank_transfer_(automatic),55.05,608.15,0
5959,2729-vnvap,female,0,1,1,33,1,no,no,no_internet_service,no_internet_service,no_internet_service,no_internet_service,no_internet_service,no_internet_service,two_year,0,credit_card_(automatic),19.8,641.35,0
5960,2957-jirmn,female,1,0,0,62,1,yes,fiber_optic,no,no,no,no,yes,no,one_year,0,electronic_check,84.45,4959.15,0
5961,2049-bafnw,female,0,0,0,1,0,no_phone_service,dsl,no,no,yes,yes,no,no,month-to-month,0,mailed_check,35.9,35.9,0
5962,3842-qtgdl,male,0,1,0,16,1,no,fiber_optic,yes,yes,no,no,no,no,month-to-month,0,bank_transfer_(automatic),80.75,1321.3,0
5963,7163-oceqi,male,0,1,1,22,1,yes,dsl,no,no,yes,yes,yes,yes,one_year,1,mailed_check,78.65,1663.75,0
5964,9782-lgxmc,female,0,1,1,49,1,no,dsl,yes,no,yes,yes,no,no,month-to-month,0,bank_transfer_(automatic),61.75,3024.15,0
5965,5975-baicr,male,0,1,1,36,1,no,dsl,yes,no,yes,no,no,yes,one_year,1,credit_card_(automatic),63.7,2188.5,0
5966,8019-enhxu,male,0,1,0,42,1,yes,fiber_optic,no,yes,yes,yes,no,yes,month-to-month,1,electronic_check,99.45,4138.05,1
5967,5167-gbfre,male,1,0,0,4,0,no_phone_service,dsl,no,no,no,no,no,no,month-to-month,1,bank_transfer_(automatic),25.2,102.5,1
5968,9033-eoxwv,female,0,0,0,12,1,yes,dsl,no,no,no,yes,yes,yes,one_year,0,mailed_check,74.05,872.65,1
5969,4673-kksls,female,0,0,0,31,1,no,fiber_optic,yes,no,yes,yes,no,no,month-to-month,0,electronic_check,87.6,2724.25,0
5970,4853-oitsn,male,0,1,0,5,1,yes,fiber_optic,yes,no,no,no,no,yes,month-to-month,1,electronic_check,89.15,413.25,0
5971,9800-ouigr,male,0,1,1,66,1,no,no,no_internet_service,no_internet_service,no_internet_service,no_internet_service,no_internet_service,no_internet_service,two_year,0,credit_card_(automatic),20.0,1374.2,0
5972,1324-nltje,female,1,0,0,15,1,yes,dsl,no,no,no,yes,no,no,month-to-month,0,credit_card_(automatic),55.0,757.1,1
5973,2324-efhvg,male,0,0,0,64,1,yes,fiber_optic,no,yes,yes,no,yes,yes,two_year,1,bank_transfer_(automatic),104.4,6692.65,0
5974,7094-mszao,male,0,1,1,10,1,no,no,no_internet_service,no_internet_service,no_internet_service,no_internet_service,no_internet_service,no_internet_service,month-to-month,1,credit_card_(automatic),20.05,218.5,0
5975,1522-vvdmg,male,0,1,1,7,1,no,fiber_optic,no,yes,no,yes,yes,no,month-to-month,1,electronic_check,89.75,608.8,1
5976,6907-cqgpn,male,0,0,0,29,0,no_phone_service,dsl,no,yes,no,yes,no,no,month-to-month,0,electronic_check,34.3,1004.75,0
5977,0780-xnzfn,male,0,0,0,57,1,no,no,no_internet_service,no_internet_service,no_internet_service,no_internet_service,no_internet_service,no_internet_service,two_year,0,bank_transfer_(automatic),20.65,1125.6,0
5978,0239-oxexl,female,0,0,0,46,1,yes,fiber_optic,yes,yes,no,no,no,no,month-to-month,0,mailed_check,84.25,3847.6,0
5979,2675-ijrgj,male,0,0,0,53,1,no,no,no_internet_service,no_internet_service,no_internet_service,no_internet_service,no_internet_service,no_internet_service,two_year,0,bank_transfer_(automatic),19.65,978.0,0
5980,7049-gkvzy,female,0,0,0,17,1,no,dsl,yes,yes,no,yes,yes,yes,one_year,0,credit_card_(automatic),79.85,1387.35,0
5981,8577-qsocg,female,0,1,1,38,1,no,no,no_internet_service,no_internet_service,no_internet_service,no_internet_service,no_internet_service,no_internet_service,two_year,1,mailed_check,20.2,746.05,0
5982,3721-cnzhx,male,0,0,0,15,1,no,no,no_internet_service,no_internet_service,no_internet_service,no_internet_service,no_internet_service,no_internet_service,one_year,0,mailed_check,19.8,304.6,0
5983,0212-isbbf,female,0,0,0,22,0,no_phone_service,dsl,no,yes,no,no,yes,yes,month-to-month,1,electronic_check,50.35,1098.85,0
5984,9185-tqcvp,male,0,1,0,14,1,yes,fiber_optic,no,no,no,no,no,yes,month-to-month,1,electronic_check,85.15,1139.2,1
5985,3585-ynadk,female,0,1,0,57,1,yes,dsl,no,yes,yes,yes,yes,no,one_year,0,bank_transfer_(automatic),74.6,4368.95,0
5986,5271-dbysj,male,1,0,0,11,1,no,fiber_optic,no,no,no,no,no,yes,month-to-month,1,credit_card_(automatic),79.15,827.7,0
5987,1099-godlo,female,0,1,1,1,1,no,no,no_internet_service,no_internet_service,no_internet_service,no_internet_service,no_internet_service,no_internet_service,two_year,0,mailed_check,20.35,20.35,0
5988,6828-hmkwp,male,0,1,1,12,1,no,no,no_internet_service,no_internet_service,no_internet_service,no_internet_service,no_internet_service,no_internet_service,two_year,0,bank_transfer_(automatic),21.05,262.05,0
5989,5567-wsele,male,1,1,0,3,1,yes,fiber_optic,no,no,no,no,yes,yes,month-to-month,1,electronic_check,94.6,279.55,1
5990,1472-tncwl,male,0,0,1,36,1,no,fiber_optic,no,yes,no,no,yes,yes,month-to-month,1,electronic_check,94.7,3512.5,0
5991,8063-rjynf,male,0,0,0,16,1,no,fiber_optic,yes,no,no,no,yes,yes,month-to-month,1,electronic_check,94.25,1483.25,1
5992,0687-zvthb,male,0,1,1,65,1,yes,dsl,yes,yes,yes,no,no,yes,one_year,0,credit_card_(automatic),72.45,4653.85,1
5993,2080-gkcwq,male,0,0,0,2,1,no,fiber_optic,no,yes,no,no,no,no,month-to-month,0,electronic_check,74.95,151.75,0
5994,9661-acxbs,female,0,0,0,42,1,yes,fiber_optic,yes,no,yes,no,yes,yes,month-to-month,1,electronic_check,105.2,4400.75,1
5995,2193-sfwqw,male,0,1,1,72,1,no,fiber_optic,yes,yes,yes,yes,yes,yes,two_year,0,bank_transfer_(automatic),111.95,8033.1,0
5996,5656-jamlx,male,0,0,0,62,1,no,no,no_internet_service,no_internet_service,no_internet_service,no_internet_service,no_internet_service,no_internet_service,two_year,0,bank_transfer_(automatic),19.85,1253.65,0
5997,3462-bjqqa,female,0,0,0,6,1,yes,fiber_optic,no,yes,no,no,yes,no,month-to-month,1,electronic_check,89.75,552.65,0
5998,0442-tdyuo,male,0,1,0,48,1,no,no,no_internet_service,no_internet_service,no_internet_service,no_internet_service,no_internet_service,no_internet_service,two_year,1,mailed_check,20.05,1036.0,0
5999,6733-lrizx,male,0,0,0,35,1,yes,fiber_optic,yes,no,yes,yes,yes,yes,two_year,1,electronic_check,108.95,4025.5,0
6000,9503-xjume,male,0,0,1,52,1,no,no,no_internet_service,no_internet_service,no_internet_service,no_internet_service,no_internet_service,no_internet_service,one_year,0,credit_card_(automatic),19.65,928.4,0
6001,4367-nhwmm,female,0,0,0,1,0,no_phone_service,dsl,no,no,no,no,no,no,month-to-month,1,mailed_check,24.9,24.9,0
6002,3727-rjmeo,male,0,1,0,6,1,yes,fiber_optic,no,no,no,no,yes,no,month-to-month,1,electronic_check,82.85,460.25,1
6003,3779-oswcf,female,0,1,0,71,1,yes,dsl,yes,yes,yes,yes,yes,yes,two_year,0,credit_card_(automatic),93.2,6506.15,0
6004,6736-dhuqi,female,0,1,1,67,1,no,fiber_optic,yes,yes,yes,no,no,no,one_year,0,bank_transfer_(automatic),84.8,5598.3,0
6005,3915-odiyg,male,1,0,0,60,1,yes,dsl,yes,yes,no,no,no,yes,one_year,1,electronic_check,71.75,4374.55,0
6006,1360-rcyrt,male,0,1,1,23,0,no_phone_service,dsl,no,no,no,yes,no,no,month-to-month,1,bank_transfer_(automatic),30.35,678.75,0
6007,2724-fjdyw,male,0,0,1,39,0,no_phone_service,dsl,no,no,yes,yes,yes,yes,one_year,0,bank_transfer_(automatic),54.85,2191.7,0
6008,4451-rwasj,male,0,1,1,15,1,no,no,no_internet_service,no_internet_service,no_internet_service,no_internet_service,no_internet_service,no_internet_service,one_year,1,mailed_check,19.5,239.75,0
6009,6646-vrfol,male,1,1,0,53,1,yes,fiber_optic,no,yes,yes,no,yes,yes,month-to-month,1,electronic_check,103.85,5485.5,1
6010,3460-tjbwi,male,0,1,1,24,1,yes,no,no_internet_service,no_internet_service,no_internet_service,no_internet_service,no_internet_service,no_internet_service,two_year,0,mailed_check,24.2,609.05,0
6011,5917-hbsdw,female,0,1,1,37,1,no,no,no_internet_service,no_internet_service,no_internet_service,no_internet_service,no_internet_service,no_internet_service,month-to-month,0,electronic_check,19.35,683.75,0
6012,5685-iixly,female,0,1,1,5,1,no,fiber_optic,no,yes,no,no,no,yes,month-to-month,1,electronic_check,83.6,404.2,1
6013,5671-uunxd,female,1,1,0,50,1,yes,fiber_optic,no,no,no,yes,yes,yes,one_year,1,electronic_check,100.65,5189.75,0
6014,0956-acvzc,female,0,0,0,54,1,no,fiber_optic,no,no,yes,no,yes,yes,one_year,1,credit_card_(automatic),94.1,5060.9,0
6015,2325-nbpzg,female,0,0,0,3,1,no,fiber_optic,yes,no,no,no,no,no,month-to-month,1,electronic_check,74.55,233.65,0
6016,4250-zbwlv,male,0,0,0,68,1,yes,fiber_optic,no,yes,yes,yes,yes,yes,one_year,0,electronic_check,108.45,7176.55,1
6017,4482-ftffx,male,0,0,0,5,1,no,dsl,no,no,yes,yes,no,no,month-to-month,0,electronic_check,56.15,291.45,0
6018,8859-dztgq,male,0,0,0,33,1,no,no,no_internet_service,no_internet_service,no_internet_service,no_internet_service,no_internet_service,no_internet_service,two_year,0,mailed_check,20.35,689.75,0
6019,0440-mogpm,female,0,0,0,41,1,yes,dsl,no,yes,yes,no,yes,yes,one_year,1,electronic_check,80.55,3263.9,0
6020,0020-jdnxp,female,0,1,1,34,0,no_phone_service,dsl,yes,no,yes,yes,yes,yes,one_year,0,mailed_check,61.25,1993.2,0
6021,3752-cqsji,female,0,1,1,13,1,no,no,no_internet_service,no_internet_service,no_internet_service,no_internet_service,no_internet_service,no_internet_service,month-to-month,1,mailed_check,20.45,254.5,0
6022,5025-gooki,female,0,0,0,20,1,no,no,no_internet_service,no_internet_service,no_internet_service,no_internet_service,no_internet_service,no_internet_service,month-to-month,1,credit_card_(automatic),18.9,347.65,0
6023,4698-kvllg,female,1,0,0,51,1,no,no,no_internet_service,no_internet_service,no_internet_service,no_internet_service,no_internet_service,no_internet_service,two_year,0,credit_card_(automatic),19.6,967.9,0
6024,5095-aeskg,female,0,1,0,3,1,yes,fiber_optic,no,yes,no,no,no,yes,month-to-month,1,credit_card_(automatic),91.5,242.95,1
6025,2887-jpylu,female,0,0,1,41,1,no,dsl,no,no,no,no,no,no,month-to-month,0,bank_transfer_(automatic),45.2,1841.9,0
6026,4770-qazxn,female,0,0,0,13,1,no,no,no_internet_service,no_internet_service,no_internet_service,no_internet_service,no_internet_service,no_internet_service,month-to-month,0,credit_card_(automatic),19.45,232.1,0
6027,4896-cprpf,male,0,1,1,35,1,yes,no,no_internet_service,no_internet_service,no_internet_service,no_internet_service,no_internet_service,no_internet_service,two_year,0,bank_transfer_(automatic),25.45,809.25,0
6028,1871-mowrm,male,0,1,0,12,1,no,fiber_optic,yes,no,no,yes,no,no,month-to-month,0,bank_transfer_(automatic),80.85,866.45,1
6029,9714-edsuc,male,0,0,0,4,1,no,fiber_optic,yes,yes,no,yes,no,yes,month-to-month,1,mailed_check,94.9,360.55,0
6030,2027-oaqqc,female,0,0,0,43,0,no_phone_service,dsl,no,no,yes,no,yes,yes,month-to-month,1,bank_transfer_(automatic),49.05,2076.2,1
6031,0282-nvsjs,female,1,1,1,12,0,no_phone_service,dsl,no,no,no,yes,no,no,month-to-month,1,mailed_check,29.3,355.9,0
6032,9090-sgqxl,male,1,1,0,68,1,yes,fiber_optic,no,yes,yes,no,yes,yes,month-to-month,1,electronic_check,105.3,7299.65,1
6033,6595-ygxit,male,1,0,0,25,1,yes,fiber_optic,no,yes,no,no,yes,no,month-to-month,1,electronic_check,88.95,2291.2,1
6034,7353-yowfp,female,0,0,0,7,1,no,no,no_internet_service,no_internet_service,no_internet_service,no_internet_service,no_internet_service,no_internet_service,one_year,0,mailed_check,20.25,129.15,0
6035,9835-ziitk,male,1,1,0,66,1,yes,fiber_optic,no,yes,yes,yes,yes,yes,one_year,1,electronic_check,110.85,7491.75,1
6036,8008-esflk,female,0,1,0,53,1,no,fiber_optic,yes,yes,yes,yes,yes,yes,one_year,0,electronic_check,110.5,5835.5,0
6037,7537-cbquz,male,1,0,0,63,1,yes,fiber_optic,yes,yes,yes,no,yes,yes,month-to-month,1,bank_transfer_(automatic),109.4,7031.45,0
6038,1555-djeqw,female,0,1,1,70,1,yes,fiber_optic,yes,yes,yes,yes,yes,yes,two_year,1,bank_transfer_(automatic),114.2,7723.9,1
6039,5649-tjhov,male,1,1,0,27,0,no_phone_service,dsl,no,no,no,no,no,yes,month-to-month,0,bank_transfer_(automatic),36.5,1032.0,1
6040,0519-xuzju,female,0,0,0,1,1,no,fiber_optic,no,no,no,no,no,no,month-to-month,0,mailed_check,70.75,70.75,1
6041,3363-ewlgo,female,0,0,0,5,1,no,no,no_internet_service,no_internet_service,no_internet_service,no_internet_service,no_internet_service,no_internet_service,month-to-month,0,mailed_check,19.95,109.6,0
6042,4750-ukwjk,female,1,1,0,37,1,no,no,no_internet_service,no_internet_service,no_internet_service,no_internet_service,no_internet_service,no_internet_service,one_year,0,mailed_check,19.6,727.8,0
6043,6338-avwcy,male,0,0,0,3,0,no_phone_service,dsl,no,no,yes,no,yes,no,month-to-month,1,mailed_check,40.15,130.75,1
6044,1689-yqbyy,female,0,0,1,12,1,yes,fiber_optic,no,no,no,no,no,no,month-to-month,1,electronic_check,76.6,893.0,0
6045,4487-zyjzk,female,0,1,1,38,1,no,no,no_internet_service,no_internet_service,no_internet_service,no_internet_service,no_internet_service,no_internet_service,one_year,0,credit_card_(automatic),19.6,763.1,0
6046,2959-fenlu,female,0,0,0,9,1,no,fiber_optic,no,no,yes,no,no,yes,month-to-month,1,credit_card_(automatic),85.3,781.4,0
6047,0708-lgsmf,male,0,1,0,13,1,yes,dsl,yes,no,no,no,no,yes,month-to-month,1,electronic_check,65.85,902.25,0
6048,9253-qxkbe,male,1,1,0,29,1,yes,fiber_optic,no,no,no,no,yes,yes,month-to-month,1,electronic_check,94.45,2653.65,1
6049,7634-hlqjr,female,0,1,1,47,1,no,no,no_internet_service,no_internet_service,no_internet_service,no_internet_service,no_internet_service,no_internet_service,two_year,0,credit_card_(automatic),20.05,1016.7,0
6050,0487-rpvum,male,0,1,0,61,1,yes,fiber_optic,yes,no,yes,yes,yes,no,month-to-month,0,bank_transfer_(automatic),99.4,5943.65,0
6051,4079-ulgfr,male,0,0,0,16,1,no,no,no_internet_service,no_internet_service,no_internet_service,no_internet_service,no_internet_service,no_internet_service,month-to-month,0,mailed_check,20.0,275.7,0
6052,2516-xsjkx,female,0,1,1,41,1,no,dsl,yes,yes,no,yes,yes,yes,two_year,0,electronic_check,78.45,3126.45,0
6053,0057-qbuqh,female,0,0,1,43,1,yes,no,no_internet_service,no_internet_service,no_internet_service,no_internet_service,no_internet_service,no_internet_service,two_year,1,electronic_check,25.1,1070.15,0
6054,9445-szlch,female,0,1,1,36,1,yes,fiber_optic,no,yes,yes,no,yes,no,month-to-month,1,bank_transfer_(automatic),97.35,3457.9,1
6055,6599-sfqve,female,0,0,0,6,1,no,dsl,no,no,no,no,no,yes,month-to-month,1,electronic_check,55.0,340.4,0
6056,8331-zxfoe,female,0,0,0,58,1,yes,dsl,yes,yes,yes,yes,no,no,one_year,1,credit_card_(automatic),71.1,4299.2,0
6057,4003-fushp,male,0,0,0,19,1,no,dsl,no,no,no,yes,yes,no,month-to-month,1,credit_card_(automatic),61.55,1093.2,0
6058,0356-erhvt,male,0,1,0,11,1,no,dsl,no,no,no,no,no,no,month-to-month,1,bank_transfer_(automatic),45.9,521.9,0
6059,7325-enzfi,female,0,0,0,39,0,no_phone_service,dsl,yes,yes,no,yes,no,no,one_year,1,bank_transfer_(automatic),40.3,1630.4,0
6060,4884-zthvf,female,1,0,0,8,1,no,fiber_optic,no,yes,no,no,yes,no,month-to-month,1,electronic_check,87.1,713.6,0
6061,3920-hihmq,female,0,0,1,26,1,yes,dsl,no,no,no,no,no,no,month-to-month,1,mailed_check,49.5,1265.65,0
6062,3055-oymse,female,1,0,0,53,1,no,fiber_optic,no,yes,no,no,no,no,month-to-month,1,credit_card_(automatic),73.8,4003.85,0
6063,0613-wuxum,female,0,1,1,70,1,no,no,no_internet_service,no_internet_service,no_internet_service,no_internet_service,no_internet_service,no_internet_service,two_year,1,mailed_check,19.2,1401.4,0
6064,7568-podml,male,0,0,0,1,0,no_phone_service,dsl,no,no,no,no,yes,yes,month-to-month,1,mailed_check,45.3,45.3,1
6065,4458-kvrbj,male,0,0,0,59,1,yes,no,no_internet_service,no_internet_service,no_internet_service,no_internet_service,no_internet_service,no_internet_service,two_year,0,mailed_check,25.0,1510.5,0
6066,5349-iecld,male,0,0,0,2,1,no,fiber_optic,no,no,yes,no,yes,yes,month-to-month,0,electronic_check,94.95,178.1,1
6067,1397-xkkwr,male,0,0,0,7,0,no_phone_service,dsl,yes,no,yes,no,no,no,one_year,0,mailed_check,35.3,264.8,0
6068,3945-gfwql,female,0,0,1,12,1,no,dsl,no,no,no,no,no,no,month-to-month,1,electronic_check,44.55,480.6,1
6069,8097-omulg,male,0,1,1,59,1,no,dsl,no,yes,yes,yes,yes,yes,one_year,0,credit_card_(automatic),76.75,4541.9,0
6070,6013-bhcaw,male,0,1,1,61,1,yes,dsl,no,no,yes,yes,yes,yes,two_year,1,bank_transfer_(automatic),81.0,4976.15,0
6071,0401-wdbxm,male,0,1,1,72,1,yes,fiber_optic,yes,no,yes,no,yes,yes,two_year,1,bank_transfer_(automatic),105.55,7542.25,0
6072,3387-plkui,female,0,1,1,13,1,no,no,no_internet_service,no_internet_service,no_internet_service,no_internet_service,no_internet_service,no_internet_service,month-to-month,0,mailed_check,18.8,251.25,0
6073,6096-egvtu,female,0,1,1,64,1,yes,no,no_internet_service,no_internet_service,no_internet_service,no_internet_service,no_internet_service,no_internet_service,one_year,0,mailed_check,24.9,1595.5,0
6074,3797-vtidr,male,0,1,0,1,0,no_phone_service,dsl,no,no,no,no,no,no,month-to-month,1,electronic_check,23.45,23.45,1
6075,5081-nwsup,female,0,0,0,10,1,no,dsl,no,yes,no,yes,no,yes,one_year,0,mailed_check,64.9,685.55,0
6076,2580-atzsq,female,0,1,1,65,1,no,dsl,yes,yes,yes,no,no,no,one_year,0,bank_transfer_(automatic),61.35,3874.1,0
6077,8085-msnlk,female,0,1,0,62,1,yes,fiber_optic,yes,yes,yes,yes,yes,yes,two_year,0,mailed_check,113.95,6891.4,0
6078,9691-hkovs,female,0,1,0,55,1,yes,dsl,yes,yes,yes,yes,yes,yes,one_year,1,electronic_check,90.15,4916.95,0
6079,9881-vczep,female,0,1,0,25,1,yes,dsl,no,yes,no,no,no,no,month-to-month,0,electronic_check,54.1,1373.0,0
6080,9526-bihhd,male,0,0,0,1,0,no_phone_service,dsl,yes,no,no,no,no,no,month-to-month,0,mailed_check,29.7,29.7,1
6081,8757-tfhhj,male,0,0,0,1,1,no,dsl,yes,no,no,no,no,no,month-to-month,1,credit_card_(automatic),49.8,49.8,0
6082,4523-wxcef,female,0,1,0,59,1,yes,fiber_optic,no,yes,no,no,yes,yes,month-to-month,0,electronic_check,101.1,6039.9,1
6083,1468-defnc,male,1,1,1,64,1,yes,no,no_internet_service,no_internet_service,no_internet_service,no_internet_service,no_internet_service,no_internet_service,two_year,1,bank_transfer_(automatic),24.4,1548.65,0
6084,5119-kepfy,male,0,1,0,36,1,yes,fiber_optic,no,no,no,no,yes,yes,month-to-month,1,bank_transfer_(automatic),95.0,3440.25,0
6085,8364-trmmk,female,0,0,0,3,1,yes,dsl,no,no,no,no,no,no,month-to-month,1,mailed_check,50.65,151.3,1
6086,0916-knfaj,male,0,1,0,61,1,yes,dsl,yes,no,yes,no,no,yes,two_year,1,mailed_check,69.9,4226.7,0
6087,8319-qbehw,male,0,0,1,26,0,no_phone_service,dsl,no,yes,no,no,yes,no,one_year,1,bank_transfer_(automatic),39.95,1023.75,0
6088,3063-qfszl,female,0,0,0,1,1,no,dsl,no,no,no,no,no,yes,month-to-month,1,electronic_check,55.4,55.4,1
6089,8775-lhdjh,female,1,1,0,1,1,yes,fiber_optic,no,yes,no,no,yes,no,month-to-month,1,electronic_check,90.6,90.6,1
6090,9625-qnlux,male,0,1,1,68,1,no,fiber_optic,yes,yes,yes,no,yes,yes,two_year,1,credit_card_(automatic),103.25,7074.4,0
6091,3097-nqysn,male,1,1,0,2,1,yes,fiber_optic,no,no,no,no,yes,no,month-to-month,1,mailed_check,86.85,156.35,1
6092,4024-csnby,female,0,1,0,72,1,yes,fiber_optic,yes,yes,yes,yes,no,no,two_year,1,bank_transfer_(automatic),94.25,6849.75,0
6093,7110-bdtwg,female,0,1,0,71,0,no_phone_service,dsl,no,no,yes,yes,no,yes,two_year,1,electronic_check,47.05,3263.6,0
6094,7493-gvfio,male,0,0,0,57,1,no,no,no_internet_service,no_internet_service,no_internet_service,no_internet_service,no_internet_service,no_internet_service,two_year,0,credit_card_(automatic),20.55,1252.85,0
6095,0690-srqid,male,0,0,0,4,1,no,no,no_internet_service,no_internet_service,no_internet_service,no_internet_service,no_internet_service,no_internet_service,month-to-month,1,mailed_check,19.65,67.55,0
6096,9605-wgjvw,female,1,0,0,1,1,no,fiber_optic,no,no,no,no,no,no,month-to-month,1,electronic_check,70.2,70.2,0
6097,9114-dpsia,male,0,1,1,72,1,yes,dsl,yes,yes,yes,yes,no,yes,two_year,0,credit_card_(automatic),81.0,5750.0,0
6098,4700-ubqmv,male,0,1,1,21,1,yes,dsl,yes,no,no,no,yes,yes,one_year,1,bank_transfer_(automatic),75.9,1549.75,0
6099,7711-gqbzc,female,0,1,1,71,1,yes,no,no_internet_service,no_internet_service,no_internet_service,no_internet_service,no_internet_service,no_internet_service,two_year,0,bank_transfer_(automatic),24.7,1810.55,0
6100,3565-unocc,female,1,1,0,29,1,yes,fiber_optic,no,no,yes,no,yes,yes,month-to-month,1,bank_transfer_(automatic),99.05,2952.85,1
6101,4627-mihjh,female,1,0,0,69,1,yes,fiber_optic,yes,no,yes,yes,yes,yes,two_year,0,credit_card_(automatic),110.25,7467.55,0
6102,9795-nrexc,female,0,1,0,64,1,yes,dsl,yes,no,yes,yes,yes,yes,two_year,1,credit_card_(automatic),85.0,5484.4,0
6103,8573-cgocc,male,0,0,0,16,1,no,no,no_internet_service,no_internet_service,no_internet_service,no_internet_service,no_internet_service,no_internet_service,month-to-month,0,credit_card_(automatic),19.75,294.9,0
6104,7356-aynjp,female,0,0,0,4,1,yes,no,no_internet_service,no_internet_service,no_internet_service,no_internet_service,no_internet_service,no_internet_service,one_year,0,electronic_check,23.9,97.5,0
6105,9249-fxsck,female,0,0,0,52,1,yes,fiber_optic,yes,yes,no,yes,yes,yes,one_year,1,credit_card_(automatic),111.25,5916.45,1
6106,5493-sdrdq,male,0,0,0,2,1,no,dsl,yes,no,yes,no,no,no,month-to-month,1,mailed_check,55.1,113.35,1
6107,6286-suuwt,male,0,0,0,1,1,no,no,no_internet_service,no_internet_service,no_internet_service,no_internet_service,no_internet_service,no_internet_service,month-to-month,0,mailed_check,19.95,19.95,0
6108,4819-hjpiw,male,0,0,0,18,0,no_phone_service,dsl,no,no,no,no,no,no,month-to-month,0,mailed_check,25.15,476.8,0
6109,8654-dhaow,female,0,0,0,2,1,yes,dsl,no,yes,no,no,no,no,month-to-month,0,mailed_check,54.15,101.65,0
6110,5438-qmddl,female,0,1,0,19,1,no,dsl,no,yes,no,no,no,yes,month-to-month,1,mailed_check,59.8,1130.85,0
6111,9812-ghvri,female,0,0,0,40,1,yes,fiber_optic,no,no,no,no,no,yes,month-to-month,0,bank_transfer_(automatic),83.85,3532.25,0
6112,5553-aoinx,female,1,1,1,66,1,yes,fiber_optic,no,yes,yes,no,yes,yes,one_year,1,electronic_check,104.9,6891.45,0
6113,1228-zlnbx,male,0,0,0,21,1,yes,fiber_optic,no,no,no,no,no,no,month-to-month,0,mailed_check,75.3,1570.7,0
6114,4226-kkdon,male,0,0,0,8,1,no,dsl,no,yes,no,yes,yes,no,month-to-month,1,electronic_check,66.65,520.95,0
6115,3831-ycpuo,female,0,1,1,72,1,no,fiber_optic,yes,yes,yes,yes,yes,yes,two_year,1,credit_card_(automatic),109.5,7854.9,0
6116,7445-wmrbw,female,0,0,0,48,1,yes,dsl,no,yes,yes,yes,yes,no,one_year,1,bank_transfer_(automatic),73.85,3581.4,0
6117,3308-dghkl,male,0,0,0,69,1,no,no,no_internet_service,no_internet_service,no_internet_service,no_internet_service,no_internet_service,no_internet_service,two_year,1,bank_transfer_(automatic),19.3,1447.9,0
6118,9924-jprmc,male,0,0,0,72,1,yes,fiber_optic,yes,yes,yes,yes,yes,yes,two_year,1,electronic_check,118.2,8547.15,0
6119,0080-emyvy,female,0,0,0,14,1,no,dsl,no,yes,no,no,no,no,one_year,0,credit_card_(automatic),51.45,727.85,0
6120,6218-knubd,male,0,0,0,6,1,no,dsl,no,yes,no,no,yes,no,month-to-month,0,electronic_check,59.45,357.6,0
6121,7337-cinud,female,0,1,1,8,1,no,no,no_internet_service,no_internet_service,no_internet_service,no_internet_service,no_internet_service,no_internet_service,two_year,0,bank_transfer_(automatic),19.5,159.35,0
6122,7609-nrnca,female,0,0,0,17,1,no,no,no_internet_service,no_internet_service,no_internet_service,no_internet_service,no_internet_service,no_internet_service,one_year,0,mailed_check,19.55,280.85,0
6123,0623-ejqeg,male,0,0,0,65,1,yes,fiber_optic,yes,no,no,yes,no,yes,one_year,0,electronic_check,93.55,6069.25,0
6124,7153-chrbv,female,0,1,1,57,1,no,dsl,yes,no,yes,yes,no,no,one_year,1,mailed_check,59.3,3274.35,0
6125,0871-uruwo,male,0,1,0,13,1,yes,fiber_optic,no,no,yes,no,yes,yes,month-to-month,1,credit_card_(automatic),102.25,1359.0,1
6126,9190-mfjln,male,1,0,0,19,1,no,fiber_optic,no,no,yes,no,yes,yes,month-to-month,1,credit_card_(automatic),95.9,1777.9,1
6127,6198-pnnsz,female,0,1,0,56,1,yes,fiber_optic,yes,yes,yes,no,yes,yes,one_year,0,bank_transfer_(automatic),109.8,6109.65,0
6128,3317-vlgqt,female,0,1,0,14,1,no,fiber_optic,no,no,no,no,no,yes,month-to-month,1,electronic_check,78.1,1122.4,0
6129,4132-poczs,male,0,1,0,52,0,no_phone_service,dsl,yes,no,no,no,no,yes,month-to-month,1,electronic_check,39.9,2020.9,0
6130,5614-dnzce,female,0,0,0,58,1,no,dsl,yes,yes,yes,yes,no,no,two_year,1,credit_card_(automatic),64.9,3795.45,0
6131,1095-judtc,female,1,0,0,47,1,yes,fiber_optic,no,yes,no,yes,yes,no,month-to-month,1,electronic_check,95.05,4504.55,1
6132,3896-rcyye,female,0,0,0,67,0,no_phone_service,dsl,no,no,yes,yes,yes,yes,month-to-month,1,credit_card_(automatic),53.4,3579.15,0
6133,9638-jiqya,male,0,0,0,2,0,no_phone_service,dsl,no,no,no,no,no,no,month-to-month,1,credit_card_(automatic),24.9,49.7,0
6134,3258-sanfr,male,1,0,0,6,1,no,dsl,no,no,no,no,no,no,month-to-month,0,credit_card_(automatic),44.7,276.5,0
6135,3726-tbhqt,male,0,1,1,71,1,yes,fiber_optic,yes,yes,yes,yes,yes,yes,two_year,1,bank_transfer_(automatic),114.0,8175.9,0
6136,3190-itqxp,female,0,1,1,46,1,no,no,no_internet_service,no_internet_service,no_internet_service,no_internet_service,no_internet_service,no_internet_service,two_year,0,bank_transfer_(automatic),20.25,890.35,0
6137,0870-vemyl,female,0,0,0,5,1,no,dsl,yes,no,no,yes,no,no,month-to-month,0,credit_card_(automatic),53.85,259.8,1
6138,4833-qtjno,male,1,1,0,67,1,yes,fiber_optic,yes,yes,no,no,no,no,month-to-month,0,bank_transfer_(automatic),83.85,5588.8,0
6139,3039-mjsln,male,0,0,1,3,1,no,no,no_internet_service,no_internet_service,no_internet_service,no_internet_service,no_internet_service,no_internet_service,month-to-month,0,bank_transfer_(automatic),20.2,50.6,0
6140,0178-ciikr,female,0,0,0,3,1,no,no,no_internet_service,no_internet_service,no_internet_service,no_internet_service,no_internet_service,no_internet_service,month-to-month,0,mailed_check,19.95,58.0,0
6141,5385-suiri,male,1,1,0,52,1,yes,fiber_optic,yes,no,yes,no,yes,yes,month-to-month,1,electronic_check,104.2,5568.35,1
6142,3982-xwfzq,female,0,1,0,42,1,yes,dsl,no,no,no,no,no,no,month-to-month,1,electronic_check,50.25,2203.65,1
6143,5774-qpltf,male,0,1,1,50,1,no,no,no_internet_service,no_internet_service,no_internet_service,no_internet_service,no_internet_service,no_internet_service,one_year,1,mailed_check,20.35,938.95,0
6144,2322-vczhz,male,1,1,0,23,1,no,fiber_optic,yes,yes,no,no,no,yes,month-to-month,1,electronic_check,90.0,2024.1,0
6145,5010-ipeaq,female,0,1,1,67,0,no_phone_service,dsl,yes,yes,yes,yes,yes,no,two_year,0,credit_card_(automatic),54.2,3623.95,0
6146,4009-alqfh,female,0,0,0,25,1,no,fiber_optic,no,yes,yes,no,yes,yes,month-to-month,1,electronic_check,99.5,2369.05,1
6147,6383-ztsiw,female,1,1,0,39,1,no,fiber_optic,yes,yes,no,no,yes,yes,one_year,0,mailed_check,99.1,3877.95,0
6148,8990-yozlv,female,0,0,0,69,1,yes,dsl,yes,yes,no,yes,no,no,two_year,1,mailed_check,66.9,4577.9,0
6149,3069-ssvsn,female,0,0,0,1,0,no_phone_service,dsl,no,no,no,no,no,no,one_year,0,mailed_check,25.85,25.85,0
6150,5222-imukt,male,0,0,0,32,1,no,fiber_optic,no,no,no,no,yes,yes,month-to-month,0,electronic_check,91.05,2871.5,0
6151,3627-fcrdw,female,0,0,0,9,1,no,fiber_optic,no,no,no,no,no,no,month-to-month,0,electronic_check,71.0,672.55,1
6152,7562-gsuhk,female,0,0,0,16,1,no,fiber_optic,no,yes,yes,no,no,yes,month-to-month,1,credit_card_(automatic),93.2,1573.7,1
6153,6685-xshhu,male,0,1,1,60,1,no,no,no_internet_service,no_internet_service,no_internet_service,no_internet_service,no_internet_service,no_internet_service,two_year,1,bank_transfer_(automatic),20.95,1270.55,0
6154,8901-uprhr,female,0,1,1,72,1,yes,fiber_optic,no,yes,yes,yes,yes,yes,two_year,1,bank_transfer_(automatic),109.2,7711.45,0
6155,4903-uyavb,male,0,1,0,5,1,no,no,no_internet_service,no_internet_service,no_internet_service,no_internet_service,no_internet_service,no_internet_service,month-to-month,0,mailed_check,19.35,126.05,1
6156,0118-jpnoy,female,1,0,0,26,1,no,fiber_optic,yes,no,no,no,yes,no,month-to-month,1,credit_card_(automatic),85.8,2193.65,0
6157,6776-tlwoi,male,0,0,0,3,1,no,no,no_internet_service,no_internet_service,no_internet_service,no_internet_service,no_internet_service,no_internet_service,month-to-month,0,mailed_check,19.85,64.55,1
6158,3845-fxcys,male,0,0,0,2,1,no,no,no_internet_service,no_internet_service,no_internet_service,no_internet_service,no_internet_service,no_internet_service,month-to-month,1,electronic_check,19.65,31.2,0
6159,5857-xrecv,female,0,0,1,2,1,no,no,no_internet_service,no_internet_service,no_internet_service,no_internet_service,no_internet_service,no_internet_service,one_year,0,bank_transfer_(automatic),20.5,38.25,0
6160,0725-cxotm,female,0,0,0,36,1,yes,dsl,yes,no,yes,yes,yes,yes,one_year,1,credit_card_(automatic),89.65,3348.1,0
6161,4343-ejvqb,male,0,0,0,7,1,no,fiber_optic,yes,no,no,no,no,no,month-to-month,0,mailed_check,74.35,533.6,0
6162,9000-plfuz,female,1,1,0,60,0,no_phone_service,dsl,no,yes,no,no,yes,yes,two_year,1,credit_card_(automatic),49.45,2907.55,0
6163,3427-ggzzi,female,0,1,0,19,1,yes,fiber_optic,no,yes,no,no,no,yes,month-to-month,1,electronic_check,89.1,1620.8,0
6164,7779-orael,male,1,1,0,45,1,yes,dsl,yes,no,yes,yes,no,yes,two_year,0,credit_card_(automatic),75.15,3480.35,0
6165,0644-oqmdk,male,1,0,0,4,1,no,fiber_optic,no,no,no,no,no,no,month-to-month,1,electronic_check,70.65,293.85,0
6166,4077-cromm,female,0,1,1,31,1,yes,fiber_optic,no,no,yes,yes,yes,yes,month-to-month,1,electronic_check,104.2,3243.45,1
6167,3154-cfszg,male,0,1,1,47,1,no,fiber_optic,yes,no,yes,no,no,yes,month-to-month,0,electronic_check,90.05,4137.2,0
6168,2868-mzagq,male,0,0,0,1,1,no,fiber_optic,no,no,no,no,no,yes,month-to-month,1,electronic_check,79.25,79.25,1
6169,4847-qnoka,female,0,0,0,1,1,no,dsl,no,no,no,no,no,no,month-to-month,1,bank_transfer_(automatic),44.9,44.9,1
6170,2220-iahls,female,0,0,0,1,1,no,no,no_internet_service,no_internet_service,no_internet_service,no_internet_service,no_internet_service,no_internet_service,month-to-month,0,credit_card_(automatic),19.4,19.4,0
6171,1658-xuhbx,female,1,1,1,59,1,yes,fiber_optic,no,no,yes,no,no,yes,month-to-month,1,credit_card_(automatic),88.75,5348.65,0
6172,6379-rxjrq,male,0,1,0,10,1,no,fiber_optic,no,no,no,no,no,no,month-to-month,1,electronic_check,70.1,659.65,1
6173,2378-htwfw,male,1,0,0,35,1,yes,fiber_optic,yes,no,no,no,no,yes,month-to-month,0,credit_card_(automatic),91.0,3180.5,0
6174,8650-rhrke,male,0,0,0,4,0,no_phone_service,dsl,no,no,yes,no,no,no,month-to-month,1,electronic_check,29.65,118.5,1
6175,4377-vdhyi,male,0,1,1,32,1,no,fiber_optic,yes,yes,no,no,no,yes,one_year,1,electronic_check,90.8,3023.85,0
6176,0475-rijep,male,0,0,0,43,1,yes,fiber_optic,no,yes,no,no,no,no,month-to-month,1,electronic_check,77.85,3365.85,1
6177,1260-ttrxi,male,0,0,0,4,1,no,dsl,no,no,no,no,no,yes,month-to-month,0,electronic_check,54.3,195.3,1
6178,3719-tdvqb,female,1,1,0,54,1,no,no,no_internet_service,no_internet_service,no_internet_service,no_internet_service,no_internet_service,no_internet_service,two_year,1,mailed_check,18.95,1031.1,0
6179,6328-zpbgn,female,1,0,0,11,1,yes,fiber_optic,no,no,no,no,yes,yes,month-to-month,1,bank_transfer_(automatic),95.15,997.65,1
6180,0201-mibol,female,1,0,0,66,1,yes,fiber_optic,yes,no,no,no,yes,yes,two_year,1,bank_transfer_(automatic),102.4,6471.85,0
6181,4937-qpzpo,male,0,1,1,61,1,yes,fiber_optic,no,no,yes,no,yes,yes,one_year,1,electronic_check,99.9,6241.35,0
6182,2925-vdzhy,male,0,1,1,72,1,yes,dsl,yes,yes,yes,yes,yes,yes,two_year,0,credit_card_(automatic),88.7,6501.35,0
6183,6981-tdrft,male,0,1,1,44,0,no_phone_service,dsl,no,no,yes,yes,yes,yes,one_year,1,electronic_check,54.3,2317.1,0
6184,3413-cssth,male,0,0,0,41,1,yes,dsl,no,no,yes,no,no,no,month-to-month,1,bank_transfer_(automatic),55.7,2237.55,0
6185,8033-vczgh,male,0,1,0,50,1,yes,fiber_optic,yes,no,yes,no,yes,yes,one_year,1,electronic_check,103.95,5231.3,0
6186,4789-kwmxn,male,0,1,0,47,1,yes,fiber_optic,yes,no,yes,yes,yes,yes,one_year,1,credit_card_(automatic),110.85,5275.8,1
6187,0224-nijlp,male,0,1,1,8,1,no,no,no_internet_service,no_internet_service,no_internet_service,no_internet_service,no_internet_service,no_internet_service,two_year,0,mailed_check,20.15,165.5,0
6188,7542-cyddm,male,0,0,0,18,1,no,no,no_internet_service,no_internet_service,no_internet_service,no_internet_service,no_internet_service,no_internet_service,month-to-month,0,mailed_check,20.05,358.5,0
6189,4718-wxbgi,male,0,1,1,72,1,yes,dsl,yes,yes,yes,yes,yes,yes,two_year,1,credit_card_(automatic),91.95,6614.9,0
6190,2867-uimss,male,0,0,0,1,1,no,fiber_optic,no,no,no,no,no,yes,month-to-month,0,electronic_check,80.5,80.5,1
6191,8495-prwfh,female,1,0,0,42,1,yes,dsl,no,no,yes,no,no,no,month-to-month,0,electronic_check,55.65,2421.75,0
6192,0439-ifyun,female,1,0,0,18,1,no,fiber_optic,no,yes,no,no,no,no,month-to-month,1,electronic_check,74.7,1294.6,0
6193,5716-libjc,female,0,0,1,13,1,yes,fiber_optic,no,yes,yes,no,yes,yes,one_year,1,credit_card_(automatic),104.15,1299.1,0
6194,2868-llskm,female,0,1,1,68,1,yes,fiber_optic,no,yes,no,yes,no,no,one_year,1,bank_transfer_(automatic),83.65,5733.4,0
6195,8111-rkspx,male,0,0,0,4,1,yes,fiber_optic,no,no,no,no,no,no,month-to-month,1,bank_transfer_(automatic),72.2,305.55,1
6196,2988-qrajy,male,0,0,0,69,1,yes,fiber_optic,yes,yes,yes,no,yes,yes,two_year,1,credit_card_(automatic),110.05,7430.75,0
6197,1585-mqssu,male,0,0,0,17,1,no,dsl,no,no,no,yes,no,no,month-to-month,0,mailed_check,51.5,900.5,1
6198,0071-ndafp,male,0,1,1,25,1,yes,no,no_internet_service,no_internet_service,no_internet_service,no_internet_service,no_internet_service,no_internet_service,two_year,0,credit_card_(automatic),25.5,630.6,0
6199,2856-nnasm,male,1,0,0,43,1,no,fiber_optic,no,no,no,no,yes,yes,month-to-month,1,mailed_check,89.55,3856.75,1
6200,7328-zjajo,female,0,1,1,59,1,no,no,no_internet_service,no_internet_service,no_internet_service,no_internet_service,no_internet_service,no_internet_service,two_year,0,credit_card_(automatic),19.5,1222.65,0
6201,6458-cyidz,female,1,0,0,5,1,no,fiber_optic,yes,yes,no,no,no,no,month-to-month,0,electronic_check,80.7,374.8,0
6202,8559-cizfv,male,0,1,1,21,1,yes,dsl,yes,yes,no,yes,yes,no,one_year,0,mailed_check,77.5,1625.0,1
6203,1090-pykci,female,0,1,1,69,1,yes,fiber_optic,yes,yes,yes,yes,yes,no,one_year,1,credit_card_(automatic),105.1,7234.8,0
6204,3058-wqdre,male,0,0,0,13,0,no_phone_service,dsl,no,no,no,no,no,no,month-to-month,1,bank_transfer_(automatic),25.15,331.85,0
6205,7547-eknfs,male,0,1,0,42,1,yes,fiber_optic,no,yes,yes,no,yes,no,month-to-month,1,bank_transfer_(automatic),95.25,3959.35,1
6206,2279-axjjk,male,0,1,0,52,1,yes,fiber_optic,no,yes,no,yes,no,yes,month-to-month,1,credit_card_(automatic),95.65,5088.4,0
6207,6769-dybqn,male,1,0,0,46,1,no,fiber_optic,yes,no,no,no,no,yes,month-to-month,0,electronic_check,85.0,3969.4,1
6208,0909-selie,male,0,1,0,61,1,yes,dsl,yes,yes,yes,yes,no,yes,two_year,1,bank_transfer_(automatic),80.8,4860.85,0
6209,3417-tscic,male,0,0,0,29,0,no_phone_service,dsl,no,no,no,no,no,no,one_year,1,mailed_check,24.85,788.05,0
6210,1042-hfucw,female,0,0,1,25,1,no,dsl,no,yes,no,yes,no,no,one_year,1,credit_card_(automatic),54.75,1266.35,0
6211,4439-jmpmt,female,0,1,1,5,1,no,fiber_optic,no,no,no,yes,yes,no,month-to-month,1,electronic_check,85.75,470.95,1
6212,6537-otkmy,male,0,0,0,15,0,no_phone_service,dsl,no,no,yes,no,yes,yes,one_year,0,electronic_check,50.75,688.2,0
6213,8999-exmno,female,0,1,1,19,1,no,no,no_internet_service,no_internet_service,no_internet_service,no_internet_service,no_internet_service,no_internet_service,two_year,0,mailed_check,20.15,387.7,0
6214,6725-tpkjo,male,0,0,0,44,1,no,no,no_internet_service,no_internet_service,no_internet_service,no_internet_service,no_internet_service,no_internet_service,two_year,0,mailed_check,20.05,845.25,0
6215,2446-beggb,female,1,0,0,6,1,yes,fiber_optic,no,yes,no,no,yes,yes,month-to-month,1,electronic_check,98.25,560.6,1
6216,7162-wphpm,male,0,1,1,58,1,yes,dsl,yes,yes,yes,yes,no,no,two_year,0,credit_card_(automatic),71.6,4230.25,0
6217,1599-mmyrq,male,0,1,1,62,1,no,fiber_optic,yes,yes,no,no,no,no,one_year,1,credit_card_(automatic),81.45,4983.05,0
6218,8821-kvzkq,female,0,1,1,70,0,no_phone_service,dsl,no,yes,yes,yes,yes,yes,one_year,1,bank_transfer_(automatic),58.4,4113.15,0
6219,1496-ggsuk,female,1,0,0,1,0,no_phone_service,dsl,no,no,no,no,no,no,month-to-month,1,mailed_check,25.7,25.7,1
6220,6434-ttgjp,male,0,1,1,10,0,no_phone_service,dsl,yes,yes,yes,yes,no,yes,two_year,0,credit_card_(automatic),53.7,521.0,0
6221,0042-jvwoj,male,0,0,0,26,1,no,no,no_internet_service,no_internet_service,no_internet_service,no_internet_service,no_internet_service,no_internet_service,one_year,1,bank_transfer_(automatic),19.6,471.85,0
6222,0130-sxoun,male,0,0,0,66,1,yes,fiber_optic,no,yes,no,no,no,yes,month-to-month,0,credit_card_(automatic),89.4,5976.9,0
6223,2575-gfsoe,female,0,1,1,7,1,no,fiber_optic,no,no,no,no,no,no,month-to-month,1,electronic_check,69.0,506.9,1
6224,2330-pqgdq,male,0,1,1,51,1,yes,fiber_optic,no,yes,no,yes,no,no,one_year,0,bank_transfer_(automatic),84.2,4299.75,0
6225,1452-uzosf,male,0,1,1,72,1,yes,fiber_optic,yes,yes,yes,yes,yes,no,two_year,1,credit_card_(automatic),106.1,7548.6,0
6226,2097-yvpkn,male,0,0,0,65,1,yes,no,no_internet_service,no_internet_service,no_internet_service,no_internet_service,no_internet_service,no_internet_service,two_year,0,mailed_check,25.75,1654.75,0
6227,2842-jtccu,male,0,0,0,2,1,no,dsl,no,no,no,no,no,no,month-to-month,0,bank_transfer_(automatic),46.05,80.35,1
6228,8597-ctxvj,male,0,0,1,70,1,yes,dsl,yes,yes,no,yes,no,no,one_year,0,bank_transfer_(automatic),64.95,4551.5,0
6229,6631-hmanx,male,0,1,0,72,1,yes,dsl,no,yes,yes,yes,yes,yes,two_year,1,credit_card_(automatic),85.45,6227.5,0
6230,9962-bfpdu,female,0,1,1,1,1,no,no,no_internet_service,no_internet_service,no_internet_service,no_internet_service,no_internet_service,no_internet_service,month-to-month,0,mailed_check,20.05,20.05,0
6231,3296-silra,female,1,1,0,1,1,no,fiber_optic,no,yes,no,no,no,no,month-to-month,1,mailed_check,76.4,76.4,1
6232,9681-oxgvc,female,0,0,0,5,1,yes,fiber_optic,no,no,yes,no,yes,yes,month-to-month,1,electronic_check,100.5,514.0,1
6233,6394-hhhzm,male,0,0,0,3,1,no,no,no_internet_service,no_internet_service,no_internet_service,no_internet_service,no_internet_service,no_internet_service,month-to-month,0,mailed_check,20.7,57.5,0
6234,5995-lftle,male,0,0,0,58,1,yes,no,no_internet_service,no_internet_service,no_internet_service,no_internet_service,no_internet_service,no_internet_service,two_year,1,credit_card_(automatic),25.3,1474.35,0
6235,5180-uciiq,male,1,1,1,22,0,no_phone_service,dsl,yes,no,no,no,no,yes,month-to-month,0,mailed_check,40.05,880.2,1
6236,1932-uedcx,male,1,1,0,33,1,yes,fiber_optic,no,yes,no,no,yes,yes,month-to-month,1,bank_transfer_(automatic),100.6,3270.25,0
6237,7153-oanio,male,0,0,0,1,1,no,fiber_optic,no,no,no,no,no,no,month-to-month,0,electronic_check,69.95,69.95,1
6238,5188-hgmlp,male,1,1,0,54,1,yes,fiber_optic,no,no,no,no,no,no,month-to-month,0,bank_transfer_(automatic),74.0,3919.15,0
6239,0665-xhdju,male,0,1,0,72,1,yes,fiber_optic,no,yes,no,no,yes,yes,two_year,1,electronic_check,99.4,7285.7,0
6240,6521-yytyi,male,0,0,1,1,1,yes,fiber_optic,no,no,no,no,yes,yes,month-to-month,1,electronic_check,93.3,93.3,1
6241,8878-hmwbv,male,0,0,0,3,1,no,dsl,no,no,yes,no,no,no,month-to-month,1,electronic_check,49.15,169.05,1
6242,8265-hksow,female,0,1,1,72,1,yes,fiber_optic,yes,yes,yes,yes,no,yes,two_year,0,credit_card_(automatic),107.45,7658.3,0
6243,3544-fbcas,female,0,1,1,72,1,yes,dsl,yes,yes,yes,no,yes,yes,two_year,1,credit_card_(automatic),83.6,5959.3,0
6244,5331-rgmtt,male,1,1,0,54,1,yes,fiber_optic,no,no,yes,no,yes,yes,month-to-month,1,credit_card_(automatic),99.05,5295.7,0
6245,4759-pxtan,female,0,1,0,59,1,yes,dsl,no,yes,no,yes,yes,yes,one_year,1,electronic_check,80.1,4693.2,0
6246,7054-dmvas,male,0,0,0,54,1,no,dsl,yes,yes,no,no,yes,no,two_year,1,bank_transfer_(automatic),65.3,3512.9,0
6247,3428-mmgub,male,0,0,0,60,1,yes,fiber_optic,no,no,yes,no,yes,no,two_year,1,electronic_check,89.55,5231.2,0
6248,6549-btypg,female,0,1,0,60,0,no_phone_service,dsl,no,yes,yes,yes,yes,yes,two_year,0,credit_card_(automatic),60.8,3603.45,0
6249,7823-jsoag,male,0,0,0,3,1,yes,fiber_optic,no,no,no,no,no,no,month-to-month,0,electronic_check,74.5,217.45,0
6250,3705-rhrfr,female,0,1,0,69,1,yes,fiber_optic,yes,no,no,no,yes,yes,two_year,0,bank_transfer_(automatic),99.15,6875.35,0
6251,9374-yolbj,female,0,1,1,1,1,no,no,no_internet_service,no_internet_service,no_internet_service,no_internet_service,no_internet_service,no_internet_service,month-to-month,0,electronic_check,19.25,19.25,0
6252,9074-kgvox,male,0,1,1,50,0,no_phone_service,dsl,yes,no,no,no,yes,no,month-to-month,1,credit_card_(automatic),39.45,2021.35,0
6253,6128-dafvy,female,0,0,0,56,0,no_phone_service,dsl,no,no,no,no,yes,yes,month-to-month,1,credit_card_(automatic),44.85,2564.95,0
6254,9933-qrgtx,female,0,1,0,60,1,no,fiber_optic,yes,no,no,yes,yes,yes,two_year,1,electronic_check,97.2,5611.75,0
6255,4476-oswtn,male,1,1,0,69,1,yes,fiber_optic,yes,no,yes,yes,yes,yes,one_year,1,mailed_check,110.55,7610.1,0
6256,3751-ktzel,female,0,0,0,1,0,no_phone_service,dsl,no,no,no,no,no,yes,month-to-month,0,mailed_check,35.05,35.05,1
6257,1977-stdki,female,1,0,0,1,1,no,fiber_optic,no,yes,no,no,no,no,month-to-month,1,electronic_check,73.0,73.0,1
6258,5066-gfjmm,female,0,1,0,3,1,no,no,no_internet_service,no_internet_service,no_internet_service,no_internet_service,no_internet_service,no_internet_service,month-to-month,1,mailed_check,19.9,45.75,0
6259,2661-gkbtk,male,0,1,1,60,1,no,dsl,no,yes,no,yes,yes,yes,two_year,0,bank_transfer_(automatic),76.95,4543.95,0
6260,0458-heuzg,female,0,0,0,13,0,no_phone_service,dsl,no,no,yes,yes,no,no,two_year,0,mailed_check,35.4,450.4,0
6261,7268-wntcp,male,0,1,1,62,1,no,no,no_internet_service,no_internet_service,no_internet_service,no_internet_service,no_internet_service,no_internet_service,two_year,0,bank_transfer_(automatic),20.45,1297.35,0
6262,0824-vwdpo,female,0,0,0,45,1,yes,fiber_optic,yes,yes,no,no,no,yes,one_year,0,bank_transfer_(automatic),96.75,4442.75,0
6263,8409-wqjux,female,0,0,0,25,0,no_phone_service,dsl,no,no,yes,yes,yes,yes,one_year,0,electronic_check,54.2,1423.15,0
6264,2578-jqphz,male,0,0,0,44,1,no,fiber_optic,no,no,yes,yes,yes,yes,two_year,0,bank_transfer_(automatic),100.1,4378.35,0
6265,3278-fsixx,female,0,0,0,2,1,no,dsl,no,no,no,no,no,no,month-to-month,1,mailed_check,45.25,74.2,0
6266,5813-uecbu,male,1,0,0,33,1,yes,fiber_optic,no,yes,yes,no,no,no,month-to-month,1,credit_card_(automatic),83.85,2716.3,1
6267,0328-grpmv,female,0,0,0,1,1,no,fiber_optic,no,no,no,no,no,no,month-to-month,1,electronic_check,70.1,70.1,1
6268,9746-ugfac,female,0,0,0,22,1,no,no,no_internet_service,no_internet_service,no_internet_service,no_internet_service,no_internet_service,no_internet_service,one_year,0,bank_transfer_(automatic),20.85,450.65,0
6269,2946-kiqsp,female,0,0,0,35,0,no_phone_service,dsl,no,no,yes,yes,no,no,month-to-month,1,mailed_check,33.45,1175.85,0
6270,0625-afohs,female,0,1,1,29,1,no,no,no_internet_service,no_internet_service,no_internet_service,no_internet_service,no_internet_service,no_internet_service,two_year,0,mailed_check,20.2,558.8,0
6271,6726-wexxk,male,1,1,0,27,1,yes,fiber_optic,yes,no,yes,no,no,no,one_year,1,electronic_check,85.9,2220.1,0
6272,4636-olwoe,male,0,0,1,54,1,no,dsl,no,yes,yes,yes,no,no,one_year,1,electronic_check,61.0,3283.05,0
6273,4342-hentk,female,1,0,0,2,1,no,fiber_optic,no,no,no,no,no,no,month-to-month,1,electronic_check,70.65,142.35,1
6274,4685-erghk,male,0,0,0,57,1,yes,fiber_optic,no,no,no,no,yes,no,one_year,1,electronic_check,86.9,4939.25,0
6275,0885-hmgpy,male,0,0,0,62,1,yes,dsl,yes,yes,yes,yes,no,no,two_year,0,bank_transfer_(automatic),69.4,4237.5,0
6276,5003-oknnk,female,0,1,1,15,1,no,no,no_internet_service,no_internet_service,no_internet_service,no_internet_service,no_internet_service,no_internet_service,one_year,0,credit_card_(automatic),20.35,335.95,0
6277,4195-smmnx,male,0,0,0,2,1,no,no,no_internet_service,no_internet_service,no_internet_service,no_internet_service,no_internet_service,no_internet_service,month-to-month,0,mailed_check,20.35,33.2,1
6278,7208-psihr,female,0,1,0,70,1,yes,fiber_optic,no,no,yes,yes,yes,yes,two_year,1,bank_transfer_(automatic),104.3,7188.5,0
6279,4012-zthbr,female,0,1,1,21,1,no,dsl,no,no,no,no,no,no,month-to-month,1,electronic_check,44.95,926.25,0
6280,0489-wmemg,female,0,0,1,23,1,no,dsl,no,no,no,yes,no,no,one_year,1,electronic_check,49.45,1119.35,0
6281,7435-znuyy,male,0,0,0,6,1,no,no,no_internet_service,no_internet_service,no_internet_service,no_internet_service,no_internet_service,no_internet_service,one_year,0,mailed_check,20.6,116.6,0
6282,1354-yzfnb,male,0,1,1,4,1,no,no,no_internet_service,no_internet_service,no_internet_service,no_internet_service,no_internet_service,no_internet_service,two_year,0,credit_card_(automatic),19.55,68.8,0
6283,6956-smucm,female,0,0,0,3,1,no,fiber_optic,yes,no,yes,no,yes,yes,month-to-month,1,credit_card_(automatic),99.0,287.4,1
6284,2985-fmwyf,female,0,0,0,23,1,yes,fiber_optic,no,no,no,no,yes,yes,month-to-month,1,electronic_check,93.5,2341.55,0
6285,2812-enymo,male,0,0,0,26,0,no_phone_service,dsl,yes,no,no,yes,yes,yes,one_year,0,credit_card_(automatic),54.55,1362.85,0
6286,2717-hvizy,female,0,0,1,8,1,no,no,no_internet_service,no_internet_service,no_internet_service,no_internet_service,no_internet_service,no_internet_service,month-to-month,0,mailed_check,20.05,163.6,0
6287,3223-wzwjm,male,0,0,0,26,1,yes,fiber_optic,no,no,no,no,no,yes,month-to-month,1,electronic_check,83.95,2254.2,1
6288,3422-galyp,male,0,0,0,2,1,yes,fiber_optic,no,yes,no,no,no,no,month-to-month,1,electronic_check,79.45,145.15,0
6289,9053-jzfkv,male,0,0,0,67,1,yes,fiber_optic,yes,yes,yes,yes,yes,yes,two_year,0,credit_card_(automatic),116.2,7752.3,1
6290,2530-endwq,female,0,1,0,71,1,yes,fiber_optic,no,no,no,no,yes,yes,two_year,1,bank_transfer_(automatic),93.7,6585.35,1
6291,2890-wfbhu,female,0,0,0,59,1,yes,dsl,yes,yes,yes,yes,no,yes,one_year,0,credit_card_(automatic),79.85,4786.1,0
6292,0327-wfzsy,male,0,1,1,39,1,yes,fiber_optic,no,no,yes,no,yes,yes,one_year,0,electronic_check,100.0,3835.55,0
6293,7977-hxjku,male,0,0,1,21,1,no,no,no_internet_service,no_internet_service,no_internet_service,no_internet_service,no_internet_service,no_internet_service,two_year,0,mailed_check,19.6,397.0,0
6294,6615-zgedr,male,0,0,0,1,1,no,no,no_internet_service,no_internet_service,no_internet_service,no_internet_service,no_internet_service,no_internet_service,month-to-month,0,mailed_check,19.7,19.7,1
6295,7033-clamm,female,0,1,1,48,1,no,no,no_internet_service,no_internet_service,no_internet_service,no_internet_service,no_internet_service,no_internet_service,two_year,0,bank_transfer_(automatic),20.2,1027.25,0
6296,4023-rtiqm,female,1,1,0,31,0,no_phone_service,dsl,yes,yes,yes,no,no,yes,one_year,1,credit_card_(automatic),50.4,1580.1,0
6297,0864-fvjnj,female,0,1,1,64,1,yes,fiber_optic,yes,yes,yes,yes,yes,yes,one_year,0,electronic_check,113.35,7222.75,0
6298,7356-iwlfw,male,0,1,1,46,1,yes,fiber_optic,no,yes,no,no,no,no,month-to-month,1,bank_transfer_(automatic),80.0,3769.7,0
6299,9541-pwtwo,female,0,0,0,52,1,yes,dsl,no,no,yes,yes,yes,yes,two_year,1,bank_transfer_(automatic),80.95,4233.95,0
6300,3967-vqogc,female,0,1,1,67,1,yes,no,no_internet_service,no_internet_service,no_internet_service,no_internet_service,no_internet_service,no_internet_service,two_year,1,mailed_check,24.9,1680.25,0
6301,7872-rddlz,female,1,0,0,67,1,yes,dsl,no,yes,no,no,no,no,month-to-month,0,electronic_check,54.9,3725.5,0
6302,9250-wypll,female,0,0,0,5,1,yes,fiber_optic,no,no,no,no,no,no,month-to-month,0,electronic_check,75.55,413.65,1
6303,6308-cqrbu,female,0,1,0,71,1,yes,fiber_optic,no,yes,yes,yes,yes,yes,two_year,0,electronic_check,109.25,7707.7,0
6304,2754-xbhtb,female,0,0,0,9,1,no,fiber_optic,no,no,no,no,yes,no,month-to-month,1,bank_transfer_(automatic),77.65,714.15,1
6305,1597-lhync,female,1,0,0,26,1,yes,fiber_optic,yes,yes,no,no,no,yes,month-to-month,1,electronic_check,95.0,2497.2,1
6306,0186-caerr,male,0,0,0,71,1,yes,fiber_optic,yes,yes,yes,yes,yes,yes,one_year,1,bank_transfer_(automatic),116.3,8309.55,0
6307,3043-sudua,female,0,0,0,32,1,no,no,no_internet_service,no_internet_service,no_internet_service,no_internet_service,no_internet_service,no_internet_service,month-to-month,0,bank_transfer_(automatic),19.9,601.55,0
6308,5442-bhqng,female,0,0,0,2,1,no,fiber_optic,no,no,no,no,no,no,month-to-month,0,electronic_check,70.35,139.25,0
6309,2169-rrlfw,female,0,1,0,71,1,yes,no,no_internet_service,no_internet_service,no_internet_service,no_internet_service,no_internet_service,no_internet_service,two_year,0,credit_card_(automatic),25.6,1888.25,0
6310,5872-oeqnh,female,0,0,0,60,0,no_phone_service,dsl,yes,no,yes,no,no,yes,one_year,1,electronic_check,44.45,2773.9,0
6311,3162-kkzxo,female,1,0,0,55,1,yes,fiber_optic,no,no,yes,no,yes,yes,one_year,1,electronic_check,100.15,5409.75,0
6312,7055-vkgda,male,0,0,0,54,1,no,fiber_optic,yes,yes,no,yes,yes,yes,one_year,1,credit_card_(automatic),105.4,5643.4,1
6313,0754-ukwqp,male,0,0,0,2,1,no,fiber_optic,no,no,yes,no,yes,yes,month-to-month,1,electronic_check,95.85,197.7,1
6314,8873-gldmh,female,0,0,0,6,1,yes,fiber_optic,no,no,no,no,no,no,month-to-month,1,mailed_check,73.85,401.3,0
6315,5696-jvvqy,female,0,1,1,48,1,no,dsl,yes,yes,yes,no,no,yes,two_year,1,credit_card_(automatic),70.1,3238.4,0
6316,8946-bfwsg,male,0,1,1,63,1,yes,no,no_internet_service,no_internet_service,no_internet_service,no_internet_service,no_internet_service,no_internet_service,two_year,0,mailed_check,25.25,1573.05,0
6317,7493-tpuwz,male,0,0,0,1,1,yes,fiber_optic,no,yes,no,no,no,no,month-to-month,1,electronic_check,79.15,79.15,1
6318,0547-hurjb,male,0,0,1,12,1,no,no,no_internet_service,no_internet_service,no_internet_service,no_internet_service,no_internet_service,no_internet_service,month-to-month,0,credit_card_(automatic),21.05,235.8,0
6319,8904-opdck,male,1,1,0,54,0,no_phone_service,dsl,no,no,no,no,no,no,month-to-month,1,bank_transfer_(automatic),24.95,1364.75,0
6320,8845-lwkge,female,0,1,1,30,1,no,dsl,no,no,yes,yes,yes,no,one_year,1,electronic_check,64.5,1985.15,0
6321,1577-hktfg,female,0,1,0,30,1,no,no,no_internet_service,no_internet_service,no_internet_service,no_internet_service,no_internet_service,no_internet_service,month-to-month,0,bank_transfer_(automatic),19.65,655.85,1
6322,8752-stivr,female,0,0,0,4,1,no,fiber_optic,no,no,no,no,yes,no,month-to-month,1,electronic_check,79.0,303.15,1
6323,0691-nikri,female,0,0,0,40,1,yes,fiber_optic,no,no,yes,yes,yes,yes,one_year,1,credit_card_(automatic),105.95,4335.2,0
6324,5022-jnqeq,female,0,1,1,9,1,no,fiber_optic,no,no,no,yes,no,no,month-to-month,1,electronic_check,75.85,647.5,0
6325,4558-fantw,female,0,1,1,17,1,no,fiber_optic,yes,no,no,yes,yes,no,month-to-month,0,electronic_check,91.85,1574.45,1
6326,3249-vhrip,female,0,0,0,62,0,no_phone_service,dsl,no,yes,yes,no,no,yes,two_year,1,credit_card_(automatic),43.6,2748.7,0
6327,3736-blepa,male,0,0,0,28,1,no,fiber_optic,no,yes,no,yes,yes,no,one_year,1,bank_transfer_(automatic),91.25,2483.65,0
6328,4701-lkozd,female,0,0,0,70,1,yes,dsl,yes,yes,yes,yes,yes,yes,two_year,0,credit_card_(automatic),89.75,6367.2,0
6329,6603-qwspr,female,0,0,0,46,1,no,fiber_optic,no,yes,yes,yes,yes,yes,two_year,1,bank_transfer_(automatic),104.4,4904.2,0
6330,9921-qfqul,female,0,1,0,23,1,yes,fiber_optic,no,no,yes,no,no,yes,month-to-month,0,mailed_check,90.15,2044.95,0
6331,1929-zcbhe,male,0,1,1,47,0,no_phone_service,dsl,yes,no,yes,yes,no,no,one_year,0,electronic_check,40.3,1794.8,0
6332,4378-mypgo,male,0,1,1,68,1,no,fiber_optic,yes,yes,yes,no,yes,yes,two_year,1,bank_transfer_(automatic),105.25,7173.15,0
6333,8651-enbzx,female,1,0,0,60,1,yes,fiber_optic,no,no,yes,yes,yes,yes,one_year,1,electronic_check,106.0,6441.4,1
6334,4129-lycoi,female,0,0,1,67,1,yes,fiber_optic,no,yes,no,yes,yes,yes,two_year,1,electronic_check,104.0,7039.05,0
6335,7798-jvxym,female,0,0,0,14,1,no,dsl,no,no,no,yes,yes,yes,month-to-month,1,electronic_check,69.65,921.4,0
6336,8647-sdtwq,male,0,1,1,57,1,yes,fiber_optic,no,no,no,no,no,no,month-to-month,1,electronic_check,74.3,4018.35,0
6337,2696-ecxkc,female,0,1,1,55,1,yes,fiber_optic,yes,no,no,no,yes,yes,one_year,0,mailed_check,100.9,5448.6,0
6338,2081-kjsqf,male,0,0,0,1,1,no,no,no_internet_service,no_internet_service,no_internet_service,no_internet_service,no_internet_service,no_internet_service,month-to-month,1,mailed_check,20.25,20.25,0
6339,7623-trnqn,male,0,0,1,1,1,no,dsl,no,no,no,yes,no,no,month-to-month,1,mailed_check,49.9,49.9,1
6340,3323-cpbwr,male,0,0,0,23,1,yes,fiber_optic,no,no,yes,yes,yes,no,month-to-month,1,credit_card_(automatic),96.9,2085.45,0
6341,9330-ijwio,female,0,0,0,13,1,yes,fiber_optic,yes,no,no,no,yes,yes,month-to-month,1,electronic_check,100.35,1358.85,1
6342,3384-ctmsf,male,0,1,0,47,1,yes,fiber_optic,no,yes,yes,no,yes,yes,month-to-month,1,electronic_check,104.1,5135.15,0
6343,0902-rfhof,male,0,0,0,38,1,no,no,no_internet_service,no_internet_service,no_internet_service,no_internet_service,no_internet_service,no_internet_service,one_year,0,mailed_check,20.1,730.1,0
6344,9286-dojgf,female,1,1,0,38,1,yes,fiber_optic,no,no,no,no,no,no,month-to-month,1,bank_transfer_(automatic),74.95,2869.85,1
6345,6048-qbxkl,female,1,0,0,2,1,yes,dsl,no,yes,no,no,no,no,month-to-month,1,credit_card_(automatic),56.55,118.25,0
6346,9661-mhumo,male,1,1,1,1,1,no,dsl,no,no,no,yes,no,no,month-to-month,1,credit_card_(automatic),49.25,49.25,1
6347,7718-rxdgg,male,0,1,0,15,1,no,fiber_optic,no,no,no,no,no,no,month-to-month,1,bank_transfer_(automatic),68.6,1108.6,0
6348,1025-falix,female,0,0,0,26,1,no,fiber_optic,no,no,no,no,no,no,month-to-month,1,credit_card_(automatic),69.05,1815.65,0
6349,3451-vawli,female,0,1,1,35,1,no,no,no_internet_service,no_internet_service,no_internet_service,no_internet_service,no_internet_service,no_internet_service,two_year,0,credit_card_(automatic),19.7,730.4,0
6350,3407-qgwlg,male,0,0,1,3,1,no,no,no_internet_service,no_internet_service,no_internet_service,no_internet_service,no_internet_service,no_internet_service,month-to-month,1,mailed_check,20.05,75.45,0
6351,1842-ezjmk,male,0,1,1,50,1,yes,fiber_optic,no,yes,no,yes,yes,yes,month-to-month,0,electronic_check,103.7,5071.05,1
6352,2347-wkkae,male,0,1,0,42,1,yes,fiber_optic,yes,no,yes,no,no,yes,month-to-month,1,electronic_check,94.4,4014.6,0
6353,8735-dcxnf,male,0,1,0,10,1,no,dsl,yes,no,no,yes,no,no,month-to-month,1,credit_card_(automatic),54.95,568.85,0
6354,3214-iyuuq,female,0,1,0,61,1,no,fiber_optic,yes,yes,no,yes,no,yes,one_year,0,bank_transfer_(automatic),93.7,5860.7,0
6355,1936-uafeh,female,0,0,0,68,1,yes,fiber_optic,yes,yes,no,yes,yes,yes,two_year,0,credit_card_(automatic),110.25,7279.35,0
6356,3587-pmcoy,male,0,0,0,10,1,no,fiber_optic,yes,no,yes,no,yes,yes,one_year,1,electronic_check,98.9,1064.95,0
6357,8079-xrjrs,male,0,1,0,65,1,yes,fiber_optic,yes,yes,yes,no,no,no,one_year,0,electronic_check,89.75,5769.6,1
6358,1027-lkkqq,female,0,1,1,72,1,no,dsl,yes,no,yes,yes,yes,yes,two_year,1,bank_transfer_(automatic),80.45,5886.85,0
6359,7148-xzpha,male,0,1,1,55,1,no,fiber_optic,no,yes,no,yes,no,no,month-to-month,0,electronic_check,79.4,4238.45,0
6360,8073-ijdcm,female,0,0,0,1,1,no,no,no_internet_service,no_internet_service,no_internet_service,no_internet_service,no_internet_service,no_internet_service,month-to-month,1,mailed_check,20.3,20.3,1
6361,5309-taikl,female,0,0,0,7,1,no,dsl,no,no,yes,yes,no,yes,month-to-month,0,bank_transfer_(automatic),62.8,418.3,0
6362,6856-raurs,female,0,0,0,2,1,yes,fiber_optic,no,no,no,no,no,no,month-to-month,1,mailed_check,74.9,136.05,0
6363,8778-lmwtj,female,0,0,0,9,1,no,fiber_optic,yes,no,no,no,no,no,month-to-month,1,electronic_check,74.85,708.2,0
6364,9717-ioaaf,male,0,0,1,27,1,yes,no,no_internet_service,no_internet_service,no_internet_service,no_internet_service,no_internet_service,no_internet_service,two_year,1,credit_card_(automatic),25.85,788.55,0
6365,8884-adfvn,male,1,1,0,7,1,yes,fiber_optic,no,no,yes,no,yes,yes,month-to-month,1,electronic_check,101.95,700.85,1
6366,2845-kdhvx,female,0,1,0,64,1,no,dsl,no,yes,yes,yes,no,yes,two_year,1,mailed_check,68.3,4378.8,0
6367,0848-somko,male,0,0,0,70,0,no_phone_service,dsl,yes,no,yes,yes,no,yes,two_year,0,bank_transfer_(automatic),48.4,3442.8,0
6368,2720-wgkhp,male,1,0,0,2,1,yes,fiber_optic,no,no,no,no,yes,yes,month-to-month,1,electronic_check,94.0,181.7,1
6369,6734-fqajx,male,1,0,0,67,1,no,fiber_optic,yes,yes,no,yes,yes,yes,two_year,1,electronic_check,105.05,7171.7,0
6370,2869-adawr,female,0,0,0,45,1,yes,fiber_optic,no,yes,no,no,yes,no,month-to-month,1,credit_card_(automatic),89.3,4016.85,1
6371,1535-vtjoq,female,0,0,0,24,1,yes,no,no_internet_service,no_internet_service,no_internet_service,no_internet_service,no_internet_service,no_internet_service,two_year,0,credit_card_(automatic),25.15,553.0,0
6372,6368-tzzdt,male,0,1,1,4,1,no,no,no_internet_service,no_internet_service,no_internet_service,no_internet_service,no_internet_service,no_internet_service,two_year,0,credit_card_(automatic),19.5,96.85,0
6373,0943-zqpxh,male,0,1,1,44,1,no,fiber_optic,no,no,yes,no,yes,yes,month-to-month,1,bank_transfer_(automatic),92.95,4122.9,0
6374,1293-bseun,female,0,1,1,72,1,no,no,no_internet_service,no_internet_service,no_internet_service,no_internet_service,no_internet_service,no_internet_service,two_year,1,mailed_check,20.7,1482.3,0
6375,9894-ezewg,female,0,0,0,1,1,no,fiber_optic,no,yes,no,no,no,no,month-to-month,1,credit_card_(automatic),74.3,74.3,1
6376,1302-tpubn,male,0,0,0,66,1,no,no,no_internet_service,no_internet_service,no_internet_service,no_internet_service,no_internet_service,no_internet_service,two_year,0,bank_transfer_(automatic),19.35,1240.8,0
6377,7851-flggq,male,0,0,0,1,0,no_phone_service,dsl,no,yes,no,yes,no,yes,month-to-month,1,mailed_check,44.65,44.65,1
6378,0637-ubjrp,male,0,1,1,13,1,no,fiber_optic,yes,no,no,no,no,yes,month-to-month,0,electronic_check,84.05,1095.3,1
6379,0940-ouqec,male,0,0,0,10,1,yes,fiber_optic,no,yes,no,no,no,no,month-to-month,1,bank_transfer_(automatic),80.7,788.8,1
6380,2378-vtkdh,male,1,1,0,65,1,yes,fiber_optic,no,yes,yes,no,yes,yes,month-to-month,1,electronic_check,104.35,6578.55,0
6381,0927-cngrh,male,0,0,1,1,1,no,no,no_internet_service,no_internet_service,no_internet_service,no_internet_service,no_internet_service,no_internet_service,month-to-month,0,mailed_check,19.55,19.55,0
6382,8608-oztlb,male,0,1,1,38,1,no,dsl,yes,yes,yes,yes,yes,no,one_year,0,electronic_check,74.05,2802.3,0
6383,2335-gsoda,male,0,0,1,23,0,no_phone_service,dsl,yes,no,yes,yes,no,no,two_year,0,mailed_check,40.1,857.75,0
6384,1952-dvvsw,female,0,1,0,10,1,no,no,no_internet_service,no_internet_service,no_internet_service,no_internet_service,no_internet_service,no_internet_service,one_year,0,mailed_check,20.1,184.4,0
6385,0702-pgibz,male,0,0,1,4,1,yes,fiber_optic,no,yes,no,no,yes,yes,month-to-month,1,electronic_check,101.7,364.55,1
6386,6656-guljq,male,0,1,1,72,1,yes,dsl,yes,no,yes,yes,yes,yes,two_year,1,credit_card_(automatic),83.55,6093.3,0
6387,9853-jfzdu,female,0,1,0,35,1,no,dsl,no,yes,no,yes,no,no,month-to-month,0,electronic_check,56.85,1861.1,0
6388,1963-vaukv,female,0,0,0,1,1,no,no,no_internet_service,no_internet_service,no_internet_service,no_internet_service,no_internet_service,no_internet_service,month-to-month,0,mailed_check,20.4,20.4,1
6389,3777-xrobg,female,0,1,1,58,1,no,no,no_internet_service,no_internet_service,no_internet_service,no_internet_service,no_internet_service,no_internet_service,two_year,0,credit_card_(automatic),19.55,1079.65,0
6390,6994-fgrhh,male,0,1,1,70,1,no,fiber_optic,no,yes,yes,yes,yes,yes,one_year,1,electronic_check,106.15,7475.1,0
6391,4000-vgmqp,male,0,1,1,38,1,yes,dsl,no,yes,yes,no,yes,yes,one_year,0,credit_card_(automatic),78.95,2862.55,0
6392,3999-wrngr,female,0,1,1,60,0,no_phone_service,dsl,no,yes,no,no,yes,yes,month-to-month,1,electronic_check,49.75,3069.45,0
6393,3466-ritxd,male,0,0,0,26,1,yes,fiber_optic,yes,yes,no,no,yes,no,month-to-month,1,credit_card_(automatic),92.4,2349.8,0
6394,2680-xkknj,female,0,0,0,8,1,no,dsl,yes,yes,no,yes,no,no,one_year,0,bank_transfer_(automatic),58.2,469.25,0
6395,3058-hjcuy,male,0,1,1,41,1,yes,fiber_optic,no,no,yes,yes,yes,yes,one_year,1,electronic_check,102.6,4213.35,1
6396,2974-gguxs,female,1,1,0,36,1,yes,fiber_optic,no,yes,no,no,yes,no,month-to-month,1,credit_card_(automatic),91.95,3301.05,0
6397,7994-xirtr,male,1,0,0,54,1,no,dsl,no,no,yes,yes,no,yes,one_year,0,bank_transfer_(automatic),65.25,3529.95,0
6398,3259-fdwoy,male,0,1,1,71,1,yes,fiber_optic,no,yes,yes,no,yes,yes,two_year,1,bank_transfer_(automatic),106.0,7723.7,1
6399,2101-rancd,female,0,0,0,55,1,yes,fiber_optic,no,no,no,no,no,no,month-to-month,1,electronic_check,73.1,4144.9,0
6400,7921-bepci,female,0,0,0,72,1,yes,dsl,yes,yes,no,no,no,no,two_year,0,bank_transfer_(automatic),59.75,4265.0,0
6401,0807-zabdg,female,0,0,1,3,1,no,dsl,yes,no,no,yes,no,no,month-to-month,1,mailed_check,55.1,154.65,1
6402,8510-tmwyb,female,0,1,1,54,1,yes,dsl,no,yes,yes,no,no,no,two_year,1,bank_transfer_(automatic),59.8,3246.45,0
6403,3258-zkpai,male,0,1,1,72,1,yes,fiber_optic,yes,yes,yes,yes,yes,yes,two_year,1,bank_transfer_(automatic),116.6,8337.45,0
6404,1428-iedpr,male,0,0,0,52,1,yes,fiber_optic,yes,no,yes,yes,yes,yes,two_year,1,electronic_check,109.3,5731.4,0
6405,5298-gstlm,female,1,0,0,60,1,yes,fiber_optic,yes,no,no,no,yes,yes,one_year,1,bank_transfer_(automatic),101.4,6176.6,0
6406,4450-yoohp,female,0,0,0,39,0,no_phone_service,dsl,no,no,yes,no,yes,yes,month-to-month,1,credit_card_(automatic),50.65,1905.4,0
6407,6728-czfei,female,0,0,0,15,1,no,dsl,no,no,no,no,yes,no,one_year,0,mailed_check,56.15,931.9,0
6408,5748-rncjt,male,0,0,0,69,1,yes,fiber_optic,no,no,yes,yes,yes,yes,two_year,1,bank_transfer_(automatic),106.5,7348.8,1
6409,3653-ncrdj,male,0,1,1,43,1,no,no,no_internet_service,no_internet_service,no_internet_service,no_internet_service,no_internet_service,no_internet_service,one_year,1,mailed_check,19.2,776.25,0
6410,6121-tnhbo,female,1,0,0,63,1,yes,dsl,yes,yes,yes,yes,yes,no,one_year,0,bank_transfer_(automatic),83.0,5243.05,0
6411,5119-nzptv,male,1,1,0,2,1,no,fiber_optic,no,no,no,no,no,no,month-to-month,0,electronic_check,70.1,141.65,0
6412,6519-zhpxp,female,0,1,1,72,1,no,fiber_optic,yes,yes,yes,yes,yes,yes,two_year,1,bank_transfer_(automatic),108.3,7679.65,0
6413,7739-laxog,female,0,1,1,32,1,yes,fiber_optic,no,no,yes,no,no,yes,month-to-month,1,bank_transfer_(automatic),91.05,2954.5,1
6414,3472-qprch,male,0,1,1,40,1,yes,no,no_internet_service,no_internet_service,no_internet_service,no_internet_service,no_internet_service,no_internet_service,two_year,0,credit_card_(automatic),25.25,1006.9,0
6415,8224-uaxbz,female,0,1,0,58,0,no_phone_service,dsl,yes,yes,no,no,yes,no,one_year,1,electronic_check,45.35,2540.1,0
6416,9610-wcesf,male,0,0,0,67,0,no_phone_service,dsl,yes,no,no,yes,yes,no,two_year,0,electronic_check,43.9,3097.2,0
6417,9776-cluja,female,1,1,0,51,1,yes,fiber_optic,yes,no,no,no,no,no,month-to-month,1,electronic_check,77.5,3807.35,1
6418,2486-wyvve,male,0,1,0,31,1,yes,dsl,no,no,yes,yes,yes,yes,one_year,1,mailed_check,79.3,2484.0,0
6419,3865-zykad,male,1,1,0,69,1,yes,fiber_optic,yes,yes,no,no,no,no,month-to-month,1,credit_card_(automatic),84.9,5785.65,0
6420,1422-dgubx,male,0,1,0,32,1,yes,fiber_optic,no,no,no,yes,no,no,one_year,1,electronic_check,79.25,2619.15,0
6421,2999-aanrq,female,0,0,0,21,1,no,dsl,yes,yes,no,yes,yes,no,two_year,0,credit_card_(automatic),71.05,1524.85,0
6422,8668-knzti,male,0,0,0,52,1,no,dsl,yes,no,yes,no,no,no,one_year,0,electronic_check,53.75,2790.65,0
6423,0480-kyjva,female,0,1,1,72,1,yes,no,no_internet_service,no_internet_service,no_internet_service,no_internet_service,no_internet_service,no_internet_service,two_year,0,credit_card_(automatic),24.25,1784.5,0
6424,6034-zrycv,female,0,1,0,72,0,no_phone_service,dsl,no,yes,yes,no,yes,yes,two_year,1,electronic_check,54.2,3937.45,1
6425,9746-ykgxb,male,0,1,1,52,0,no_phone_service,dsl,yes,no,yes,no,no,yes,one_year,0,bank_transfer_(automatic),44.25,2276.1,0
6426,3926-yzvvx,female,0,0,0,41,1,no,dsl,no,no,no,yes,no,no,one_year,0,bank_transfer_(automatic),50.05,2029.05,0
6427,6000-uklwi,male,0,0,0,41,1,no,no,no_internet_service,no_internet_service,no_internet_service,no_internet_service,no_internet_service,no_internet_service,two_year,0,mailed_check,20.15,802.35,0
6428,2079-fbmzk,female,0,0,0,6,1,no,fiber_optic,no,no,no,no,no,no,month-to-month,1,mailed_check,69.25,418.4,1
6429,6332-fbzri,male,0,1,1,67,1,yes,dsl,yes,yes,yes,yes,no,no,one_year,1,credit_card_(automatic),69.35,4653.25,0
6430,2096-xotmo,female,0,1,1,16,1,no,no,no_internet_service,no_internet_service,no_internet_service,no_internet_service,no_internet_service,no_internet_service,month-to-month,0,mailed_check,19.35,275.9,0
6431,3266-ftkhb,male,0,0,0,17,1,no,no,no_internet_service,no_internet_service,no_internet_service,no_internet_service,no_internet_service,no_internet_service,two_year,0,mailed_check,19.15,343.45,0
6432,8221-eqdgl,male,0,1,0,35,1,no,dsl,yes,yes,yes,no,no,no,month-to-month,0,mailed_check,61.0,2130.45,0
6433,2346-locwc,female,0,1,1,58,1,no,no,no_internet_service,no_internet_service,no_internet_service,no_internet_service,no_internet_service,no_internet_service,two_year,0,credit_card_(automatic),20.5,1191.4,0
6434,6608-qqlvk,male,0,0,0,1,1,no,dsl,no,no,yes,no,no,no,month-to-month,1,electronic_check,50.5,50.5,1
6435,0298-xacet,male,0,1,1,52,0,no_phone_service,dsl,no,yes,yes,yes,yes,no,two_year,0,mailed_check,50.2,2554.0,0
6436,7560-qjavj,female,0,0,0,70,1,no,dsl,yes,no,yes,yes,yes,yes,two_year,0,bank_transfer_(automatic),79.6,5589.45,0
6437,2995-ywtcd,female,0,1,1,19,1,yes,no,no_internet_service,no_internet_service,no_internet_service,no_internet_service,no_internet_service,no_internet_service,two_year,1,bank_transfer_(automatic),24.9,467.7,0
6438,3551-huazh,male,1,0,0,1,1,yes,fiber_optic,no,no,no,no,no,no,month-to-month,1,electronic_check,74.4,74.4,1
6439,9137-uiypg,female,0,1,1,35,1,no,fiber_optic,yes,no,yes,yes,yes,yes,month-to-month,1,electronic_check,106.9,3756.45,0
6440,2809-zmyoq,female,0,0,0,32,1,yes,fiber_optic,no,no,yes,no,yes,yes,month-to-month,1,electronic_check,101.35,3334.9,0
6441,5084-oovcj,female,0,1,1,17,1,no,dsl,yes,no,no,yes,no,no,month-to-month,1,credit_card_(automatic),55.35,920.5,0
6442,0254-wwrkd,female,0,1,1,67,1,no,dsl,no,yes,no,no,no,no,one_year,0,credit_card_(automatic),50.55,3431.75,0
6443,7727-shvzv,female,0,0,0,9,1,no,no,no_internet_service,no_internet_service,no_internet_service,no_internet_service,no_internet_service,no_internet_service,month-to-month,0,bank_transfer_(automatic),19.5,150.35,0
6444,6302-jgyrj,male,0,0,1,31,1,yes,dsl,no,yes,no,yes,yes,yes,one_year,1,mailed_check,79.45,2587.7,1
6445,5339-pxdvh,male,0,0,0,4,1,yes,fiber_optic,yes,no,no,no,yes,no,month-to-month,0,electronic_check,90.65,367.95,0
6446,2205-lpvgl,male,1,1,1,58,1,yes,fiber_optic,yes,yes,no,yes,no,no,one_year,1,bank_transfer_(automatic),89.85,5125.75,0
6447,8782-nuuol,male,0,0,0,60,1,no,dsl,yes,no,yes,yes,yes,yes,one_year,0,mailed_check,79.0,4801.1,0
6448,3685-ylcmq,male,0,0,0,58,1,yes,fiber_optic,no,no,yes,yes,yes,yes,one_year,1,electronic_check,104.65,6219.6,1
6449,7601-wfvzv,male,0,0,0,1,1,no,no,no_internet_service,no_internet_service,no_internet_service,no_internet_service,no_internet_service,no_internet_service,month-to-month,0,mailed_check,19.55,19.55,0
6450,4609-knnwg,female,0,1,1,27,1,no,no,no_internet_service,no_internet_service,no_internet_service,no_internet_service,no_internet_service,no_internet_service,two_year,0,mailed_check,19.9,550.1,0
6451,4868-aadlv,male,1,1,1,66,1,yes,fiber_optic,yes,yes,yes,yes,yes,yes,one_year,1,electronic_check,116.25,7862.25,0
6452,9529-ofxhy,male,0,0,0,15,1,yes,fiber_optic,yes,no,no,no,yes,no,month-to-month,1,bank_transfer_(automatic),87.75,1242.2,0
6453,8634-mphtr,male,1,1,0,47,1,yes,fiber_optic,no,no,yes,no,yes,yes,month-to-month,1,electronic_check,100.05,4871.05,1
6454,2669-qvcrg,female,0,0,0,41,1,yes,fiber_optic,yes,no,no,no,no,no,month-to-month,1,credit_card_(automatic),81.3,3190.65,0
6455,2478-eewwm,male,0,1,0,59,0,no_phone_service,dsl,no,no,no,no,yes,yes,month-to-month,1,electronic_check,44.3,2666.75,0
6456,9174-ihetn,female,0,0,1,50,1,no,fiber_optic,no,no,no,no,no,no,two_year,0,credit_card_(automatic),70.35,3533.6,0
6457,2233-txsiu,male,0,1,1,17,0,no_phone_service,dsl,yes,no,yes,no,yes,no,one_year,0,credit_card_(automatic),44.45,792.15,0
6458,9644-umgqa,male,0,1,1,6,1,no,dsl,yes,no,no,no,no,no,month-to-month,1,electronic_check,49.15,295.65,0
6459,3256-ezdbi,male,1,1,0,51,0,no_phone_service,dsl,no,yes,no,no,no,no,month-to-month,1,credit_card_(automatic),29.45,1459.35,0
6460,8761-nsobc,male,0,0,0,44,1,no,fiber_optic,no,yes,no,yes,yes,yes,month-to-month,0,electronic_check,100.55,4398.15,1
6461,0419-yaapx,male,0,1,0,49,1,no,fiber_optic,no,yes,no,no,yes,no,month-to-month,1,credit_card_(automatic),85.3,4297.95,0
6462,8413-vonuo,male,0,0,0,2,1,no,fiber_optic,no,yes,no,no,yes,yes,month-to-month,0,electronic_check,95.65,167.3,1
6463,0872-caszj,male,0,1,0,59,1,yes,dsl,yes,no,no,yes,no,yes,one_year,1,mailed_check,69.1,4096.9,0
6464,4726-dlwqn,male,1,0,0,50,1,yes,dsl,yes,yes,no,no,yes,no,month-to-month,1,bank_transfer_(automatic),70.35,3454.6,0
6465,8164-ockuj,female,0,1,1,59,1,no,no,no_internet_service,no_internet_service,no_internet_service,no_internet_service,no_internet_service,no_internet_service,two_year,0,mailed_check,20.6,1286.0,0
6466,3094-jojai,male,0,0,0,18,1,yes,fiber_optic,no,no,no,no,no,no,month-to-month,0,mailed_check,74.15,1387.0,0
6467,9494-mrnyx,male,0,0,0,10,1,yes,fiber_optic,no,no,no,no,no,no,month-to-month,0,electronic_check,75.05,786.3,0
6468,2599-czabp,male,0,1,0,14,1,no,dsl,no,no,no,no,no,no,one_year,0,electronic_check,44.6,641.25,0
6469,7945-prbvf,male,0,0,0,35,1,no,no,no_internet_service,no_internet_service,no_internet_service,no_internet_service,no_internet_service,no_internet_service,two_year,0,bank_transfer_(automatic),21.45,705.45,0
6470,4544-rxfmg,male,0,1,1,8,1,no,dsl,no,no,no,no,no,no,one_year,1,mailed_check,43.45,345.5,0
6471,0859-ygkfw,male,0,1,1,18,1,no,no,no_internet_service,no_internet_service,no_internet_service,no_internet_service,no_internet_service,no_internet_service,one_year,0,bank_transfer_(automatic),20.05,345.9,0
6472,1150-ftqgn,female,0,1,1,60,1,yes,fiber_optic,yes,yes,no,no,yes,no,one_year,0,bank_transfer_(automatic),94.15,5811.8,0
6473,9223-ucpvt,female,0,0,0,1,1,no,fiber_optic,no,no,yes,no,yes,yes,month-to-month,0,electronic_check,94.4,94.4,1
6474,7196-liwrh,female,0,0,0,6,1,no,no,no_internet_service,no_internet_service,no_internet_service,no_internet_service,no_internet_service,no_internet_service,two_year,0,mailed_check,19.55,124.45,0
6475,5448-vwnam,female,0,0,1,19,1,yes,dsl,yes,yes,no,yes,yes,no,month-to-month,1,mailed_check,75.9,1375.6,0
6476,1177-xzbjl,male,0,1,1,53,1,yes,dsl,yes,yes,no,yes,no,no,one_year,0,bank_transfer_(automatic),64.15,3491.55,0
6477,3518-fstwg,male,1,1,0,72,1,yes,fiber_optic,yes,yes,yes,no,yes,yes,two_year,1,bank_transfer_(automatic),109.55,7920.7,0
6478,9330-vofsz,female,0,1,0,60,1,yes,fiber_optic,no,yes,yes,yes,yes,yes,two_year,1,credit_card_(automatic),110.8,6640.7,0
6479,4351-qlcsu,female,0,0,0,1,1,no,dsl,no,no,no,no,yes,no,month-to-month,1,credit_card_(automatic),55.0,55.0,1
6480,0939-eremr,female,0,0,1,13,1,no,dsl,no,no,yes,yes,no,no,month-to-month,0,mailed_check,53.45,718.1,0
6481,9389-acwbi,female,0,1,1,5,1,no,fiber_optic,no,no,no,no,no,no,month-to-month,0,credit_card_(automatic),69.95,320.4,0
6482,5419-jprrn,male,0,0,0,1,1,yes,fiber_optic,no,no,yes,no,yes,yes,month-to-month,1,electronic_check,101.45,101.45,1
6483,3644-qxehn,male,0,1,1,13,1,no,fiber_optic,no,no,yes,no,yes,yes,month-to-month,0,electronic_check,97.0,1334.45,0
6484,2911-ijorq,male,0,0,0,37,1,yes,dsl,yes,yes,yes,yes,yes,yes,one_year,1,bank_transfer_(automatic),90.6,3358.65,0
6485,5921-ngyrh,male,0,1,0,64,1,no,fiber_optic,yes,no,no,no,no,no,month-to-month,1,mailed_check,73.55,4764.0,0
6486,2100-bdnsn,female,0,1,0,5,1,yes,dsl,no,no,yes,yes,yes,no,month-to-month,0,bank_transfer_(automatic),67.95,350.3,1
6487,5998-dzlyr,female,0,1,0,61,1,yes,fiber_optic,no,yes,no,yes,no,yes,two_year,1,bank_transfer_(automatic),94.35,5703.0,0
6488,0488-gslfr,female,0,0,0,1,1,no,fiber_optic,no,no,no,no,no,no,month-to-month,1,electronic_check,69.5,69.5,1
6489,9318-nknfc,male,0,0,0,1,1,no,no,no_internet_service,no_internet_service,no_internet_service,no_internet_service,no_internet_service,no_internet_service,month-to-month,1,mailed_check,18.85,18.85,1
6490,3985-hoypm,male,0,0,0,26,1,no,no,no_internet_service,no_internet_service,no_internet_service,no_internet_service,no_internet_service,no_internet_service,one_year,0,mailed_check,19.4,525.55,0
6491,9728-fttvz,female,0,0,0,1,1,no,fiber_optic,no,no,no,no,no,no,month-to-month,1,electronic_check,69.2,69.2,1
6492,9548-lerkt,male,0,1,0,24,1,no,no,no_internet_service,no_internet_service,no_internet_service,no_internet_service,no_internet_service,no_internet_service,two_year,0,mailed_check,19.75,483.15,0
6493,6576-fbxoj,male,0,1,0,17,0,no_phone_service,dsl,no,no,yes,yes,yes,yes,one_year,0,electronic_check,54.6,934.8,0
6494,4310-kedtb,female,0,0,1,26,0,no_phone_service,dsl,no,no,yes,no,no,no,month-to-month,1,mailed_check,29.8,786.5,0
6495,7254-iqwoz,male,0,0,0,1,1,no,fiber_optic,no,no,no,no,no,no,month-to-month,1,electronic_check,69.65,69.65,1
6496,2474-brucm,male,1,1,0,40,1,yes,fiber_optic,yes,no,no,no,yes,yes,month-to-month,0,electronic_check,101.85,4086.3,1
6497,4062-hbmos,male,0,0,0,52,1,yes,fiber_optic,no,yes,yes,no,yes,yes,month-to-month,1,electronic_check,103.05,5364.8,0
6498,0742-nxbgr,female,0,0,0,1,1,no,fiber_optic,no,yes,yes,no,no,no,month-to-month,1,electronic_check,82.3,82.3,1
6499,2676-ishsf,male,0,0,0,1,1,no,no,no_internet_service,no_internet_service,no_internet_service,no_internet_service,no_internet_service,no_internet_service,month-to-month,0,mailed_check,20.3,20.3,0
6500,9236-nducw,female,0,0,0,21,0,no_phone_service,dsl,yes,no,no,yes,no,no,two_year,0,mailed_check,35.1,770.4,0
6501,4753-padas,female,0,1,0,67,1,yes,fiber_optic,no,yes,yes,no,yes,yes,one_year,1,bank_transfer_(automatic),105.7,6816.95,0
6502,6103-qckfx,female,0,1,1,44,1,no,dsl,yes,no,no,yes,no,no,month-to-month,0,bank_transfer_(automatic),56.25,2419.55,0
6503,7781-ewara,male,0,1,1,70,0,no_phone_service,dsl,no,yes,yes,yes,yes,yes,one_year,0,electronic_check,60.35,4138.7,0
6504,6110-ohihy,male,0,0,0,3,1,no,fiber_optic,no,no,no,no,yes,no,month-to-month,0,electronic_check,79.25,267.6,1
6505,7018-fpxhh,male,0,1,1,56,1,no,dsl,yes,yes,yes,no,no,no,two_year,1,bank_transfer_(automatic),59.8,3457.45,0
6506,5889-lfoll,female,0,0,0,13,1,yes,fiber_optic,no,no,no,no,no,yes,month-to-month,1,electronic_check,84.6,1115.2,1
6507,5708-evonk,female,0,1,1,58,1,yes,fiber_optic,yes,yes,no,no,no,yes,month-to-month,1,bank_transfer_(automatic),93.4,5435.6,1
6508,8708-xpxhz,female,0,1,1,42,1,yes,fiber_optic,no,no,no,no,yes,yes,month-to-month,1,electronic_check,94.2,4186.3,1
6509,0616-atfgb,male,1,1,0,1,0,no_phone_service,dsl,no,no,no,no,no,no,month-to-month,0,electronic_check,25.05,25.05,1
6510,0572-zjklt,female,0,1,1,46,1,yes,fiber_optic,yes,no,yes,yes,no,yes,two_year,0,mailed_check,99.65,4630.2,0
6511,5135-rddql,female,0,1,1,63,1,no,dsl,yes,no,no,no,no,no,two_year,1,bank_transfer_(automatic),50.65,3221.25,0
6512,1353-ljwem,male,0,0,0,11,1,no,dsl,no,yes,yes,yes,no,no,month-to-month,1,electronic_check,60.9,688.5,0
6513,1794-swwkl,male,0,1,1,15,1,yes,dsl,no,no,yes,yes,no,no,month-to-month,1,bank_transfer_(automatic),59.65,867.1,0
6514,6166-yipfo,male,0,1,0,72,0,no_phone_service,dsl,yes,yes,yes,yes,yes,yes,two_year,1,electronic_check,64.7,4746.05,0
6515,7016-bpgeu,female,0,0,0,29,0,no_phone_service,dsl,no,no,no,no,no,no,month-to-month,1,credit_card_(automatic),25.1,712.85,1
6516,6876-adesb,male,0,0,1,1,1,no,dsl,no,no,yes,no,no,no,month-to-month,0,electronic_check,48.95,48.95,1
6517,9332-gywlo,female,0,1,1,6,1,no,dsl,no,no,no,no,yes,no,month-to-month,0,electronic_check,54.85,355.1,0
6518,1963-svucv,male,0,0,0,1,1,no,dsl,no,no,no,no,no,no,month-to-month,0,electronic_check,45.3,45.3,1
6519,4184-vodjz,male,0,1,1,63,1,yes,fiber_optic,no,yes,no,no,no,yes,one_year,1,electronic_check,91.35,5764.7,0
6520,0220-ebgce,male,0,0,0,2,1,no,fiber_optic,no,no,yes,no,no,yes,month-to-month,1,electronic_check,85.85,167.3,1
6521,1092-wpivq,female,0,1,1,18,1,yes,no,no_internet_service,no_internet_service,no_internet_service,no_internet_service,no_internet_service,no_internet_service,two_year,0,mailed_check,25.1,428.45,0
6522,7233-ioqnp,female,0,1,0,43,0,no_phone_service,dsl,yes,no,no,yes,no,no,month-to-month,0,bank_transfer_(automatic),34.0,1505.35,0
6523,2834-jkoow,female,0,0,0,15,0,no_phone_service,dsl,yes,yes,yes,yes,no,no,one_year,0,mailed_check,45.9,693.45,0
6524,2754-vdltr,male,0,0,1,10,1,yes,fiber_optic,no,no,no,no,yes,yes,month-to-month,0,electronic_check,95.2,930.4,1
6525,2400-feqme,male,0,1,1,55,1,no,no,no_internet_service,no_internet_service,no_internet_service,no_internet_service,no_internet_service,no_internet_service,two_year,0,mailed_check,20.5,1177.95,0
6526,3190-xfani,male,0,0,1,49,1,yes,fiber_optic,no,no,no,yes,yes,yes,one_year,1,bank_transfer_(automatic),100.6,5069.65,1
6527,7551-dacsp,male,0,1,1,6,1,no,dsl,no,yes,yes,no,no,no,month-to-month,1,mailed_check,55.3,324.25,1
6528,4957-sreec,male,0,1,1,70,1,no,no,no_internet_service,no_internet_service,no_internet_service,no_internet_service,no_internet_service,no_internet_service,two_year,0,credit_card_(automatic),20.35,1458.1,0
6529,7235-nxzcp,male,1,0,0,2,1,yes,fiber_optic,no,no,no,no,no,no,month-to-month,1,mailed_check,74.85,156.4,1
6530,0230-ubypq,male,1,1,0,63,0,no_phone_service,dsl,yes,no,no,yes,no,no,one_year,0,bank_transfer_(automatic),36.1,2298.9,0
6531,4923-adwxj,female,0,0,0,25,1,no,dsl,no,yes,no,yes,no,yes,month-to-month,1,bank_transfer_(automatic),65.8,1679.65,0
6532,1763-kuaaw,female,1,0,0,18,1,no,no,no_internet_service,no_internet_service,no_internet_service,no_internet_service,no_internet_service,no_internet_service,one_year,0,bank_transfer_(automatic),20.35,369.6,0
6533,1104-tnlza,male,1,1,0,28,1,yes,fiber_optic,no,yes,no,yes,yes,yes,month-to-month,1,electronic_check,105.8,2998.0,0
6534,5195-kpunq,female,1,0,0,53,1,no,fiber_optic,yes,yes,no,yes,no,yes,one_year,1,mailed_check,96.75,5206.55,0
6535,0520-fdvvt,male,0,0,0,35,1,no,fiber_optic,no,yes,yes,no,yes,yes,one_year,1,bank_transfer_(automatic),102.35,3626.1,1
6536,3439-gvusx,male,0,0,0,1,0,no_phone_service,dsl,no,no,no,no,no,no,month-to-month,0,mailed_check,24.4,24.4,0
6537,1444-vvsgw,male,0,1,0,70,1,yes,fiber_optic,yes,yes,yes,yes,yes,yes,one_year,0,credit_card_(automatic),115.65,7968.85,1
6538,5712-ptiww,male,0,0,0,2,1,no,fiber_optic,no,no,yes,yes,no,no,month-to-month,1,electronic_check,79.85,152.45,1
6539,5949-hgvjl,female,0,1,0,26,1,no,dsl,no,yes,no,yes,yes,yes,month-to-month,1,electronic_check,73.05,1959.5,0
6540,5203-xehax,female,0,0,0,34,1,no,dsl,yes,yes,no,no,no,yes,one_year,0,electronic_check,64.35,2053.05,0
6541,1635-hdgft,female,0,0,1,19,1,no,no,no_internet_service,no_internet_service,no_internet_service,no_internet_service,no_internet_service,no_internet_service,two_year,0,mailed_check,20.5,398.55,0
6542,3315-totbp,male,0,0,0,15,1,yes,fiber_optic,no,no,no,no,no,no,month-to-month,1,mailed_check,76.0,1130.85,1
6543,8050-xgrvl,female,0,1,1,62,1,no,dsl,yes,no,yes,no,no,no,one_year,0,credit_card_(automatic),54.75,3425.35,0
6544,6661-hbgwl,female,1,0,0,42,1,yes,fiber_optic,no,yes,yes,no,yes,yes,month-to-month,1,bank_transfer_(automatic),104.75,4323.45,1
6545,1518-vowav,female,0,0,0,9,1,no,dsl,yes,yes,no,no,yes,yes,month-to-month,1,electronic_check,74.65,703.55,1
6546,9828-qhfbk,male,0,0,0,24,1,no,dsl,yes,no,no,no,no,no,month-to-month,1,electronic_check,51.15,1275.7,0
6547,3908-mkimj,male,1,1,0,68,0,no_phone_service,dsl,yes,yes,yes,no,no,no,two_year,1,electronic_check,41.95,2965.75,0
6548,5012-yspjj,male,0,1,1,31,1,no,dsl,no,no,yes,yes,no,no,month-to-month,0,mailed_check,54.35,1647.0,0
6549,5909-echui,female,0,0,0,1,1,no,dsl,no,no,no,no,no,yes,month-to-month,1,electronic_check,56.25,56.25,1
6550,1309-bxvoq,male,0,1,0,21,1,yes,fiber_optic,no,no,yes,yes,yes,yes,month-to-month,1,electronic_check,106.1,2249.95,1
6551,6728-voify,female,0,1,0,63,1,no,fiber_optic,no,yes,no,no,yes,yes,one_year,1,electronic_check,96.0,6109.75,0
6552,9317-wzpgv,female,1,0,0,2,1,no,fiber_optic,no,no,no,no,no,yes,month-to-month,1,bank_transfer_(automatic),79.75,159.4,1
6553,4891-nluba,female,0,1,1,61,0,no_phone_service,dsl,no,yes,yes,yes,yes,yes,two_year,1,bank_transfer_(automatic),61.45,3751.15,0
6554,2856-hyapg,female,0,0,0,1,1,no,fiber_optic,no,no,no,no,no,no,month-to-month,0,electronic_check,68.65,68.65,1
6555,8969-prhfk,male,0,0,0,18,1,no,no,no_internet_service,no_internet_service,no_internet_service,no_internet_service,no_internet_service,no_internet_service,one_year,0,mailed_check,19.65,411.25,0
6556,0661-kqhnk,female,0,1,1,6,1,no,no,no_internet_service,no_internet_service,no_internet_service,no_internet_service,no_internet_service,no_internet_service,one_year,0,credit_card_(automatic),19.0,105.5,0
6557,8709-krdvl,female,0,0,0,33,1,yes,fiber_optic,no,yes,no,no,yes,yes,month-to-month,1,electronic_check,100.0,3320.6,0
6558,4488-psycg,male,0,0,0,16,1,no,no,no_internet_service,no_internet_service,no_internet_service,no_internet_service,no_internet_service,no_internet_service,month-to-month,0,bank_transfer_(automatic),20.25,327.45,1
6559,1427-versm,female,0,1,0,56,1,no,fiber_optic,no,no,yes,yes,yes,yes,month-to-month,1,electronic_check,98.7,5669.5,0
6560,9801-noshq,male,0,0,1,23,1,no,no,no_internet_service,no_internet_service,no_internet_service,no_internet_service,no_internet_service,no_internet_service,one_year,0,mailed_check,19.8,465.45,0
6561,6339-ypsah,male,0,0,0,9,1,no,fiber_optic,no,no,yes,no,no,no,month-to-month,1,electronic_check,73.8,704.3,0
6562,3621-ceovk,female,1,1,0,14,1,yes,fiber_optic,no,yes,no,no,yes,yes,month-to-month,1,electronic_check,100.2,1369.8,1
6563,6906-andwj,male,0,1,1,15,1,yes,fiber_optic,no,no,no,no,no,no,month-to-month,1,bank_transfer_(automatic),74.9,1107.25,1
6564,2159-turxx,male,0,0,0,5,1,no,no,no_internet_service,no_internet_service,no_internet_service,no_internet_service,no_internet_service,no_internet_service,month-to-month,0,credit_card_(automatic),20.05,95.55,0
6565,1548-fehvl,male,0,1,0,61,1,yes,fiber_optic,yes,yes,no,no,yes,yes,month-to-month,1,electronic_check,106.2,6375.2,0
6566,3795-cawex,male,0,1,1,70,1,yes,fiber_optic,yes,yes,yes,yes,yes,yes,two_year,1,credit_card_(automatic),116.55,8152.3,0
6567,6215-nqcpy,male,0,0,0,15,1,yes,fiber_optic,yes,no,no,no,yes,yes,month-to-month,1,electronic_check,99.7,1566.75,0
6568,5647-urdka,male,0,1,1,8,1,no,no,no_internet_service,no_internet_service,no_internet_service,no_internet_service,no_internet_service,no_internet_service,two_year,0,mailed_check,19.7,130.25,0
6569,2229-dpmbi,female,0,1,1,8,1,no,no,no_internet_service,no_internet_service,no_internet_service,no_internet_service,no_internet_service,no_internet_service,two_year,0,mailed_check,19.5,162.15,0
6570,9626-weqrm,female,0,0,0,4,0,no_phone_service,dsl,yes,no,no,no,no,no,month-to-month,1,mailed_check,29.15,110.05,0
6571,2188-sxwvt,female,0,0,0,34,1,no,dsl,yes,yes,no,no,no,no,one_year,0,mailed_check,55.0,1885.15,0
6572,6258-pvzwj,male,0,1,0,68,1,yes,dsl,yes,yes,yes,yes,yes,yes,two_year,1,credit_card_(automatic),90.8,6302.85,0
6573,1094-bkosx,female,0,1,1,45,0,no_phone_service,dsl,no,yes,yes,yes,no,yes,one_year,0,bank_transfer_(automatic),51.0,2264.5,0
6574,6969-mvbai,female,1,0,0,9,1,yes,fiber_optic,no,no,yes,no,yes,no,month-to-month,1,electronic_check,90.1,816.8,0
6575,2978-xxsog,female,0,0,0,22,1,yes,dsl,yes,no,no,yes,no,no,month-to-month,1,mailed_check,59.05,1253.5,0
6576,2342-ckiao,female,0,0,0,2,1,no,no,no_internet_service,no_internet_service,no_internet_service,no_internet_service,no_internet_service,no_internet_service,month-to-month,0,mailed_check,20.3,41.2,0
6577,6953-pbdin,male,0,1,0,70,1,yes,dsl,no,yes,yes,yes,yes,no,two_year,0,bank_transfer_(automatic),72.95,5265.55,0
6578,3898-bsjyf,female,0,0,1,10,1,yes,dsl,yes,no,yes,yes,no,yes,one_year,0,credit_card_(automatic),73.55,693.3,0
6579,3938-yfpxd,male,0,0,0,72,1,yes,dsl,yes,no,yes,yes,yes,yes,two_year,0,credit_card_(automatic),84.3,5997.1,0
6580,7696-amhod,female,0,1,1,49,1,no,dsl,no,yes,yes,no,yes,yes,one_year,0,credit_card_(automatic),78.0,3824.2,0
6581,2453-safns,female,1,0,0,54,1,yes,dsl,no,yes,no,yes,yes,no,one_year,0,mailed_check,72.1,3886.05,0
6582,9558-ihezx,female,0,0,0,71,1,yes,fiber_optic,yes,yes,yes,no,yes,yes,two_year,1,credit_card_(automatic),106.75,7283.25,0
6583,9617-udpeu,female,0,0,0,22,1,no,no,no_internet_service,no_internet_service,no_internet_service,no_internet_service,no_internet_service,no_internet_service,one_year,1,mailed_check,19.25,412.55,0
6584,6340-dacft,female,0,1,1,50,1,no,no,no_internet_service,no_internet_service,no_internet_service,no_internet_service,no_internet_service,no_internet_service,two_year,0,credit_card_(automatic),20.55,1070.25,0
6585,4955-vcwbi,female,0,1,1,43,1,no,no,no_internet_service,no_internet_service,no_internet_service,no_internet_service,no_internet_service,no_internet_service,one_year,0,mailed_check,20.0,817.95,0
6586,6813-gzqcg,female,0,1,1,45,1,yes,no,no_internet_service,no_internet_service,no_internet_service,no_internet_service,no_internet_service,no_internet_service,two_year,1,credit_card_(automatic),24.65,1171.3,0
6587,7426-gswpo,male,1,0,0,64,1,yes,fiber_optic,yes,yes,no,no,yes,yes,month-to-month,1,bank_transfer_(automatic),103.5,6548.65,0
6588,3389-ktrxv,female,0,1,1,23,1,yes,no,no_internet_service,no_internet_service,no_internet_service,no_internet_service,no_internet_service,no_internet_service,two_year,0,mailed_check,23.85,625.65,0
6589,3118-uhvvq,female,0,1,0,68,1,yes,no,no_internet_service,no_internet_service,no_internet_service,no_internet_service,no_internet_service,no_internet_service,two_year,0,credit_card_(automatic),25.8,1911.5,0
6590,1031-iideo,female,0,0,0,1,1,no,fiber_optic,no,no,no,no,no,no,month-to-month,1,electronic_check,70.85,70.85,1
6591,5832-xkaes,male,0,0,0,2,1,no,fiber_optic,no,no,no,no,no,no,month-to-month,1,credit_card_(automatic),69.8,134.7,1
6592,3205-mxzra,male,0,0,0,26,1,no,dsl,no,no,no,yes,yes,no,one_year,0,credit_card_(automatic),59.45,1507.0,0
6593,4701-ahwmw,male,0,1,0,55,0,no_phone_service,dsl,no,no,yes,yes,yes,yes,month-to-month,1,bank_transfer_(automatic),54.55,2978.3,1
6594,8317-bvkso,male,0,0,0,14,1,no,no,no_internet_service,no_internet_service,no_internet_service,no_internet_service,no_internet_service,no_internet_service,month-to-month,1,electronic_check,20.05,299.3,0
6595,5702-kvqrd,male,0,1,0,71,1,no,dsl,yes,no,yes,yes,yes,yes,two_year,1,electronic_check,82.55,5832.65,0
6596,0083-pivik,male,0,0,0,64,1,yes,dsl,yes,yes,yes,yes,yes,no,one_year,0,electronic_check,81.25,5567.55,0
6597,9210-iahgh,female,0,0,0,7,1,no,dsl,no,no,no,yes,yes,yes,month-to-month,1,credit_card_(automatic),70.75,450.8,1
6598,6169-pgncd,female,0,0,0,57,1,no,dsl,yes,yes,yes,yes,yes,no,two_year,1,credit_card_(automatic),74.3,4166.35,0
6599,0023-xuopt,female,0,1,0,13,1,yes,fiber_optic,no,yes,yes,no,yes,no,month-to-month,0,electronic_check,94.1,1215.6,1
6600,4592-iwtji,female,0,1,1,3,0,no_phone_service,dsl,yes,no,no,no,no,no,month-to-month,0,credit_card_(automatic),29.7,91.7,1
6601,4909-joupp,male,1,1,0,72,1,yes,fiber_optic,no,yes,yes,yes,yes,yes,two_year,0,credit_card_(automatic),109.7,7898.45,0
6602,4657-fwvfy,female,0,1,1,40,1,yes,fiber_optic,no,yes,yes,no,yes,no,month-to-month,1,credit_card_(automatic),96.35,3915.4,0
6603,2257-bovxd,male,0,1,0,14,1,yes,dsl,no,no,no,yes,yes,no,month-to-month,1,credit_card_(automatic),66.6,979.5,0
6604,7729-jteec,male,0,1,1,2,1,no,dsl,no,no,no,no,no,no,month-to-month,1,electronic_check,44.5,90.05,0
6605,7632-mnyoy,male,1,0,0,66,1,yes,fiber_optic,no,yes,yes,yes,yes,yes,one_year,0,credit_card_(automatic),110.9,7432.05,1
6606,6518-lgaov,female,0,1,0,38,1,yes,fiber_optic,no,no,yes,yes,yes,yes,month-to-month,1,electronic_check,105.0,4026.4,1
6607,7242-qzlxf,male,0,0,1,1,0,no_phone_service,dsl,no,no,no,no,no,no,month-to-month,1,electronic_check,25.3,25.3,1
6608,4576-csajh,male,0,0,0,22,1,no,dsl,no,yes,no,yes,no,no,one_year,1,credit_card_(automatic),55.15,1193.05,1
6609,1000-ajsld,male,0,0,0,1,1,no,no,no_internet_service,no_internet_service,no_internet_service,no_internet_service,no_internet_service,no_internet_service,month-to-month,1,mailed_check,20.1,20.1,1
6610,9696-rmyba,male,0,0,0,5,1,no,fiber_optic,no,no,no,no,yes,no,month-to-month,1,mailed_check,80.1,398.55,0
6611,8690-upczi,male,0,1,1,29,1,yes,dsl,yes,no,no,yes,yes,no,one_year,0,bank_transfer_(automatic),69.05,1958.45,0
6612,1062-lhzod,male,0,1,1,1,1,no,fiber_optic,no,no,no,no,no,no,month-to-month,1,mailed_check,69.9,69.9,1
6613,9770-lxdbk,female,0,0,0,3,1,no,no,no_internet_service,no_internet_service,no_internet_service,no_internet_service,no_internet_service,no_internet_service,month-to-month,0,mailed_check,20.4,63.15,0
6614,4086-witjg,male,0,1,1,71,1,no,no,no_internet_service,no_internet_service,no_internet_service,no_internet_service,no_internet_service,no_internet_service,two_year,0,credit_card_(automatic),19.7,1301.1,0
6615,8344-wfmfh,male,0,0,1,9,1,no,dsl,no,yes,no,no,no,no,month-to-month,1,electronic_check,50.1,484.05,0
6616,9600-naxzn,male,0,0,0,43,1,yes,fiber_optic,no,yes,no,no,yes,yes,month-to-month,1,electronic_check,101.4,4528.0,1
6617,8822-knbhv,female,0,0,0,48,1,yes,dsl,yes,yes,yes,no,yes,yes,one_year,1,credit_card_(automatic),83.45,3887.85,0
6618,8404-fydib,male,0,0,0,26,1,yes,fiber_optic,yes,yes,no,no,no,no,month-to-month,1,credit_card_(automatic),86.65,2208.75,0
6619,2791-sfvew,female,0,0,0,9,1,no,no,no_internet_service,no_internet_service,no_internet_service,no_internet_service,no_internet_service,no_internet_service,month-to-month,0,bank_transfer_(automatic),20.15,238.15,0
6620,6457-usber,male,0,0,0,1,1,no,fiber_optic,no,no,no,no,no,yes,month-to-month,1,electronic_check,80.8,80.8,1
6621,6762-nsodu,female,0,1,1,46,1,no,no,no_internet_service,no_internet_service,no_internet_service,no_internet_service,no_internet_service,no_internet_service,two_year,0,credit_card_(automatic),19.4,958.15,0
6622,4662-ekdpq,male,0,0,0,2,1,yes,dsl,no,no,no,no,no,yes,month-to-month,0,bank_transfer_(automatic),62.05,118.3,1
6623,9248-ojykk,male,1,0,0,1,1,yes,fiber_optic,no,no,no,no,no,no,month-to-month,1,electronic_check,76.45,76.45,1
6624,9888-zcumm,male,0,1,1,64,0,no_phone_service,dsl,yes,no,yes,yes,yes,yes,two_year,1,bank_transfer_(automatic),60.05,3845.45,0
6625,3398-fshon,female,1,0,0,12,1,yes,fiber_optic,no,yes,no,no,yes,no,month-to-month,1,electronic_check,91.3,1094.5,1
6626,3319-dwoep,male,1,1,0,6,1,no,fiber_optic,no,no,yes,no,yes,yes,month-to-month,1,electronic_check,95.75,573.75,1
6627,1074-wvevg,female,0,1,0,59,1,no,no,no_internet_service,no_internet_service,no_internet_service,no_internet_service,no_internet_service,no_internet_service,one_year,0,mailed_check,20.35,1267.0,0
6628,9979-rgmzt,female,0,0,0,7,1,no,fiber_optic,no,yes,no,no,yes,yes,one_year,1,mailed_check,94.05,633.45,0
6629,6437-udqjm,female,1,1,0,72,1,yes,dsl,yes,yes,yes,no,yes,yes,two_year,1,credit_card_(automatic),84.1,6129.65,0
6630,1226-ienzn,male,1,0,0,16,1,no,fiber_optic,no,no,no,no,no,yes,month-to-month,1,electronic_check,78.75,1218.25,0
6631,2108-glpqb,male,0,1,0,25,1,yes,dsl,no,no,yes,no,no,no,month-to-month,0,credit_card_(automatic),55.55,1405.3,0
6632,9259-pacgq,female,0,1,0,34,1,yes,dsl,yes,yes,no,yes,no,no,month-to-month,0,electronic_check,62.65,2274.9,1
6633,4415-ijztp,female,0,0,0,1,1,yes,fiber_optic,no,no,no,no,no,no,month-to-month,1,electronic_check,74.5,74.5,1
6634,1465-vindh,female,0,1,1,10,1,yes,fiber_optic,no,yes,yes,no,yes,yes,month-to-month,1,credit_card_(automatic),102.1,1068.85,1
6635,5474-lamuq,male,0,1,0,24,1,no,no,no_internet_service,no_internet_service,no_internet_service,no_internet_service,no_internet_service,no_internet_service,one_year,0,mailed_check,20.1,533.9,0
6636,3468-drvqj,female,0,1,1,10,1,yes,dsl,yes,yes,no,no,yes,no,one_year,0,electronic_check,70.3,676.15,0
6637,1122-yjbcs,male,0,1,0,69,1,no,dsl,yes,yes,no,no,no,no,one_year,1,credit_card_(automatic),53.65,3804.4,0
6638,4990-aldgw,male,0,0,0,57,1,no,no,no_internet_service,no_internet_service,no_internet_service,no_internet_service,no_internet_service,no_internet_service,two_year,0,mailed_check,20.75,1118.8,0
6639,4816-okwnx,male,0,1,1,50,1,no,fiber_optic,no,yes,yes,yes,yes,yes,one_year,1,bank_transfer_(automatic),103.4,5236.4,0
6640,3315-ikyzq,male,0,1,1,28,0,no_phone_service,dsl,yes,no,yes,yes,yes,no,one_year,0,mailed_check,50.8,1386.8,0
6641,2810-ftlem,female,0,0,0,16,1,no,dsl,yes,no,no,no,no,no,month-to-month,1,electronic_check,50.15,762.25,1
6642,4747-lcaql,male,0,0,0,25,1,no,dsl,yes,yes,no,yes,yes,yes,month-to-month,1,mailed_check,79.0,1902.0,0
6643,3411-wlrsq,female,1,1,0,3,1,no,fiber_optic,no,yes,no,no,no,no,month-to-month,1,bank_transfer_(automatic),74.6,239.05,0
6644,0898-xcgtf,male,0,1,0,61,1,yes,fiber_optic,no,no,no,no,yes,yes,one_year,1,bank_transfer_(automatic),96.5,5673.7,0
6645,8006-pycsw,female,0,0,0,2,1,no,no,no_internet_service,no_internet_service,no_internet_service,no_internet_service,no_internet_service,no_internet_service,month-to-month,0,mailed_check,20.1,39.8,0
6646,8249-thvec,male,0,1,1,51,1,no,no,no_internet_service,no_internet_service,no_internet_service,no_internet_service,no_internet_service,no_internet_service,one_year,0,mailed_check,19.4,997.75,0
6647,8722-prfdv,female,0,1,1,71,1,no,dsl,yes,no,yes,no,yes,yes,two_year,0,credit_card_(automatic),77.55,5574.35,0
6648,2164-soqxl,female,0,1,1,20,1,no,no,no_internet_service,no_internet_service,no_internet_service,no_internet_service,no_internet_service,no_internet_service,month-to-month,0,mailed_check,20.05,406.05,0
6649,4020-kiudi,male,0,1,1,6,1,no,no,no_internet_service,no_internet_service,no_internet_service,no_internet_service,no_internet_service,no_internet_service,month-to-month,0,credit_card_(automatic),19.85,138.85,0
6650,5850-bdwcy,female,0,0,0,6,1,no,no,no_internet_service,no_internet_service,no_internet_service,no_internet_service,no_internet_service,no_internet_service,month-to-month,0,mailed_check,20.2,123.65,0
6651,2038-yseze,female,0,0,0,29,1,yes,dsl,yes,yes,no,yes,no,no,month-to-month,0,mailed_check,67.45,1801.1,0
6652,0827-itjph,male,0,0,0,36,1,no,no,no_internet_service,no_internet_service,no_internet_service,no_internet_service,no_internet_service,no_internet_service,two_year,1,credit_card_(automatic),18.55,689.0,0
6653,8799-oxzmd,female,0,0,0,28,0,no_phone_service,dsl,no,no,yes,no,no,no,month-to-month,1,mailed_check,29.75,790.7,0
6654,1925-tible,female,0,1,0,7,1,yes,fiber_optic,no,no,no,no,yes,no,month-to-month,1,electronic_check,86.5,582.5,1
6655,1705-guhpv,female,0,0,0,63,1,yes,no,no_internet_service,no_internet_service,no_internet_service,no_internet_service,no_internet_service,no_internet_service,two_year,0,mailed_check,24.2,1618.2,0
6656,4779-zgick,male,0,1,1,48,1,yes,no,no_internet_service,no_internet_service,no_internet_service,no_internet_service,no_internet_service,no_internet_service,two_year,0,mailed_check,23.55,1173.35,0
6657,0048-pihnl,female,0,1,0,49,1,no,no,no_internet_service,no_internet_service,no_internet_service,no_internet_service,no_internet_service,no_internet_service,one_year,0,bank_transfer_(automatic),20.45,900.9,0
6658,0818-ocpzo,male,1,0,0,27,1,yes,fiber_optic,no,yes,no,no,no,no,month-to-month,1,electronic_check,81.45,2122.05,1
6659,3967-kxaps,male,0,1,0,72,1,yes,dsl,yes,yes,yes,yes,yes,yes,two_year,0,credit_card_(automatic),92.3,6719.9,0
6660,1447-giqmr,male,0,1,0,1,1,no,fiber_optic,no,no,no,no,no,no,month-to-month,1,electronic_check,69.15,69.15,1
6661,3704-ieaxf,female,0,1,1,72,0,no_phone_service,dsl,no,yes,no,yes,yes,yes,two_year,0,credit_card_(automatic),53.65,3784.0,0
6662,6810-vcaex,female,0,0,0,47,0,no_phone_service,dsl,yes,yes,no,yes,no,no,one_year,0,credit_card_(automatic),39.65,1798.65,0
6663,0674-eyyzv,female,0,0,0,1,1,no,dsl,no,no,no,no,yes,no,month-to-month,1,electronic_check,54.65,54.65,0
6664,4480-mbmlb,female,0,0,0,36,1,yes,fiber_optic,no,yes,yes,no,yes,yes,one_year,1,bank_transfer_(automatic),104.8,3886.45,0
6665,1395-ofuwc,male,0,1,1,43,0,no_phone_service,dsl,no,yes,no,no,no,no,month-to-month,0,credit_card_(automatic),29.3,1224.05,0
6666,0822-qgcxa,female,1,1,0,27,1,yes,dsl,no,yes,yes,yes,yes,yes,month-to-month,0,electronic_check,83.85,2310.2,0
6667,0872-nxjys,female,0,0,0,9,1,no,fiber_optic,no,no,no,no,no,yes,month-to-month,1,electronic_check,79.55,723.4,1
6668,2832-kjcrd,female,0,0,0,38,1,yes,fiber_optic,no,no,yes,yes,yes,yes,month-to-month,1,electronic_check,103.65,3988.5,0
6669,3588-wsttj,female,1,0,0,35,1,yes,fiber_optic,yes,no,no,no,yes,yes,month-to-month,1,electronic_check,99.05,3554.6,0
6670,4075-wkniu,female,0,1,1,0,1,yes,dsl,no,yes,yes,yes,yes,no,two_year,0,mailed_check,73.35,1397.475,0
6671,5090-emgtc,female,0,1,0,59,1,no,fiber_optic,no,yes,no,yes,yes,yes,two_year,1,mailed_check,100.05,6034.85,0
6672,2346-czyil,male,0,0,0,27,1,no,no,no_internet_service,no_internet_service,no_internet_service,no_internet_service,no_internet_service,no_internet_service,two_year,0,credit_card_(automatic),20.35,531.6,0
6673,3798-epwrr,female,1,0,0,2,1,no,dsl,no,no,no,no,no,no,month-to-month,0,electronic_check,43.95,85.1,0
6674,6258-ngcng,male,0,0,0,7,1,yes,no,no_internet_service,no_internet_service,no_internet_service,no_internet_service,no_internet_service,no_internet_service,month-to-month,0,mailed_check,23.5,173.0,0
6675,4186-zbuew,female,0,0,0,36,1,yes,dsl,no,yes,no,yes,no,yes,one_year,1,mailed_check,70.7,2511.95,0
6676,5274-xhaky,female,0,1,1,41,1,yes,fiber_optic,yes,yes,no,no,yes,no,month-to-month,1,bank_transfer_(automatic),94.3,3893.6,0
6677,1442-bqpvu,female,0,0,0,13,0,no_phone_service,dsl,no,yes,no,no,no,no,month-to-month,0,electronic_check,29.15,357.15,0
6678,3978-ynkdd,male,0,0,1,19,1,no,no,no_internet_service,no_internet_service,no_internet_service,no_internet_service,no_internet_service,no_internet_service,two_year,0,credit_card_(automatic),20.85,467.5,0
6679,4940-khcwd,female,0,1,0,60,0,no_phone_service,dsl,yes,yes,no,yes,no,no,two_year,0,bank_transfer_(automatic),37.7,2288.7,0
6680,9412-argbx,female,0,0,1,48,1,no,fiber_optic,no,yes,yes,yes,yes,no,two_year,1,mailed_check,95.5,4627.85,1
6681,1389-cxmlu,male,1,0,0,3,1,yes,fiber_optic,no,no,yes,no,yes,no,month-to-month,0,electronic_check,91.05,289.1,1
6682,9589-abept,male,0,1,0,69,1,yes,fiber_optic,no,yes,no,yes,yes,no,two_year,1,mailed_check,92.45,6460.55,0
6683,9388-zeyvt,male,0,0,0,43,0,no_phone_service,dsl,no,no,yes,yes,no,yes,one_year,0,electronic_check,44.15,1931.3,0
6684,0305-sqecb,female,0,0,1,11,0,no_phone_service,dsl,yes,no,no,yes,no,no,one_year,1,mailed_check,36.05,402.6,0
6685,7605-snlqg,female,0,1,0,45,1,no,dsl,no,no,yes,no,no,no,month-to-month,1,credit_card_(automatic),50.25,2221.55,0
6686,4670-tabxh,male,0,1,0,72,1,yes,fiber_optic,no,yes,yes,yes,yes,yes,two_year,1,credit_card_(automatic),109.75,7758.9,0
6687,5561-nwevx,female,1,1,0,2,1,yes,fiber_optic,no,no,yes,no,no,no,month-to-month,0,electronic_check,79.2,172.85,1
6688,0064-sudog,female,0,1,1,12,1,no,no,no_internet_service,no_internet_service,no_internet_service,no_internet_service,no_internet_service,no_internet_service,two_year,0,bank_transfer_(automatic),20.3,224.5,0
6689,8561-nmtbd,female,0,1,1,67,1,yes,fiber_optic,no,yes,yes,yes,yes,yes,one_year,1,credit_card_(automatic),112.35,7388.45,0
6690,5161-xeuvx,male,0,1,0,37,1,yes,fiber_optic,no,no,yes,yes,yes,no,two_year,0,mailed_check,94.3,3460.95,0
6691,8292-frfzq,female,0,0,0,39,0,no_phone_service,dsl,yes,yes,no,yes,no,no,one_year,0,bank_transfer_(automatic),41.15,1700.9,0
6692,8591-nxrcv,female,0,0,0,41,1,yes,dsl,yes,no,yes,yes,no,yes,month-to-month,1,bank_transfer_(automatic),74.65,3090.65,0
6693,7895-vonwt,female,0,0,0,25,0,no_phone_service,dsl,no,no,yes,no,yes,yes,month-to-month,1,electronic_check,48.25,1293.8,0
6694,4526-rmtll,male,0,1,1,8,1,yes,dsl,yes,yes,no,yes,no,yes,two_year,1,credit_card_(automatic),76.15,645.8,0
6695,6253-gnhwh,female,0,1,1,71,1,yes,dsl,yes,yes,yes,yes,no,no,two_year,0,mailed_check,71.1,5224.95,0
6696,4566-necev,male,0,0,0,5,1,yes,fiber_optic,no,yes,yes,no,no,yes,month-to-month,0,electronic_check,96.55,500.1,0
6697,8080-potjr,female,0,0,0,30,1,yes,dsl,yes,no,yes,no,yes,yes,one_year,1,credit_card_(automatic),79.3,2427.1,0
6698,6906-mpary,male,0,0,0,40,1,no,fiber_optic,no,yes,no,yes,no,yes,one_year,1,credit_card_(automatic),89.6,3488.15,0
6699,3662-fxjfo,female,0,0,0,54,1,no,no,no_internet_service,no_internet_service,no_internet_service,no_internet_service,no_internet_service,no_internet_service,two_year,1,mailed_check,20.5,1035.7,0
6700,8107-rzlnv,male,0,1,0,72,1,yes,fiber_optic,no,yes,yes,no,yes,yes,two_year,1,bank_transfer_(automatic),106.3,7565.35,0
6701,0516-oohar,male,0,1,1,28,1,no,fiber_optic,no,yes,yes,no,yes,yes,one_year,0,bank_transfer_(automatic),100.35,2799.0,0
6702,2027-cwdnu,male,0,1,1,18,1,no,fiber_optic,no,no,no,yes,no,yes,month-to-month,1,electronic_check,85.6,1601.5,0
6703,2737-wfvyw,female,0,0,0,2,0,no_phone_service,dsl,no,no,no,no,yes,yes,month-to-month,1,electronic_check,45.25,85.5,1
6704,9912-omzds,female,0,1,1,59,1,yes,fiber_optic,no,yes,yes,no,yes,yes,one_year,1,electronic_check,106.15,6256.2,0
6705,3733-zeecp,male,0,1,1,22,1,no,dsl,no,no,no,yes,no,no,month-to-month,1,electronic_check,51.1,1232.9,0
6706,7878-rtczg,female,0,0,0,1,1,no,no,no_internet_service,no_internet_service,no_internet_service,no_internet_service,no_internet_service,no_internet_service,month-to-month,0,mailed_check,19.9,19.9,0
6707,2452-mrmzf,female,1,1,0,72,1,yes,no,no_internet_service,no_internet_service,no_internet_service,no_internet_service,no_internet_service,no_internet_service,two_year,1,credit_card_(automatic),25.7,1937.4,0
6708,2272-qagfo,female,1,0,0,14,1,yes,fiber_optic,no,no,no,no,no,no,month-to-month,1,electronic_check,74.3,1096.25,1
6709,7103-ipxpj,male,0,1,0,50,1,yes,fiber_optic,no,no,no,yes,yes,yes,one_year,0,electronic_check,99.4,5059.75,0
6710,4342-hfxws,female,0,1,1,48,1,no,dsl,yes,no,yes,yes,yes,no,one_year,0,bank_transfer_(automatic),69.7,3023.65,0
6711,3545-cnwrg,female,0,1,1,49,1,yes,fiber_optic,no,yes,no,no,yes,yes,month-to-month,1,electronic_check,98.35,4889.2,0
6712,1785-bphtp,male,0,1,1,28,1,no,fiber_optic,no,no,yes,no,yes,no,month-to-month,0,electronic_check,85.45,2289.9,0
6713,4989-lixvt,male,1,0,0,68,1,yes,fiber_optic,no,yes,yes,no,no,yes,month-to-month,1,electronic_check,95.9,6503.2,0
6714,7315-wyoaw,male,0,0,0,13,1,yes,fiber_optic,no,no,no,yes,yes,yes,month-to-month,0,electronic_check,100.75,1313.25,0
6715,1173-xzpyf,female,0,0,0,11,1,yes,fiber_optic,no,no,yes,no,yes,no,month-to-month,1,electronic_check,89.2,990.3,0
6716,9850-owrhq,female,0,1,0,3,1,yes,fiber_optic,no,no,no,no,no,no,month-to-month,1,credit_card_(automatic),74.1,228.0,1
6717,3768-nlubh,male,1,1,0,57,1,yes,fiber_optic,no,no,yes,no,yes,yes,month-to-month,0,electronic_check,100.6,5746.15,1
6718,8676-trmjs,male,0,0,0,3,1,yes,fiber_optic,no,no,no,no,no,no,month-to-month,0,mailed_check,75.0,209.1,1
6719,2509-tfpju,male,0,1,0,72,1,yes,no,no_internet_service,no_internet_service,no_internet_service,no_internet_service,no_internet_service,no_internet_service,two_year,0,credit_card_(automatic),25.75,1864.2,0
6720,9530-grmjg,male,0,1,1,70,1,yes,dsl,no,yes,yes,yes,yes,yes,two_year,1,electronic_check,84.1,5979.7,0
6721,6898-rbtlu,female,0,1,1,49,1,yes,dsl,no,yes,no,yes,yes,yes,two_year,0,bank_transfer_(automatic),79.3,3902.45,0
6722,5481-ntdoh,female,1,1,0,67,1,yes,fiber_optic,yes,no,yes,no,yes,yes,one_year,1,credit_card_(automatic),107.05,7142.5,0
6723,2068-wwxqz,male,0,0,0,46,1,no,no,no_internet_service,no_internet_service,no_internet_service,no_internet_service,no_internet_service,no_internet_service,two_year,0,bank_transfer_(automatic),20.05,902.0,0
6724,7359-ssbjk,female,1,0,0,64,1,no,dsl,yes,yes,no,yes,yes,no,two_year,1,credit_card_(automatic),70.2,4481.0,1
6725,2061-vvfst,female,0,1,0,37,1,no,no,no_internet_service,no_internet_service,no_internet_service,no_internet_service,no_internet_service,no_internet_service,month-to-month,0,bank_transfer_(automatic),19.5,805.2,0
6726,0685-mlyym,female,1,0,0,2,1,no,fiber_optic,no,no,no,no,no,no,month-to-month,0,electronic_check,70.75,154.85,1
6727,0749-irgqe,female,1,1,0,13,0,no_phone_service,dsl,no,no,no,no,yes,yes,month-to-month,0,electronic_check,45.3,528.45,0
6728,2380-damqp,female,0,1,0,72,1,yes,fiber_optic,yes,yes,yes,yes,yes,yes,two_year,0,electronic_check,115.15,8349.7,0
6729,2256-ylylp,male,0,1,1,68,1,no,dsl,no,no,yes,yes,yes,yes,two_year,1,bank_transfer_(automatic),72.95,4953.25,0
6730,1272-ilhfg,male,0,1,1,15,1,no,no,no_internet_service,no_internet_service,no_internet_service,no_internet_service,no_internet_service,no_internet_service,one_year,0,mailed_check,19.65,332.65,0
6731,0164-xairp,female,0,0,0,24,1,no,no,no_internet_service,no_internet_service,no_internet_service,no_internet_service,no_internet_service,no_internet_service,two_year,1,bank_transfer_(automatic),19.55,470.2,0
6732,5666-cycyz,female,0,0,0,24,1,yes,fiber_optic,no,no,no,yes,no,yes,month-to-month,1,electronic_check,89.55,2259.35,0
6733,4011-arphk,male,0,0,0,27,1,no,dsl,yes,no,no,no,no,no,month-to-month,0,mailed_check,50.35,1411.35,0
6734,8182-pnagi,male,0,0,0,12,1,no,dsl,no,no,no,yes,no,no,month-to-month,0,bank_transfer_(automatic),50.25,593.75,1
6735,6365-hitvu,female,0,1,1,71,1,no,dsl,yes,yes,yes,yes,yes,yes,two_year,0,credit_card_(automatic),87.25,6328.7,0
6736,7558-imlmt,male,0,1,1,67,1,no,no,no_internet_service,no_internet_service,no_internet_service,no_internet_service,no_internet_service,no_internet_service,two_year,1,mailed_check,20.8,1411.9,0
6737,9488-fyqau,female,0,1,0,63,1,yes,fiber_optic,no,yes,yes,yes,yes,yes,two_year,1,bank_transfer_(automatic),109.25,6841.4,0
6738,3590-tcxtb,male,0,0,0,1,1,no,no,no_internet_service,no_internet_service,no_internet_service,no_internet_service,no_internet_service,no_internet_service,month-to-month,0,mailed_check,20.35,20.35,0
6739,6994-kerxl,male,0,0,0,4,1,no,dsl,no,no,no,no,no,yes,month-to-month,1,electronic_check,55.9,238.5,0
6740,7957-ryhqd,female,1,0,0,40,1,no,fiber_optic,yes,yes,no,no,no,no,month-to-month,1,credit_card_(automatic),79.2,3233.85,1
6741,2180-dxneg,female,0,0,0,12,1,no,fiber_optic,no,no,yes,no,yes,yes,month-to-month,1,electronic_check,96.0,1062.1,1
6742,1960-uotym,male,0,1,1,52,1,no,dsl,yes,yes,yes,no,yes,yes,two_year,0,electronic_check,79.2,4016.3,0
6743,2740-jfbok,male,0,0,0,10,1,yes,no,no_internet_service,no_internet_service,no_internet_service,no_internet_service,no_internet_service,no_internet_service,month-to-month,1,electronic_check,24.0,226.55,0
6744,6500-jvegc,male,0,0,0,68,1,yes,fiber_optic,yes,yes,yes,no,yes,no,one_year,0,bank_transfer_(automatic),101.35,7110.75,0
6745,5515-akoaj,female,0,0,0,54,1,yes,fiber_optic,no,no,no,yes,yes,yes,month-to-month,1,electronic_check,100.1,5440.9,1
6746,8976-oqhgt,female,0,1,1,4,1,no,dsl,no,yes,no,yes,no,no,month-to-month,0,mailed_check,56.5,235.1,1
6747,5245-vdbur,female,0,1,0,52,0,no_phone_service,dsl,yes,no,yes,no,no,no,one_year,0,mailed_check,35.45,1958.95,0
6748,6230-bsuxy,female,1,0,0,1,1,no,fiber_optic,no,no,yes,no,no,yes,month-to-month,1,electronic_check,85.0,85.0,1
6749,8469-snffh,male,0,1,0,70,1,yes,dsl,yes,yes,yes,yes,yes,no,one_year,0,bank_transfer_(automatic),79.4,5528.9,0
6750,2144-eswko,male,0,0,0,43,0,no_phone_service,dsl,yes,no,yes,no,no,no,one_year,1,credit_card_(automatic),35.2,1463.7,0
6751,1241-fpmof,male,0,0,0,52,1,no,no,no_internet_service,no_internet_service,no_internet_service,no_internet_service,no_internet_service,no_internet_service,two_year,0,mailed_check,19.65,1025.05,0
6752,9928-bzvlz,female,0,0,0,12,0,no_phone_service,dsl,yes,no,yes,yes,no,yes,two_year,0,mailed_check,49.85,552.1,0
6753,4114-qmkvn,female,0,1,1,56,1,yes,dsl,yes,yes,no,no,no,yes,one_year,0,bank_transfer_(automatic),68.75,3815.4,0
6754,2775-sefee,male,0,0,1,0,1,yes,dsl,yes,yes,no,yes,no,no,two_year,1,bank_transfer_(automatic),61.9,1397.475,0
6755,9003-cpath,male,0,0,0,42,1,yes,fiber_optic,no,no,yes,no,no,no,month-to-month,0,electronic_check,79.9,3313.4,0
6756,1754-gkypy,male,1,1,0,22,1,no,fiber_optic,no,no,no,no,yes,yes,month-to-month,1,bank_transfer_(automatic),89.75,1938.9,0
6757,5294-cdgwy,male,0,1,1,51,0,no_phone_service,dsl,yes,yes,yes,no,yes,yes,one_year,0,electronic_check,59.3,3014.65,1
6758,7956-xqwgu,male,0,0,0,27,1,no,no,no_internet_service,no_internet_service,no_internet_service,no_internet_service,no_internet_service,no_internet_service,month-to-month,1,credit_card_(automatic),19.4,460.25,0
6759,1591-mqjtp,male,1,1,0,51,1,yes,fiber_optic,yes,no,yes,no,no,yes,one_year,1,bank_transfer_(automatic),93.65,4839.15,0
6760,5295-pcjoo,male,0,0,1,4,1,no,dsl,yes,no,no,no,no,no,month-to-month,1,electronic_check,49.4,184.4,1
6761,2369-fevno,male,0,0,0,1,1,no,no,no_internet_service,no_internet_service,no_internet_service,no_internet_service,no_internet_service,no_internet_service,month-to-month,1,mailed_check,19.9,19.9,0
6762,9863-jzaic,male,0,0,0,35,1,no,dsl,no,no,no,no,yes,no,month-to-month,0,mailed_check,55.0,2010.55,1
6763,7471-mqpos,male,1,1,1,71,1,yes,dsl,no,yes,yes,yes,no,yes,one_year,1,bank_transfer_(automatic),72.9,5139.65,0
6764,7660-hdpjv,female,0,0,0,1,1,no,fiber_optic,no,no,no,no,no,no,month-to-month,1,electronic_check,69.2,69.2,1
6765,5115-sqaau,female,0,1,1,69,1,yes,no,no_internet_service,no_internet_service,no_internet_service,no_internet_service,no_internet_service,no_internet_service,two_year,1,bank_transfer_(automatic),25.6,1673.4,0
6766,9845-qomad,male,0,1,1,14,1,no,no,no_internet_service,no_internet_service,no_internet_service,no_internet_service,no_internet_service,no_internet_service,one_year,0,mailed_check,19.75,309.35,0
6767,7672-vfmxz,male,0,1,0,57,1,no,dsl,yes,no,no,yes,no,no,month-to-month,0,electronic_check,55.7,3171.6,0
6768,9739-jlpqj,female,0,1,1,72,1,yes,fiber_optic,yes,yes,yes,yes,yes,yes,two_year,0,credit_card_(automatic),117.5,8670.1,0
6769,9916-ayhtc,male,0,0,0,48,1,no,no,no_internet_service,no_internet_service,no_internet_service,no_internet_service,no_internet_service,no_internet_service,two_year,0,credit_card_(automatic),19.85,916.0,0
6770,3855-oncar,female,0,1,1,4,1,no,fiber_optic,no,no,no,no,yes,no,month-to-month,1,mailed_check,78.9,299.75,0
6771,1488-sysfc,male,0,1,1,31,1,no,no,no_internet_service,no_internet_service,no_internet_service,no_internet_service,no_internet_service,no_internet_service,month-to-month,1,electronic_check,20.65,702.05,0
6772,7931-pxhfc,male,0,0,0,38,1,no,dsl,no,no,yes,yes,no,yes,one_year,1,mailed_check,62.3,2354.8,1
6773,3990-qykbe,male,1,1,0,37,1,yes,fiber_optic,no,no,no,no,yes,yes,month-to-month,1,electronic_check,92.5,3473.4,1
6774,0970-qxpxw,female,0,0,0,1,1,no,no,no_internet_service,no_internet_service,no_internet_service,no_internet_service,no_internet_service,no_internet_service,month-to-month,0,mailed_check,19.65,19.65,0
6775,3259-knmrr,male,1,0,0,57,1,yes,dsl,no,yes,yes,no,yes,yes,two_year,1,bank_transfer_(automatic),79.75,4438.2,0
6776,6120-rjklu,female,1,1,0,62,1,no,dsl,yes,no,yes,yes,yes,yes,two_year,1,credit_card_(automatic),79.95,4819.75,0
6777,9572-wuksb,male,0,1,0,3,0,no_phone_service,dsl,no,no,no,yes,no,no,month-to-month,1,electronic_check,29.9,92.25,0
6778,5893-kclgt,female,0,0,1,72,1,no,no,no_internet_service,no_internet_service,no_internet_service,no_internet_service,no_internet_service,no_internet_service,two_year,1,mailed_check,19.75,1567.0,0
6779,0076-lveps,male,0,0,1,29,0,no_phone_service,dsl,yes,yes,yes,yes,no,no,month-to-month,1,mailed_check,45.0,1242.45,0
6780,3640-jqgjg,male,0,1,1,13,1,no,dsl,no,no,no,no,no,no,month-to-month,0,bank_transfer_(automatic),44.8,559.2,0
6781,4919-moavt,male,0,0,1,3,1,no,fiber_optic,no,no,no,no,no,no,month-to-month,0,electronic_check,69.65,220.1,1
6782,1596-oqsps,female,0,0,0,11,1,no,dsl,no,yes,no,no,no,no,month-to-month,0,electronic_check,51.1,531.15,0
6783,9867-xobqa,female,0,0,1,21,0,no_phone_service,dsl,yes,yes,yes,yes,yes,no,two_year,0,mailed_check,53.15,1183.2,0
6784,9546-kdtrb,female,0,0,0,19,1,yes,no,no_internet_service,no_internet_service,no_internet_service,no_internet_service,no_internet_service,no_internet_service,month-to-month,0,bank_transfer_(automatic),24.7,465.85,0
6785,3090-hawsu,male,0,0,0,61,1,yes,fiber_optic,yes,no,yes,yes,yes,yes,two_year,1,credit_card_(automatic),111.6,6876.05,1
6786,9820-rmcqv,female,0,0,0,11,1,no,dsl,yes,no,no,no,no,no,month-to-month,0,credit_card_(automatic),48.55,501.0,1
6787,3174-rkmow,male,0,1,1,35,1,yes,fiber_optic,no,yes,yes,yes,yes,yes,month-to-month,1,electronic_check,109.95,3782.4,0
6788,1760-cazht,male,0,0,1,25,1,no,no,no_internet_service,no_internet_service,no_internet_service,no_internet_service,no_internet_service,no_internet_service,month-to-month,0,mailed_check,20.8,460.2,0
6789,7839-qrkxn,female,0,0,0,1,1,no,no,no_internet_service,no_internet_service,no_internet_service,no_internet_service,no_internet_service,no_internet_service,month-to-month,1,mailed_check,20.2,20.2,1
6790,8441-shipe,female,0,0,0,67,1,yes,no,no_internet_service,no_internet_service,no_internet_service,no_internet_service,no_internet_service,no_internet_service,two_year,1,bank_transfer_(automatic),25.6,1790.35,0
6791,5204-qzxpu,male,0,0,0,19,0,no_phone_service,dsl,no,no,yes,no,yes,no,month-to-month,1,electronic_check,39.65,733.35,1
6792,4597-elfts,male,0,0,0,56,1,yes,no,no_internet_service,no_internet_service,no_internet_service,no_internet_service,no_internet_service,no_internet_service,one_year,0,electronic_check,24.9,1334.0,1
6793,1320-gvnht,male,0,1,1,72,1,yes,fiber_optic,yes,yes,yes,no,yes,yes,two_year,1,credit_card_(automatic),108.4,7767.25,0
6794,1047-rnxzv,male,0,0,0,43,1,no,no,no_internet_service,no_internet_service,no_internet_service,no_internet_service,no_internet_service,no_internet_service,two_year,0,mailed_check,19.55,876.15,0
6795,3541-znuhk,female,0,1,1,55,1,yes,fiber_optic,yes,yes,no,no,no,no,month-to-month,1,electronic_check,85.1,4600.95,0
6796,8450-jovah,male,0,1,1,2,1,yes,dsl,yes,no,no,no,no,no,month-to-month,0,mailed_check,56.7,113.55,1
6797,8725-jedfd,male,0,0,0,27,1,no,fiber_optic,no,no,no,no,no,no,month-to-month,1,mailed_check,69.05,1793.25,0
6798,7562-uxtpg,female,0,0,0,13,1,no,fiber_optic,no,no,no,no,no,no,month-to-month,1,mailed_check,70.15,886.7,0
6799,8071-sbtrn,female,0,0,0,70,1,yes,fiber_optic,yes,yes,yes,no,yes,yes,two_year,1,mailed_check,111.15,7737.55,0
6800,1113-iujyx,female,0,1,0,14,1,no,fiber_optic,yes,yes,no,yes,yes,yes,one_year,0,mailed_check,105.95,1348.9,1
6801,6668-cnmfp,female,0,1,1,19,1,yes,fiber_optic,no,no,no,yes,no,yes,one_year,1,bank_transfer_(automatic),89.35,1686.85,0
6802,5626-mgtuk,female,0,0,0,20,1,yes,fiber_optic,yes,no,no,no,yes,no,month-to-month,1,bank_transfer_(automatic),89.1,1879.25,0
6803,5681-lloei,male,0,1,1,43,1,yes,fiber_optic,yes,no,yes,yes,no,no,one_year,1,credit_card_(automatic),91.25,4013.8,0
6804,8212-djrch,male,0,1,1,5,1,no,fiber_optic,yes,no,yes,no,no,yes,month-to-month,1,mailed_check,90.35,434.5,0
6805,4323-ohfow,female,1,1,0,70,1,yes,fiber_optic,no,yes,no,yes,yes,yes,one_year,1,bank_transfer_(automatic),105.55,7195.35,0
6806,4933-bsaip,female,0,1,0,40,1,no,no,no_internet_service,no_internet_service,no_internet_service,no_internet_service,no_internet_service,no_internet_service,two_year,0,mailed_check,19.1,780.1,0
6807,2030-btzro,male,0,1,1,6,1,no,no,no_internet_service,no_internet_service,no_internet_service,no_internet_service,no_internet_service,no_internet_service,two_year,1,credit_card_(automatic),20.4,107.6,0
6808,1116-dxxdf,male,0,0,0,39,1,no,fiber_optic,yes,no,yes,no,yes,yes,two_year,1,electronic_check,100.45,3801.7,0
6809,9274-cnfmo,male,1,1,0,4,1,yes,fiber_optic,no,no,no,no,no,no,month-to-month,0,electronic_check,74.95,308.7,1
6810,7758-xkcbs,male,0,0,0,15,0,no_phone_service,dsl,no,no,no,yes,no,no,month-to-month,1,electronic_check,29.7,438.25,1
6811,8992-jqyun,male,0,1,0,1,0,no_phone_service,dsl,no,no,yes,no,yes,yes,month-to-month,1,electronic_check,50.35,50.35,1
6812,6563-vnpmn,female,1,0,0,45,1,no,fiber_optic,yes,yes,no,yes,no,no,month-to-month,1,bank_transfer_(automatic),85.7,3778.1,0
6813,0617-aqnwt,female,0,1,0,64,0,no_phone_service,dsl,yes,no,yes,yes,no,yes,two_year,0,electronic_check,47.85,3147.5,1
6814,2267-wtpyd,female,1,1,0,57,1,yes,fiber_optic,no,yes,yes,no,no,yes,month-to-month,0,credit_card_(automatic),94.0,5438.95,0
6815,0270-thenm,male,0,1,1,72,1,yes,dsl,yes,yes,yes,yes,no,no,two_year,0,bank_transfer_(automatic),69.85,5102.35,0
6816,2446-plqvo,male,0,0,0,1,1,no,fiber_optic,no,no,no,no,no,no,month-to-month,1,electronic_check,70.3,70.3,1
6817,4707-maxgu,male,0,1,0,72,1,yes,no,no_internet_service,no_internet_service,no_internet_service,no_internet_service,no_internet_service,no_internet_service,two_year,0,credit_card_(automatic),25.85,1872.2,0
6818,2710-wyvxg,female,0,0,0,3,1,no,dsl,yes,yes,no,yes,no,yes,two_year,0,mailed_check,71.1,213.35,0
6819,3005-nfmta,male,1,0,0,55,1,yes,fiber_optic,yes,no,no,no,yes,yes,month-to-month,1,electronic_check,98.8,5617.75,1
6820,6300-bwmjx,female,0,1,0,59,1,yes,fiber_optic,no,no,yes,yes,yes,no,month-to-month,0,electronic_check,93.35,5386.5,0
6821,8784-cgiln,female,0,0,0,18,1,yes,fiber_optic,no,no,no,yes,yes,yes,month-to-month,1,bank_transfer_(automatic),99.85,1776.95,1
6822,5389-ffvkb,male,1,1,0,32,1,no,fiber_optic,no,no,no,no,no,yes,month-to-month,1,credit_card_(automatic),80.3,2483.05,1
6823,7009-lgeci,female,0,0,0,4,1,no,dsl,yes,no,no,no,no,no,month-to-month,1,bank_transfer_(automatic),50.55,235.65,0
6824,8444-wridw,female,1,0,0,66,1,yes,fiber_optic,no,yes,no,no,no,no,month-to-month,1,credit_card_(automatic),80.45,5224.35,1
6825,5022-kvdqt,male,0,0,0,27,1,yes,fiber_optic,no,no,yes,no,no,no,month-to-month,1,electronic_check,81.3,2272.8,0
6826,7976-cicys,male,0,0,0,4,1,no,no,no_internet_service,no_internet_service,no_internet_service,no_internet_service,no_internet_service,no_internet_service,month-to-month,1,credit_card_(automatic),20.7,83.75,0
6827,1036-gudcl,male,0,1,1,60,1,no,dsl,yes,yes,no,yes,yes,yes,month-to-month,1,credit_card_(automatic),79.05,4663.4,0
6828,2005-dwqzj,female,0,1,1,8,1,no,no,no_internet_service,no_internet_service,no_internet_service,no_internet_service,no_internet_service,no_internet_service,two_year,0,mailed_check,19.05,201.7,0
6829,8148-wocmk,male,0,1,1,8,1,no,no,no_internet_service,no_internet_service,no_internet_service,no_internet_service,no_internet_service,no_internet_service,two_year,0,credit_card_(automatic),19.6,125.0,0
6830,7815-pdthl,male,0,0,0,35,1,no,no,no_internet_service,no_internet_service,no_internet_service,no_internet_service,no_internet_service,no_internet_service,two_year,1,mailed_check,20.2,684.4,0
6831,9451-lpgoo,male,0,0,0,7,1,yes,fiber_optic,no,no,no,no,no,yes,month-to-month,1,electronic_check,86.8,620.35,1
6832,9173-ivzvp,female,0,1,1,53,1,no,no,no_internet_service,no_internet_service,no_internet_service,no_internet_service,no_internet_service,no_internet_service,two_year,0,mailed_check,20.9,1146.05,0
6833,9129-uxerg,female,1,0,0,18,1,yes,fiber_optic,no,yes,no,yes,yes,yes,month-to-month,1,credit_card_(automatic),103.6,1806.35,0
6834,3635-jbpsg,female,0,0,0,15,0,no_phone_service,dsl,no,yes,no,no,no,yes,two_year,1,mailed_check,38.8,603.0,0
6835,7964-zrkkg,male,0,1,0,67,1,yes,fiber_optic,no,yes,no,no,yes,no,one_year,1,bank_transfer_(automatic),88.4,5798.3,0
6836,5868-ywpdw,male,1,1,0,6,1,no,fiber_optic,no,yes,no,no,no,yes,month-to-month,1,electronic_check,84.2,519.15,1
6837,6229-lsckb,male,1,0,0,6,1,no,fiber_optic,no,no,no,no,yes,no,month-to-month,1,electronic_check,79.7,497.6,0
6838,2025-jkfwi,male,0,0,0,13,1,yes,fiber_optic,no,no,no,yes,yes,yes,month-to-month,1,mailed_check,99.0,1301.7,1
6839,4078-sayyn,female,0,0,0,11,1,yes,fiber_optic,no,no,yes,no,yes,yes,month-to-month,1,electronic_check,100.75,1129.75,1
6840,1724-iqwnm,male,0,0,1,1,1,no,no,no_internet_service,no_internet_service,no_internet_service,no_internet_service,no_internet_service,no_internet_service,month-to-month,1,mailed_check,19.3,19.3,0
6841,8217-qyohv,male,0,0,0,5,1,no,dsl,yes,no,no,yes,no,no,month-to-month,1,mailed_check,55.75,266.95,0
6842,5546-queru,male,0,0,0,13,1,no,no,no_internet_service,no_internet_service,no_internet_service,no_internet_service,no_internet_service,no_internet_service,one_year,1,mailed_check,19.95,257.0,0
6843,9940-hpqpg,female,0,1,0,9,1,yes,fiber_optic,yes,yes,yes,no,no,no,month-to-month,0,bank_transfer_(automatic),91.75,865.8,1
6844,6897-uubnu,male,0,0,0,29,1,no,fiber_optic,no,yes,no,yes,yes,no,month-to-month,0,mailed_check,89.65,2623.65,0
6845,6127-iyjoz,male,1,0,0,1,1,no,dsl,no,no,no,no,no,no,month-to-month,1,mailed_check,45.85,45.85,0
6846,6618-ryatb,female,0,0,0,1,1,yes,fiber_optic,no,no,yes,no,no,no,month-to-month,1,mailed_check,79.55,79.55,1
6847,8930-xotdp,female,0,1,1,18,1,no,dsl,no,no,no,no,yes,no,month-to-month,0,mailed_check,55.95,1082.8,0
6848,5916-qewpt,female,0,1,0,2,1,no,dsl,no,no,yes,no,yes,yes,month-to-month,0,credit_card_(automatic),69.0,147.8,0
6849,5060-tquqn,male,0,1,1,30,1,yes,fiber_optic,no,yes,no,yes,no,no,month-to-month,1,bank_transfer_(automatic),83.55,2570.2,0
6850,0531-xbkmm,male,0,0,1,66,1,yes,dsl,yes,yes,no,yes,no,no,two_year,0,bank_transfer_(automatic),65.7,4378.9,0
6851,8465-sbrxp,male,0,1,1,38,1,yes,fiber_optic,no,no,yes,yes,yes,no,two_year,1,bank_transfer_(automatic),94.9,3616.25,0
6852,2408-psjve,male,0,1,1,44,1,no,dsl,no,yes,yes,yes,no,no,month-to-month,1,mailed_check,61.9,2924.05,0
6853,9079-yexqj,female,0,0,0,54,1,yes,fiber_optic,no,yes,yes,yes,yes,yes,month-to-month,0,electronic_check,111.1,6014.85,1
6854,9700-zclot,male,0,0,0,2,1,no,no,no_internet_service,no_internet_service,no_internet_service,no_internet_service,no_internet_service,no_internet_service,month-to-month,0,mailed_check,20.0,32.7,0
6855,8738-jokar,female,0,0,0,42,1,no,dsl,yes,yes,no,yes,no,yes,one_year,1,mailed_check,67.7,2882.25,0
6856,4534-wgcir,female,0,1,1,58,1,yes,no,no_internet_service,no_internet_service,no_internet_service,no_internet_service,no_internet_service,no_internet_service,two_year,0,credit_card_(automatic),25.15,1509.9,0
6857,1930-wnxsb,male,0,1,1,58,1,no,fiber_optic,no,yes,no,no,yes,yes,month-to-month,1,electronic_check,92.85,5305.05,0
6858,2685-sreom,female,0,1,1,25,1,yes,fiber_optic,no,no,yes,no,no,yes,month-to-month,1,electronic_check,89.1,2368.4,1
6859,3508-cfvzl,female,0,0,0,71,1,yes,fiber_optic,yes,yes,yes,yes,yes,yes,two_year,0,mailed_check,111.3,7985.9,0
6860,0402-cqajn,female,0,0,0,37,1,yes,fiber_optic,no,yes,yes,no,yes,yes,month-to-month,1,bank_transfer_(automatic),101.9,3545.35,1
6861,6692-udpjc,female,0,1,1,14,1,yes,fiber_optic,no,no,no,yes,yes,no,month-to-month,1,electronic_check,91.65,1301.0,1
6862,1273-mteti,female,1,0,0,4,1,yes,fiber_optic,no,no,yes,no,no,yes,month-to-month,1,electronic_check,88.85,372.45,1
6863,0657-dogum,female,0,1,0,48,1,yes,dsl,yes,no,no,yes,no,no,one_year,1,bank_transfer_(automatic),60.6,2985.25,0
6864,5480-hprrx,female,1,0,0,3,0,no_phone_service,dsl,no,no,no,no,no,no,month-to-month,0,electronic_check,25.3,77.75,1
6865,8792-aoroi,female,0,1,0,8,1,no,dsl,yes,no,no,yes,no,yes,two_year,0,mailed_check,65.5,564.35,0
6866,0295-pphdo,male,0,0,0,1,1,yes,fiber_optic,no,no,no,no,yes,yes,month-to-month,1,electronic_check,95.45,95.45,1
6867,5146-yyfrz,male,0,0,0,67,1,no,no,no_internet_service,no_internet_service,no_internet_service,no_internet_service,no_internet_service,no_internet_service,two_year,0,bank_transfer_(automatic),19.95,1311.75,0
6868,1195-oiyej,male,0,0,0,13,1,no,fiber_optic,no,no,no,no,yes,yes,month-to-month,1,electronic_check,91.1,1135.7,1
6869,5906-cvlhp,female,0,1,1,45,1,no,dsl,no,yes,no,yes,no,no,one_year,1,credit_card_(automatic),54.15,2319.8,1
6870,3452-srfeg,male,0,0,0,49,1,yes,fiber_optic,no,no,no,no,no,no,month-to-month,1,bank_transfer_(automatic),74.6,3720.35,0
6871,4070-okwvh,female,0,1,0,52,1,yes,fiber_optic,no,yes,yes,no,yes,no,month-to-month,0,bank_transfer_(automatic),94.6,5025.8,0
6872,5297-mdoir,female,0,1,0,63,1,no,fiber_optic,yes,no,yes,no,no,no,one_year,1,credit_card_(automatic),81.15,5224.5,0
6873,6369-mcako,female,0,1,1,68,1,yes,dsl,yes,yes,yes,yes,yes,yes,two_year,1,bank_transfer_(automatic),89.05,6185.8,0
6874,4926-umjzd,female,0,1,0,31,1,no,dsl,no,no,no,yes,no,no,month-to-month,1,mailed_check,49.2,1498.55,0
6875,6848-hjtxy,female,0,1,0,64,1,no,no,no_internet_service,no_internet_service,no_internet_service,no_internet_service,no_internet_service,no_internet_service,two_year,0,credit_card_(automatic),19.45,1208.6,0
6876,6341-aevkx,female,0,1,0,62,1,no,fiber_optic,yes,no,yes,yes,yes,yes,one_year,1,electronic_check,104.3,6613.65,0
6877,4501-eqdrn,female,0,0,0,1,1,no,fiber_optic,no,no,no,no,no,no,month-to-month,0,bank_transfer_(automatic),69.7,69.7,1
6878,2990-hwiml,female,0,0,0,6,1,no,fiber_optic,no,no,no,no,yes,yes,month-to-month,1,electronic_check,89.5,573.3,1
6879,0682-usixd,female,0,1,0,21,1,no,fiber_optic,no,no,no,yes,yes,no,month-to-month,1,electronic_check,86.05,1818.9,0
6880,6976-bwglq,female,0,1,1,72,1,yes,no,no_internet_service,no_internet_service,no_internet_service,no_internet_service,no_internet_service,no_internet_service,two_year,0,bank_transfer_(automatic),25.2,1787.35,0
6881,7078-nvfam,female,0,1,1,32,0,no_phone_service,dsl,yes,yes,no,no,no,no,month-to-month,1,electronic_check,35.15,1051.05,0
6882,8065-qbyto,female,1,0,0,71,1,yes,fiber_optic,yes,yes,no,yes,yes,no,one_year,1,credit_card_(automatic),99.65,7181.25,0
6883,2133-tsrrm,female,0,0,1,34,1,no,fiber_optic,yes,yes,yes,no,yes,yes,month-to-month,1,bank_transfer_(automatic),105.35,3688.6,0
6884,7384-ghbpi,male,0,1,0,3,0,no_phone_service,dsl,no,no,no,no,no,yes,month-to-month,1,electronic_check,35.15,99.75,1
6885,7603-ushjs,male,0,0,1,12,1,yes,fiber_optic,no,no,no,no,no,no,month-to-month,1,credit_card_(automatic),73.75,871.4,1
6886,7234-fecyn,female,1,0,0,8,1,yes,fiber_optic,no,no,yes,no,yes,yes,month-to-month,0,electronic_check,101.35,780.5,1
6887,2511-allcs,female,0,1,1,35,1,yes,no,no_internet_service,no_internet_service,no_internet_service,no_internet_service,no_internet_service,no_internet_service,two_year,0,bank_transfer_(automatic),24.3,821.6,0
6888,3191-csnmg,female,0,1,1,3,1,no,fiber_optic,no,no,no,no,yes,no,month-to-month,1,electronic_check,80.7,239.45,0
6889,7952-oboyl,male,0,0,0,3,1,no,fiber_optic,no,no,yes,yes,yes,no,month-to-month,1,mailed_check,89.85,244.45,0
6890,7470-dynoe,male,0,0,0,53,1,no,dsl,no,no,yes,no,no,yes,one_year,1,electronic_check,61.1,3357.9,0
6891,7853-oetyl,female,0,1,0,4,0,no_phone_service,dsl,yes,no,no,no,no,no,month-to-month,1,electronic_check,29.05,129.6,0
6892,1545-actas,female,0,1,1,48,1,no,fiber_optic,yes,no,yes,no,yes,yes,one_year,1,bank_transfer_(automatic),99.7,4977.2,0
6893,5876-hzvzm,female,0,1,1,6,1,no,dsl,yes,yes,no,no,no,no,month-to-month,0,credit_card_(automatic),55.9,365.35,1
6894,1400-mmyxy,male,1,1,0,3,1,yes,fiber_optic,no,yes,yes,no,yes,yes,month-to-month,1,electronic_check,105.9,334.65,1
6895,5126-rcxyw,male,0,1,1,54,0,no_phone_service,dsl,no,no,yes,yes,no,yes,two_year,0,credit_card_(automatic),46.0,2424.05,0
6896,3085-quozk,female,0,0,0,1,1,no,dsl,no,no,no,no,no,no,month-to-month,0,mailed_check,43.95,43.95,1
6897,2363-bjlsl,male,0,0,0,62,1,no,dsl,no,yes,yes,yes,yes,yes,month-to-month,1,bank_transfer_(automatic),80.4,4981.15,0
6898,1956-yifge,male,0,1,1,22,1,no,fiber_optic,no,yes,yes,no,yes,yes,one_year,1,mailed_check,100.05,2090.25,0
6899,3926-cuqzx,male,0,0,0,1,1,no,dsl,no,no,no,no,no,no,month-to-month,1,bank_transfer_(automatic),45.1,45.1,1
6900,7921-lmdfq,male,1,0,0,51,1,no,fiber_optic,no,no,yes,no,yes,yes,one_year,1,bank_transfer_(automatic),94.0,4905.75,0
6901,2925-mxlsx,female,0,0,0,30,1,yes,dsl,no,yes,yes,no,yes,no,one_year,1,credit_card_(automatic),68.95,2038.7,0
6902,5820-ptrym,female,1,1,0,56,1,yes,dsl,yes,yes,yes,yes,no,no,one_year,1,credit_card_(automatic),68.45,4014.0,0
6903,9609-benea,male,0,1,0,35,1,yes,dsl,no,yes,no,yes,yes,no,one_year,1,electronic_check,69.0,2441.7,0
6904,6211-whmya,female,1,0,0,64,0,no_phone_service,dsl,no,yes,no,yes,yes,no,month-to-month,1,electronic_check,43.85,2751.0,0
6905,4459-bbghe,male,0,0,1,30,0,no_phone_service,dsl,no,no,no,no,yes,yes,month-to-month,1,electronic_check,44.5,1307.8,0
6906,9945-psvip,female,0,1,1,25,1,no,no,no_internet_service,no_internet_service,no_internet_service,no_internet_service,no_internet_service,no_internet_service,two_year,1,mailed_check,18.7,383.65,0
6907,1041-rxhra,female,0,0,0,41,1,no,fiber_optic,no,no,no,no,no,no,month-to-month,0,bank_transfer_(automatic),70.25,2868.05,1
6908,1750-cskkm,male,0,0,1,9,1,no,dsl,no,no,no,no,yes,no,month-to-month,0,electronic_check,55.35,449.75,1
6909,9108-ejfjp,female,0,1,0,1,1,no,dsl,yes,yes,no,no,no,no,month-to-month,1,mailed_check,53.55,53.55,0
6910,0530-ijvdb,male,0,0,1,70,1,yes,fiber_optic,yes,yes,yes,yes,yes,yes,two_year,1,electronic_check,114.6,7882.5,0
6911,0508-sqwpl,female,0,1,1,57,1,no,no,no_internet_service,no_internet_service,no_internet_service,no_internet_service,no_internet_service,no_internet_service,two_year,1,bank_transfer_(automatic),20.1,1087.7,0
6912,2215-zafgx,male,0,0,0,9,1,yes,fiber_optic,no,no,no,no,yes,no,month-to-month,1,electronic_check,85.5,791.7,0
6913,8213-tazpm,female,0,1,1,69,1,yes,fiber_optic,no,yes,yes,yes,yes,yes,one_year,1,bank_transfer_(automatic),108.75,7493.05,0
6914,7142-hvgbg,male,1,1,0,43,1,yes,fiber_optic,no,yes,yes,no,yes,yes,month-to-month,1,electronic_check,103.0,4414.3,1
6915,1304-segfy,female,0,1,0,72,1,yes,fiber_optic,no,no,yes,no,yes,yes,two_year,1,electronic_check,97.85,6841.3,0
6916,7242-edtyc,male,0,0,1,44,1,no,no,no_internet_service,no_internet_service,no_internet_service,no_internet_service,no_internet_service,no_internet_service,two_year,0,bank_transfer_(automatic),19.55,819.95,0
6917,2904-gguaz,female,0,1,0,72,1,yes,fiber_optic,yes,yes,no,no,no,no,two_year,1,bank_transfer_(automatic),84.05,6052.25,0
6918,8267-znyvz,female,0,1,0,33,1,no,fiber_optic,yes,no,yes,yes,yes,yes,one_year,1,electronic_check,103.75,3361.05,1
6919,5136-gfpmb,male,0,0,0,54,1,yes,fiber_optic,no,no,yes,no,no,yes,month-to-month,0,credit_card_(automatic),89.4,4869.5,0
6920,2595-kiwpv,male,0,0,1,27,1,no,no,no_internet_service,no_internet_service,no_internet_service,no_internet_service,no_internet_service,no_internet_service,two_year,0,credit_card_(automatic),19.7,509.3,0
6921,5243-saotc,male,0,0,0,54,1,yes,fiber_optic,no,yes,no,no,no,no,month-to-month,1,bank_transfer_(automatic),79.85,4308.25,0
6922,9398-mmqto,male,0,0,0,3,1,no,fiber_optic,no,yes,no,no,no,no,month-to-month,0,credit_card_(automatic),74.45,221.1,0
6923,7619-plrlp,female,0,1,0,53,1,yes,dsl,yes,yes,yes,no,no,yes,one_year,0,bank_transfer_(automatic),74.1,3833.95,0
6924,6457-girwb,male,0,0,0,1,1,no,fiber_optic,no,no,no,no,no,no,month-to-month,1,electronic_check,69.35,69.35,1
6925,6508-njyro,male,0,1,0,15,1,no,no,no_internet_service,no_internet_service,no_internet_service,no_internet_service,no_internet_service,no_internet_service,one_year,0,mailed_check,18.8,294.95,0
6926,1450-skcvi,female,0,0,0,56,1,no,fiber_optic,no,yes,no,no,no,no,month-to-month,1,electronic_check,73.85,4092.85,1
6927,4710-nkcaw,male,0,1,1,5,1,yes,dsl,yes,yes,no,yes,no,no,month-to-month,0,credit_card_(automatic),64.4,316.9,0
6928,5306-bvtkj,male,0,1,1,48,1,no,dsl,no,yes,yes,no,no,no,one_year,1,credit_card_(automatic),55.8,2651.2,0
6929,0357-nvcri,female,0,0,1,25,1,no,no,no_internet_service,no_internet_service,no_internet_service,no_internet_service,no_internet_service,no_internet_service,month-to-month,0,credit_card_(automatic),20.05,471.7,0
6930,5570-ptweh,female,0,1,0,3,1,yes,fiber_optic,no,no,no,no,no,no,month-to-month,1,credit_card_(automatic),75.15,216.75,1
6931,2371-kfuog,male,0,0,0,58,1,no,fiber_optic,yes,yes,no,no,yes,yes,one_year,0,bank_transfer_(automatic),99.15,5720.95,0
6932,0463-zsdnt,male,0,0,0,10,1,no,dsl,no,no,no,no,no,yes,month-to-month,1,bank_transfer_(automatic),56.75,503.25,0
6933,6502-mjqae,male,0,0,0,1,1,no,fiber_optic,no,no,no,no,no,no,month-to-month,1,electronic_check,69.6,69.6,1
6934,6257-dtayd,male,0,1,0,71,1,yes,fiber_optic,no,yes,no,yes,yes,yes,two_year,1,credit_card_(automatic),104.15,7365.3,0
6935,4616-ulaoa,female,0,1,1,65,1,yes,fiber_optic,no,yes,yes,yes,yes,yes,two_year,1,credit_card_(automatic),110.8,7245.9,0
6936,7693-lckzl,male,0,1,1,5,1,yes,fiber_optic,no,yes,no,no,no,no,month-to-month,1,electronic_check,80.15,385.0,1
6937,7746-awnqw,female,0,0,0,28,0,no_phone_service,dsl,no,no,yes,yes,no,no,month-to-month,1,mailed_check,35.75,961.4,0
6938,5996-ebtkm,female,0,1,1,67,1,yes,dsl,no,no,yes,yes,no,yes,two_year,1,bank_transfer_(automatic),69.9,4615.9,0
6939,2758-rnwxs,male,0,0,0,35,1,no,fiber_optic,yes,no,no,yes,no,yes,one_year,1,electronic_check,89.2,3251.3,0
6940,2314-tndjq,female,0,1,1,72,0,no_phone_service,dsl,yes,yes,yes,yes,no,yes,two_year,0,credit_card_(automatic),55.65,3880.05,0
6941,2405-lbmuw,female,0,1,1,61,0,no_phone_service,dsl,yes,yes,no,yes,no,yes,one_year,1,bank_transfer_(automatic),50.7,3088.75,0
6942,3454-jfubc,male,1,0,0,68,1,no,no,no_internet_service,no_internet_service,no_internet_service,no_internet_service,no_internet_service,no_internet_service,two_year,1,credit_card_(automatic),20.0,1396.0,0
6943,0032-pgels,female,0,1,1,1,0,no_phone_service,dsl,yes,no,no,no,no,no,month-to-month,0,bank_transfer_(automatic),30.5,30.5,1
6944,9039-zvjdc,male,0,0,0,3,1,no,no,no_internet_service,no_internet_service,no_internet_service,no_internet_service,no_internet_service,no_internet_service,month-to-month,1,mailed_check,19.1,53.05,0
6945,6797-lnaqx,male,0,1,1,70,1,yes,fiber_optic,no,yes,no,no,yes,yes,two_year,0,bank_transfer_(automatic),98.3,6859.5,1
6946,9013-aqorl,female,0,0,1,48,0,no_phone_service,dsl,no,yes,yes,no,no,yes,month-to-month,0,credit_card_(automatic),45.55,2108.35,0
6947,2898-mrkpi,male,0,1,1,68,1,yes,fiber_optic,no,yes,no,no,yes,yes,one_year,1,credit_card_(automatic),101.05,6770.5,0
6948,2750-bjlsb,female,0,0,0,47,1,no,fiber_optic,yes,no,yes,yes,yes,yes,one_year,1,electronic_check,103.7,4730.6,0
6949,3648-gzphf,male,0,1,1,32,0,no_phone_service,dsl,no,no,yes,yes,no,no,one_year,1,mailed_check,36.25,1151.05,0
6950,2075-rmjik,female,0,1,1,5,1,no,dsl,yes,no,no,no,no,no,month-to-month,1,mailed_check,49.4,232.55,0
6951,9588-yrfhy,male,0,0,0,49,1,no,no,no_internet_service,no_internet_service,no_internet_service,no_internet_service,no_internet_service,no_internet_service,two_year,1,credit_card_(automatic),19.9,1022.6,0
6952,6394-mfyng,female,0,0,0,48,1,yes,fiber_optic,no,yes,yes,no,yes,yes,month-to-month,1,bank_transfer_(automatic),107.4,5121.3,1
6953,1564-ntyxf,female,1,0,0,13,1,yes,fiber_optic,no,no,no,no,no,yes,month-to-month,1,electronic_check,82.0,1127.2,1
6954,9364-ykuvw,male,0,0,0,15,1,no,no,no_internet_service,no_internet_service,no_internet_service,no_internet_service,no_internet_service,no_internet_service,month-to-month,1,mailed_check,19.8,309.4,0
6955,5392-akemh,female,0,0,0,12,1,no,dsl,no,no,no,no,no,no,month-to-month,1,electronic_check,45.05,523.1,0
6956,2451-ymuxs,male,1,0,0,67,1,yes,dsl,yes,yes,no,yes,no,no,two_year,1,bank_transfer_(automatic),64.55,4250.1,0
6957,3914-fdrhp,male,0,0,0,9,1,no,fiber_optic,no,no,no,yes,yes,no,month-to-month,0,electronic_check,86.25,770.5,0
6958,3078-zknts,female,0,1,1,13,1,no,no,no_internet_service,no_internet_service,no_internet_service,no_internet_service,no_internet_service,no_internet_service,two_year,1,bank_transfer_(automatic),19.75,246.7,0
6959,1024-kprbb,female,0,0,0,38,1,no,fiber_optic,no,no,no,no,yes,yes,one_year,1,mailed_check,89.1,3342.0,0
6960,4690-pkdqg,female,1,1,0,42,1,yes,fiber_optic,no,yes,yes,no,yes,no,month-to-month,1,electronic_check,95.55,3930.6,0
6961,8155-ibnhg,female,0,1,0,24,1,yes,fiber_optic,no,no,no,no,no,no,month-to-month,1,credit_card_(automatic),75.4,1747.85,1
6962,0886-qgenl,female,1,1,0,27,1,no,fiber_optic,yes,no,yes,no,yes,yes,month-to-month,1,electronic_check,101.25,2754.45,1
6963,9547-itefg,male,0,1,1,9,1,yes,fiber_optic,no,yes,yes,no,yes,yes,month-to-month,1,credit_card_(automatic),102.6,897.75,0
6964,1264-fuhcx,female,0,1,0,49,0,no_phone_service,dsl,no,yes,no,yes,yes,yes,one_year,1,credit_card_(automatic),56.3,2780.6,0
6965,7789-cruvc,female,1,1,0,61,1,yes,fiber_optic,yes,yes,yes,yes,no,no,month-to-month,1,credit_card_(automatic),94.2,5895.45,0
6966,6598-kelss,male,0,0,1,50,0,no_phone_service,dsl,yes,yes,no,no,yes,no,one_year,1,bank_transfer_(automatic),43.05,2208.05,0
6967,8739-wwkdu,male,1,0,0,25,1,yes,fiber_optic,no,yes,no,no,yes,no,month-to-month,1,electronic_check,89.5,2196.15,1
6968,8685-whqpw,female,1,0,0,22,1,yes,fiber_optic,no,no,no,no,no,no,month-to-month,1,bank_transfer_(automatic),74.4,1692.6,1
6969,4745-lsplo,male,0,0,0,1,1,no,no,no_internet_service,no_internet_service,no_internet_service,no_internet_service,no_internet_service,no_internet_service,month-to-month,0,mailed_check,20.5,20.5,1
6970,8083-ytzes,male,0,0,0,4,1,yes,fiber_optic,no,no,no,no,no,no,month-to-month,1,electronic_check,74.35,265.35,1
6971,7240-fqlhe,female,1,1,0,18,1,yes,fiber_optic,no,no,no,yes,yes,yes,month-to-month,0,bank_transfer_(automatic),99.75,1836.25,1
6972,6664-fpdac,female,1,0,0,56,1,yes,fiber_optic,no,yes,yes,yes,yes,yes,one_year,1,electronic_check,111.95,6418.9,1
6973,9972-vafjj,female,1,1,0,53,1,no,fiber_optic,no,yes,yes,yes,yes,no,one_year,1,electronic_check,94.0,4871.45,0
6974,0422-uxfap,female,0,1,0,51,1,yes,fiber_optic,no,no,yes,no,yes,yes,one_year,1,electronic_check,98.85,4947.55,0
6975,1904-wajaa,female,0,1,1,24,1,yes,dsl,yes,yes,yes,no,no,no,two_year,0,electronic_check,64.35,1558.65,0
6976,5130-ypirv,female,0,1,0,62,1,no,dsl,yes,yes,yes,no,yes,no,two_year,1,credit_card_(automatic),72.0,4284.2,0
6977,2843-cqmeg,male,0,0,0,24,1,no,dsl,no,yes,no,no,no,no,month-to-month,1,mailed_check,49.7,1218.25,0
6978,6439-pktrr,female,0,1,1,70,1,yes,dsl,yes,yes,yes,yes,yes,no,two_year,0,electronic_check,80.7,5617.95,0
6979,5351-qesio,male,0,0,1,1,0,no_phone_service,dsl,no,no,no,no,no,no,month-to-month,0,mailed_check,24.2,24.2,0
6980,0786-vssud,male,1,0,0,16,0,no_phone_service,dsl,no,yes,no,no,yes,no,month-to-month,1,mailed_check,39.0,679.85,1
6981,5568-dmxzs,female,0,0,0,8,1,no,dsl,no,yes,no,yes,yes,no,month-to-month,1,electronic_check,65.45,554.45,0
6982,8468-fztoe,female,0,1,1,72,1,no,dsl,yes,yes,yes,yes,no,yes,two_year,1,electronic_check,74.35,5237.4,0
6983,6633-syeus,female,0,0,0,23,1,no,fiber_optic,no,yes,yes,yes,no,no,month-to-month,0,bank_transfer_(automatic),83.2,2032.3,0
6984,6447-gorxk,male,0,0,1,31,0,no_phone_service,dsl,no,no,no,no,no,no,month-to-month,0,credit_card_(automatic),25.0,789.2,0
6985,6967-pejll,male,0,1,1,37,0,no_phone_service,dsl,yes,no,yes,yes,no,no,one_year,1,electronic_check,40.2,1525.35,0
6986,3976-bwuck,female,0,1,0,30,1,yes,fiber_optic,no,yes,no,yes,yes,no,month-to-month,1,credit_card_(automatic),94.1,2804.45,1
6987,5981-zvxot,female,1,0,0,35,1,yes,fiber_optic,yes,yes,yes,no,yes,yes,one_year,1,electronic_check,108.35,3726.15,0
6988,1684-flbgs,female,0,1,1,23,1,yes,dsl,no,yes,no,yes,yes,no,month-to-month,1,credit_card_(automatic),69.5,1652.1,0
6989,1389-wnuib,female,0,1,1,20,1,yes,dsl,yes,no,no,no,yes,yes,one_year,0,bank_transfer_(automatic),76.0,1588.75,0
6990,0376-oiwme,male,0,1,0,36,1,no,fiber_optic,yes,no,no,no,yes,yes,month-to-month,1,electronic_check,93.6,3366.05,0
6991,3585-isxzp,female,0,0,0,8,1,yes,fiber_optic,no,no,no,no,yes,yes,month-to-month,0,bank_transfer_(automatic),95.65,778.1,1
6992,0218-qnvas,male,0,1,1,71,1,yes,fiber_optic,no,yes,no,no,yes,yes,one_year,0,bank_transfer_(automatic),100.55,7113.75,0
6993,6583-qgcsi,female,1,1,0,50,1,yes,fiber_optic,no,yes,no,no,yes,no,month-to-month,1,electronic_check,88.05,4367.35,1
6994,0804-ygeqv,female,0,1,1,43,1,yes,no,no_internet_service,no_internet_service,no_internet_service,no_internet_service,no_internet_service,no_internet_service,one_year,1,bank_transfer_(automatic),24.45,993.15,0
6995,7164-bptut,male,0,0,1,57,1,yes,dsl,yes,yes,yes,yes,yes,yes,two_year,0,mailed_check,89.55,5012.35,0
6996,4174-lpgti,female,0,1,1,41,1,no,dsl,no,yes,no,yes,no,yes,one_year,1,bank_transfer_(automatic),66.5,2728.6,1
6997,2523-ewwzl,female,0,1,0,27,1,no,fiber_optic,no,yes,no,no,no,no,month-to-month,1,electronic_check,76.1,2093.4,0
6998,0928-xutsn,female,0,0,0,13,1,no,fiber_optic,no,no,no,no,no,yes,month-to-month,1,electronic_check,80.5,1011.8,0
6999,2108-xwmpy,male,0,0,0,3,0,no_phone_service,dsl,yes,yes,no,no,no,no,month-to-month,1,mailed_check,35.45,106.85,1
7000,0052-ynyot,female,0,0,0,67,1,no,no,no_internet_service,no_internet_service,no_internet_service,no_internet_service,no_internet_service,no_internet_service,one_year,0,electronic_check,20.55,1343.4,0
7001,6304-ijfsq,male,0,0,0,3,1,no,dsl,no,yes,no,no,no,no,month-to-month,1,mailed_check,49.9,130.1,1
7002,9586-jgqkh,female,0,1,0,64,1,yes,fiber_optic,no,yes,no,yes,yes,yes,two_year,1,bank_transfer_(automatic),105.4,6794.75,0
7003,4501-vcpfk,male,0,0,0,26,0,no_phone_service,dsl,no,no,yes,yes,no,no,month-to-month,0,electronic_check,35.75,1022.5,0
7004,6075-slnil,male,0,0,0,38,1,yes,fiber_optic,no,yes,yes,no,no,yes,month-to-month,1,credit_card_(automatic),95.1,3691.2,0
7005,9347-aerrl,male,0,1,0,23,1,no,no,no_internet_service,no_internet_service,no_internet_service,no_internet_service,no_internet_service,no_internet_service,one_year,0,credit_card_(automatic),19.3,486.2,0
7006,0093-xwzfy,male,0,0,0,40,1,yes,fiber_optic,no,yes,yes,no,yes,yes,month-to-month,1,credit_card_(automatic),104.5,4036.85,1
7007,2274-xuata,male,1,1,0,72,0,no_phone_service,dsl,yes,yes,yes,yes,yes,yes,two_year,1,bank_transfer_(automatic),63.1,4685.55,0
7008,1980-kxvpm,female,1,0,0,3,1,yes,fiber_optic,no,no,no,no,no,no,month-to-month,1,credit_card_(automatic),75.05,256.25,1
7009,7703-zekef,male,0,0,0,23,1,yes,fiber_optic,no,no,yes,no,no,no,month-to-month,1,electronic_check,81.0,1917.1,1
7010,0723-drclg,female,1,1,0,1,1,yes,fiber_optic,no,no,no,no,no,no,month-to-month,1,electronic_check,74.45,74.45,1
7011,5482-nupna,female,0,0,0,4,1,no,dsl,yes,yes,no,yes,no,no,month-to-month,1,mailed_check,60.4,272.15,1
7012,6691-cciha,female,0,1,0,62,1,yes,dsl,yes,yes,no,yes,yes,yes,two_year,1,electronic_check,84.95,5150.55,0
7013,1685-bqula,female,0,0,0,40,1,yes,fiber_optic,no,yes,yes,no,yes,no,month-to-month,1,bank_transfer_(automatic),93.4,3756.4,0
7014,9053-ejunl,male,0,0,0,41,1,yes,fiber_optic,no,yes,no,no,yes,no,month-to-month,1,electronic_check,89.2,3645.75,0
7015,0666-uxtjo,male,1,1,0,34,1,no,fiber_optic,no,no,yes,no,yes,no,month-to-month,1,credit_card_(automatic),85.2,2874.45,0
7016,1471-giqkq,female,0,0,0,1,1,no,dsl,no,yes,no,no,no,no,month-to-month,0,electronic_check,49.95,49.95,0
7017,4807-izyoz,female,0,0,0,51,1,no,no,no_internet_service,no_internet_service,no_internet_service,no_internet_service,no_internet_service,no_internet_service,two_year,0,bank_transfer_(automatic),20.65,1020.75,0
7018,1122-jwtjw,male,0,1,1,1,1,no,fiber_optic,no,no,no,no,no,no,month-to-month,1,mailed_check,70.65,70.65,1
7019,9710-njern,female,0,0,0,39,1,no,no,no_internet_service,no_internet_service,no_internet_service,no_internet_service,no_internet_service,no_internet_service,two_year,0,mailed_check,20.15,826.0,0
7020,9837-fwlch,male,0,1,1,12,1,no,no,no_internet_service,no_internet_service,no_internet_service,no_internet_service,no_internet_service,no_internet_service,month-to-month,1,electronic_check,19.2,239.0,0
7021,1699-hpsbg,male,0,0,0,12,1,no,dsl,no,no,no,yes,yes,no,one_year,1,electronic_check,59.8,727.8,1
7022,7203-oykct,male,0,0,0,72,1,yes,fiber_optic,no,yes,yes,no,yes,yes,one_year,1,electronic_check,104.95,7544.3,0
7023,1035-ipqpu,female,1,1,0,63,1,yes,fiber_optic,no,yes,yes,no,yes,yes,month-to-month,1,electronic_check,103.5,6479.4,0
7024,7398-lxgyx,male,0,1,0,44,1,yes,fiber_optic,yes,no,yes,no,no,no,month-to-month,1,credit_card_(automatic),84.8,3626.35,0
7025,2823-lkabh,female,0,0,0,18,1,yes,fiber_optic,no,no,yes,yes,no,yes,month-to-month,1,bank_transfer_(automatic),95.05,1679.4,0
7026,8775-cebbj,female,0,0,0,9,1,no,dsl,no,no,no,no,no,no,month-to-month,1,bank_transfer_(automatic),44.2,403.35,1
7027,0550-dcxlh,male,0,0,0,13,1,no,dsl,no,yes,no,yes,yes,yes,month-to-month,0,mailed_check,73.35,931.55,0
7028,9281-cedru,female,0,1,0,68,1,no,dsl,no,yes,no,yes,yes,no,two_year,0,bank_transfer_(automatic),64.1,4326.25,0
7029,2235-dwlju,female,1,0,0,6,0,no_phone_service,dsl,no,no,no,no,yes,yes,month-to-month,1,electronic_check,44.4,263.05,0
7030,0871-opbxw,female,0,0,0,2,1,no,no,no_internet_service,no_internet_service,no_internet_service,no_internet_service,no_internet_service,no_internet_service,month-to-month,1,mailed_check,20.05,39.25,0
7031,3605-jiskb,male,1,1,0,55,1,yes,dsl,yes,yes,no,no,no,no,one_year,0,credit_card_(automatic),60.0,3316.1,0
7032,6894-lfhly,male,1,0,0,1,1,yes,fiber_optic,no,no,no,no,no,no,month-to-month,1,electronic_check,75.75,75.75,1
7033,9767-fflem,male,0,0,0,38,1,no,fiber_optic,no,no,no,no,no,no,month-to-month,1,credit_card_(automatic),69.5,2625.25,0
7034,0639-tsiqw,female,0,0,0,67,1,yes,fiber_optic,yes,yes,yes,no,yes,no,month-to-month,1,credit_card_(automatic),102.95,6886.25,1
7035,8456-qdavc,male,0,0,0,19,1,no,fiber_optic,no,no,no,no,yes,no,month-to-month,1,bank_transfer_(automatic),78.7,1495.1,0
7036,7750-eyxwz,female,0,0,0,12,0,no_phone_service,dsl,no,yes,yes,yes,yes,yes,one_year,0,electronic_check,60.65,743.3,0
7037,2569-wgero,female,0,0,0,72,1,no,no,no_internet_service,no_internet_service,no_internet_service,no_internet_service,no_internet_service,no_internet_service,two_year,1,bank_transfer_(automatic),21.15,1419.4,0
7038,6840-resvb,male,0,1,1,24,1,yes,dsl,yes,no,yes,yes,yes,yes,one_year,1,mailed_check,84.8,1990.5,0
7039,2234-xaduh,female,0,1,1,72,1,yes,fiber_optic,no,yes,yes,no,yes,yes,one_year,1,credit_card_(automatic),103.2,7362.9,0
7040,4801-jzazl,female,0,1,1,11,0,no_phone_service,dsl,yes,no,no,no,no,no,month-to-month,1,electronic_check,29.6,346.45,0
7041,8361-ltmkd,male,1,1,0,4,1,yes,fiber_optic,no,no,no,no,no,no,month-to-month,1,mailed_check,74.4,306.6,1
7042,3186-ajiek,male,0,0,0,66,1,no,fiber_optic,yes,no,yes,yes,yes,yes,two_year,1,bank_transfer_(automatic),105.65,6844.5,0
